:200000000040002029E4000001C9011001C9011001C9011001C9011001C9011001C9011051
:1C00200001C9011001C9011001C9011001C9011001C9011001C901103FC9011089
:20003C002DE9F04FD54D291D2846ADF1340D0DF077FE05F124060021304600F0FBFBD3496F
:20005C0005F1500441F2883201232046AE600EF05BF80FF00DFE4FF0804000210DF0ECF958
:20007C00DFF82CA307210022CDA3CAF800000FF0C0FDD24F10201F220623394605F038FA25
:20009C00002050214FF4487283468DF82D00CC4EADF82210D846ADF824204FF47A70ADF871
:2000BC0026B01121A6F80E8005F13E02ADF828004FF4427003F074FB40F20730072105F10F
:2000DC00140203F06DFB4FF4447001210DF12D0203F066FB40F2113002210DF1220203F04E
:2000FC005FFB40F21230022109AA03F059FB40F2133002210DF1260203F052FB4FF4457003
:20011C0002210AAA03F04CFB05F1300042460E23C1490090102005F0EBF939461020062259
:20013C00A02305F0E5F9394610200722A02305F0DFF9394610200822A02305F0D9F93946C3
:20015C0010200922A02305F0D3F901208DF82E008DF82F00C64C8DF830B003468DF832B0F5
:20017C004FF480621F4621468DF8317010200DF12E07009705F0BCF90DF12F0040F2024205
:20019C00012300902146102005F0B2F90CA840F20342012300902146102005F0A9F90DF14D
:2001BC00310040F20642012300902146102005F09FF90DF132004FF483620123009021462D
:2001DC00102005F095F9C74910204FF0FF3205F08FF9C54910204FF0FF3205F089F9C34FEC
:2001FC00102013230090C34AC149019705F080F9C14FC24B0A21102207F134000FF01EFC11
:20021C00BF4CB7A0E0602061201DB860CB4884F80880424684F80980434684F80A80C94905
:20023C0084F80B800DF070FFDFF81C93C74B0D21102209F10C000FF001FCC548C9F8040063
:20025C0007F0EAFF304643783078BBB9324605F10C0111620FF042FB37460246CDF800B0F1
:20027C0030464430C849019007F15400029006F11C000390BB78102005F03AF9C34905F1C5
:20029C001C02102005F034F928780FF027FBC0490246102005F02CF928780FF01FFBBD49B7
:2002BC000246102005F024F9BB49102005F020F95046006841464246AFA30FF09AFC01263B
:2002DC00CA466868B54A41464FF0FF3300F0B6FA83460028F5D0404606900BA906AA08A8A5
:2002FC000FF0C0F8002840F09180BDF82010B146102940F0848028789DF82C1088427ED1EF
:20031C00069F38884FF6FF71814278D03B78913B40D01F3B73D17878162818BF404605D10E
:20033C0048460FF031FDC44948460F602B6988B91748397900687E2904D07F2917D13989C1
:20035C00C0A301E0397AC3A30091424605210FF050FC0CE0A3B94FF6FD70C649C64A0090F1
:20037C004346102005F0C4F82B69C2B242B139790837384600F066FA41E0C04608020020EC
:20039C0043F00203C1462B6139E0C046510B01002011002078780E3814D0801E2BD02EE0E8
:2003BC003E3E3E4C4F4747455220494E495449414C495A45443C3C3C00C046C015F30000CF
:2003DC00980D0020B88842F20301814217D1B9680F78A7B9491C04A80A684968026004AFC8
:2003FC0041603878C24904AA00F0FD003870102005F07EF803E00820414605F057FC06982F
:20041C0020B1B9F1000F01D010F0B8FD5FEADB70C0F0A881A0E1C046B9BC0000AF683846B2
:20043C0000F014FA874208BF474602D087680CF0B5FE381C00F09081C34938882A690968F0
:20045C00401E8C4600F08281401E00F02081801E00F0E180001F00F0CC80083800F0A080D4
:20047C0010384FD0203805D0403800F0648170E15D3F0000D7F8049099F800004246BEA3B5
:20049C000721009060460FF0B4FB99F80100AE4B0090186808214246BAA30FF0AAFB99F856
:2004BC0000000D2840F0A18023785BB9304609F067FF30460EF0FAFDAE4841F288310EF0CB
:2004DC00F9FC92E01D4800F0C5F940460EF0EEFD0EF00AFC0CF0D0FD84F8008085E0C046E3
:2004FC0000C046C045FF0000CD010100FC30010059FA0000F40A0020F01200205C2D0100BD
:20051C00941600209048D0F804C09AF80010BAF80220DAF80830B87848B3401E1AD0401E40
:20053C000ED0401E40F015819AF8011003208DF810008DF833100DF1330011E0BC16002066
:20055C000220F4E7F10B010014120020702B01005C050020ADF82A208DF810600DF12A0016
:20057C00059004A94246604600F078F9F1E0079307A88DF81080F3E746393120536D617222
:20059C00742057617463680003E600009D0401005188011031810110C5AB0010010000C03B
:2005BC00900822D324480368FBB15888197908331A4600F057F98146B9F1160F04D0B9F1AE
:2005DC00040F01D00FF0E0FB2B69B9F1000F0CD133F002032B6108D12649274A4FF6FD70F8
:2005FC0033460090102004F083FF78680CF0D6FDAFE0786803783BB186480090424664A3BE
:20061C00084604210FF0F5FA8248874B009080491A8A4346E6E77968BB780878002B2DD0B2
:20063C00012B1FD0022B09D0032B2ED1002808BF5BA324D05FA31AE09426002028BB63A3B0
:20065C001DE0C0464D54552053697A653A20256400C046C046432056696F6C617465643A06
:20067C0020256400002808BF5CA308D05FA3009005E0C046F1D80000C706010060A3604632
:20069C00022142460FF0B5FA79680846AEE76749B8788A884B8820B1401E2BD0401E1AD0EA
:2006BC0057E008460078410834BF84F808802672810834BF84F809806672C10834BF84F8B8
:2006DC000A80A672000934BF84F80B80E672304609F056FE3DE0524850490AF019FA504849
:2006FC00267020610EF000FB216902200EE0C04695B400104A484B491A460AF009FA4848C2
:20071C002670E0600EF0F0FAE168304605F038FE184800F09FF80CF0AFFC30460EF0C6FC51
:20073C00434841F288310EF0C5FB3D48414614220BF0B2FC0DE040460EF0B8FC0EF0D4FA8C
:20075C000CF09AFC05E0C04620110020B87800F051FB38460CF022FDA86800F087F8002803
:20077C003FF45CAE5FEA5B00FFF4ABAD2A4800F081F8A6E5D4140020425554544F4E3A208D
:20079C00256400C053544154453A20256400C04650617373636F64653A20256400C046C0AF
:2007BC00426F6E642073617665207375636365737300C046426F6E64207361766520666173
:2007DC00696C65643A20256400C046C0426F6E64696E672073756363657373005061697250
:2007FC00696E6720737563636573730050616972696E67206661696C3A20256400C046C057
:20081C0050616972696E67207374617274656400E5F4000040E20100580200201013002022
:20083C00A8160020FC120020980D0020F0120020BC160020DFF800F0A1B60110DFF800F0C1
:20085C00F99B0110DFF800F089840110DFF800F019BD0110DFF800F0B9BA0110DFF800F032
:20087C00EDA00110DFF800F0DDFE0010DFF800F04FBF0110DFF800F01FBE01102DE9F04F1C
:20089C00D04C04F118012046ADF1340D0DF048FAD24D002604F1A40A4FF6FF7001236670F8
:2008BC0032462082294650460DF02EFCCC480223324629460DF028FCCF4804233246294670
:2008DC000DF022FC04F14408042010223146A07040460BF0E1FB04F15409102248463146DD
:2008FC000BF0DAFB04F11C073E6004F10A052E7007206072DFF80CB3E67102222672594673
:20091C0010200346CDF8008004F0F2FD102003225946CDF80090034604F0EAFD0422102057
:20093C0059460097134604F0E3FD4FF0080A4FF003094FF0010B05F12A00079005F179002B
:20095C00089005F11E00099005F15A000A9024350B9517E06078A28FE18FB4F84050B4F8FB
:20097C00423006280ED1ADF80A20ADF80C10ADF80E509B48ADF81030FFF76CFF584602A9D7
:20099C000BF040F8A069B64A31464FF0FF33FFF755FF071CF6D0059606A80DF11A0105AAD3
:2009BC000EF060FD002840F0C181BDF818102078102940F0B7819DF81A10884240F0B28124
:2009DC00059D29884FF6FF728A4200F0A0812B78A23B00F083812E3B40F0A481A978B046CC
:2009FC00002900F03F81891E00F00E81491E012940F2D680891E00F09A80491E6ED0491E06
:200A1C005BD0083900F05A81891E40F05D8194F83A10A8880529ADF8080046D070488DF89A
:200A3C0012B010F0FFFA94F83A0001281ED004281CD003280DD002280BD00598C188ADF852
:200A5C000A100189ADF80C104189ADF80E10818927E0A18FE08FADF80A10B4F84020ADF868
:200A7C000C00B4F84210ADF80E201AE0A08FE9888842D8BF081CADF80A002989E08F8842C4
:200A9C00D8BF081CADF80C006989B4F840008842D8BF081CADF80E00A989B4F842008842CE
:200ABC0000DC0846ADF8100001E08DF81260AB49102002AA04F01CFD06E14F4810F0B2FA5C
:200ADC006B78002B40F00081E88860822889A0826889E082424810F075F8F5E0AA88B649C6
:200AFC00102004F005FD0798414606220BF0D4FA6682A682E682A8792073394810F092FA64
:200B1C003D4810F08FFAD8464FF6FF702379208253B9A879082814BF042005206070A06949
:200B3C00594600F063F9CFE084F80190CCE06B787BBB291D0A680798026089888180062339
:200B5C00637068892082E8896082288AA082688A94F83A10E082E8780129E07218BF0229E4
:200B7C000BD19B4910201F2204F0C2FC4FF47A7180B241431A480EF09DF9688904230090F4
:200B9C0092490193EA7810202D1D2B4604F0B0FC9DE06878312840F08E80E67004202EE061
:200BBC006B78002B40F08780A878E1896278032818D0E078257939B9012814BF2671E6708C
:200BDC0008E0C046980D0020054303D081480EF071F96278072AE1D1062010E0510C0100C9
:200BFC00600E0020062A09D0E578002D08BF84F801906CD0022002E0840E002007206070FB
:200C1C0065E0C046610401006B78002B53D1EB7861789BB902291ED007291CD0062902D10E
:200C3C002079012817D1032915D06A480FF0CAFF88B9A069594600F0D9F80CE00EF04EFE83
:200C5C000246A07960490090089843460190102004F04EFC68706D78002D2CD134E0C046B5
:200C7C00070000806B7833BB5B485649009002221020034604F03CFC58484A46514900900B
:200C9C001020034604F034FCED1C296809980160A9888180207884F801B00EF01FFE0246A5
:200CBC005B460A9D6079484900901020019504F01FFCC0B258B184F801A008E0AA884049C6
:200CDC001020052304F014FCB8F1010F2AD1256A45B3296831B36078884723E06879132826
:200CFC0020D12889012808D1607B022805D13E48FFF7B0FD0EF000FC14E03549102005226D
:200D1C0004F0F6FB81B238480EF0D4F80AE06888C00B07D3324804222A49009013461020AA
:200D3C0004F0E6FB059808B110F028F92579E07879082ED355EA00032BD0204600787DB982
:200D5C00E279217A8DF808200B9D8DF809102B680DF10A010B60AA888A8003E0051601103C
:200D7C008DF80890627A8DF81020A17A8DF811100EF0B4FD1149024602AB102004F0B8FB13
:200D9C0038B1256A84F801A01DB1296809B150468847B80803D3134930460AF033FEF80891
:200DBC00FFF4F0AD607B401E3FF4D4AD401E7FF4E9AD0EF0A1FBE5E5D5C400005944011088
:200DDC00C11701104185000009450110518E0000D10701003C0E0020DC0D0020EC0D0020A5
:200DFC00B40D0020D20D0020840E0020DFF800F055A40110F0B5744C774E2568401EADF1C1
:200E1C002C0D6FD0401E6AA76AD07049801E51D0401E40D0401E04D0401E35D0401E31D0BB
:200E3C002CE00846FFF726FD6949102004F060FB6849C5B201AB10206A1E04F059FB48B91D
:200E5C00009520680221002247A30EF0D2FE0DF106000DE00C363046016806AF39608088F4
:200E7C00B8802068002244A302210EF0C2FE384625680CF0A5FF0321034607E0284602211C
:200E9C00002214E03FA300E040A30221284600220EF0AFFE66E014200EF076FF2068022185
:200EBC00002240A30EF0A5FE2068032105220FF063FF57E0012508468DF8295010F0B2F8E9
:200EDC0014200EF061FF2068032105220FF054FF40F205300DF12902294602F061FC256864
:200EFC003B46D2E731460A6808A802608988818000268DF808609DF824708DF807609DF8D2
:200F1C0021108DF80A709DF825308DF805109DF822208DF80B309DF820008DF806209DF875
:200F3C0023108DF8040001AF8DF809102B49786848603A680A6008A80CF042FF034601212B
:200F5C00324628460EF055FE206802211BA332460EF04FFE012140F205300AAA8DF8281018
:200F7C0002F01EFC0BB0F0BD4E756D20436F6E6E733A20256400C046436F6E6E6563746578
:200F9C006400C0464572726F7200C046436F6E6E6563746564204164766572746973696EEF
:200FBC006700C04654696D6564204F757400C0464164766572746973696E6700496E697443
:200FDC0069616C697A6564002011002058020020F17F0110097F0110C00D00205F0A0020B8
:040FFC0030BF70474B
:20100000B41200001810000051DA0000FDB301106DC00110FDAE011099B50110000000009D
:08102000000000003000000098
:20102800B01200003C100000B1C00110A9BF011067C0011069B80110000000000000000035
:041048003300000071
:20104C00B012000060100000BDC00110CDB30110D9BD01106DB3011000000000000000005B
:04106C00340000004C
:2010700000000000201B002004000000000000000000000020000000E8C9011030000000EF
:2010900028100000281B00200400000000000000000000000C000000D8CA011018000000CA
:2010B0004C100000301B002004000000000000000000000024000000F0CA0110180000004E
:2010D00000000000381B00200400000000000000000000001000000018CA01102C0000005A
:2010F00000100000481B0020040000000000000000000000200000006CCA011024000000BE
:20111000FFFFFFFF501B00200400000000000000000000002800000090CA0110240000007D
:20113000FFFFFFFF581B00200400000000000000000000001400000008CB011018000000FC
:20115000FFFFFFFF601B002004000000000000000000000058000000B4C9011034000000CA
:20117000FFFFFFFF681B00200400000000000000000000001000000020CB01101800000098
:20119000FFFFFFFF701B00200400000000000000000000001C000000B4CA011024000000C5
:2011B000FFFFFFFF781B00200400000000000000000000003800000044CA011028000000ED
:2011D000FFFFFFFF801B00200400000000000000000000005400000078C901103C00000062
:0811F000010000009431010030
:0411F80001000000F2
:0411FC0000000E00E1
:0412000000000F00DB
:0412040032000000B4
:0412080001000000E1
:04120C00F4190020B1
:0412100000020000D8
:0412140000000000D6
:0412180001C90110F7
:04121C0000000000CE
:0412200000000000CA
:0412240008000000BE
:0412280000002200A0
:04122C00F017002097
:0412300000000000BA
:0412340000000000B6
:0412380008000000AA
:04123C00B4190020C1
:0412400000000000AA
:0412440000000000A6
:04124800080000009A
:04124C00000000009E
:04125000000000009A
:041254000000000096
:041258000000000092
:04125C00010000008D
:04126000B81800209A
:041264000600000080
:041268000100000081
:04126C00E016002068
:04127000000000007A
:041274000000000076
:041278000002000070
:04127C00000000006E
:021280002A0042
:02128200010069
:02128400250043
:02128600330033
:02128800340030
:02128A00300032
:02128C0001005F
:01128E00015E
:0812900003000000143101000D
:0812980000000000000000004E
:0412A0000000010049
:0412A4000000030043
:0412A80013C401105A
:0412AC009F09010095
:0412B000B812000070
:0412B400B81200006C
:0412B8000000000032
:0412BC00D01A002024
:0412C0002F0B0100EF
:0412C4002000000006
:0412C80044300100AD
:0412CC00B82E010037
:0412D00029C101101F
:0412D400B3F400006F
:0412D80063FC0000B3
:0412DC00A1C7011095
:0412E000A3C701108F
:0412E4000000000006
:0412E8006731010069
:0412EC00202C0100B1
:0412F000382C010095
:0412F400082C0100C1
:0212F8000200F2
:0212FA000900E9
:0212FC000100EF
:0212FE000000EE
:0113000001EB
:04130400BD0A01001D
:0413080039F10000B7
:04130C00410001009B
:0413100019F40000CC
:0413140071F1000073
:0413180045E20000AA
:04131C00D5B6000042
:04132000870D010034
:04132400D9D6000016
:0413280015C70110D4
:04132C0025C70110C0
:201330002DE9F04F0F46CD4C0168E16241688068ADF11C0DE060C548A1608047C448E16A6A
:201350000160A168DFF810A34160E168DFF804938160CE49002FA346C1606FD03D68E878BC
:201370008DF80C0028798DF80D0003A810F0B8F9A86808B1C6490160E86808B1C54901608C
:20139000C54C287820706878BE686070A878B268A0703178A2607368E1702E696360EA6958
:2013B00026627968E2620868E06068696062A8697B68A062286A9E68206395F8240084F8EF
:2013D00034001EB900200FF0FBF800E066617868C06818B900200FF0F3F800E0A061786895
:2013F000006918B900200FF0EBF800E0E0617868406818B900200FF0E3F800E0206128693B
:201410002062F86881680E6806B9D24ED0494FF001084E60C66881F8018036B900200FF057
:20143000CFF84D462E68F86801E04D462E6000685446FB68A0615868E06107E000200FF0DD
:20145000BFF84D462E684FF001085446361DC7493668621C04F114035020B04710B1286877
:2014700080688047DBF808008047C24E002781463B46BF4877706946206104223370384627
:201490000DF092FC0098B0F5801F0CD020B90EF033FB06F08FFB08E00CF060FE0FF0F2FA47
:2014B0000420708001E00EF027FB3846BA4EA0602B68B760986980477060AF4880F8008050
:2014D0003946418014200FF0CBFBFF211422A0620AF0E8FDE01CFF2102220AF0E3FD14203E
:2014F0000FF0BEFBA54F38603868002114220AF0D9FD002000F052F940460DF047FBA048C9
:201510000188FF2906D1022101807822001D00210AF0C8FD032010F0DFF8042010F0D8F80A
:20153000052010F0D1F8062010F0CAF807200CF09DF8944E0820307006F1240010F0BCF894
:201550000CF026FA06F1360A05200A2152460EF07FFF38B10020C0F10901401C0AF8011B86
:201570000A28F8DB3078102108F0BCF82B68864909200DF10E025E68087001AB10200021FD
:20159000B047A06AE1690A260A309DF80E20761E00F8012BF9D1891EE161DBF80C104846DB
:2015B000884704F120002B68626A059040461E69DFF8D88104F120034146B04710B128681F
:2015D00080688047B8460EF00DFC5FEA000903D009F0B6F94FF0FF39002643E00298216996
:2015F00010F8062CA0F10C07032A03D1002939D0884737E0A16A9DF810C00A223046491E6B
:2016100011F8013F9C4506D0521E00F10100F7D14FF0FF0A01E05FFA80FA2868BAF1FF0F4B
:2016300000F108001CD038790DF0F2FCB979012904D0022904BF0299887001E00299087074
:20165000029950460EF02AFE0CE0C04641490010F84400209C1B002018190020C41300201C
:20167000006880472868C36904A902AA0DF10F0098470028B2D0D8F800007700C35B6BB9F7
:20169000761CF6B20A2EF8DB2BE0C046F816010001FA0000A1070100B81700200A2E20DA10
:2016B000DBF808008047D8F80010002231F807A0CA53DBF80C108847354850F8262026702A
:2016D0005146304690470646FF202070DBF808008047D8F800107A5A16437E52DBF80C10AD
:2016F00088470EF07FFB0746B9451AD007B9294FE069B84238BF071CDBF808008047814660
:201710002868016A206A8847626A28681F49059B521C6262C6683846B047DBF80C104846AF
:201730008847A768296860691431AFB9D8F800000A270026835B33B1096960698847296830
:20175000D8F8000014317F1E06F10206F2D107E0F81A00208FD7000009698847296814316F
:2017700009684FF0FF3088472DE7C046B1FF000019080100901B00202C170020F427002056
:20179000F8140020240C00200628002059F00000402E01008EC2F528942700202DE9F84F12
:2017B000DFF8BC13DFF8BC23DFF8BC5308700821002010600D23DFF8B40340F236320170DD
:2017D00043808280DFF8A8030560AC7EDFF8A4030470FF2CE97E417008BFFF292A7F827064
:2017F0006B7FC370AE7F0671ED7F457115D1FF2A08BFFF2B11D1FF2E08BFFF2D0DD1DFF83F
:2018100078130A7802704B7843708A788270CB78C3700A79027149794171DFF8601302782B
:20183000DFF85C83DFF85C93DFF85C730A70FF2543784B7082788A70C378CB7002790A7102
:201850004079487188F8005088F8015088F8025088F8035088F8045088F805500020CB49E3
:201870000880D9F83440CA49607808702278C9493A70A0780870A2681079C74A411E1170BE
:20189000E078C649C64A0870E068106008B90EF097FE2069C34E306008B90EF091FE30682D
:2018B000DFF804A301688847326852F8041F50468847BE48BE49CAF82000CAF82410606948
:2018D000BC49086008B90EF07BFEA069BA49086008B90EF075FEE069B849086008B90EF03C
:2018F0006FFEDFF8DCB2B74C9BF804000FF0B8F90028206075D09BF80500B34E0FF0B0F98E
:20191000002830606DD09BF80600DFF8C0A20FF0A7F90028CAF8000063D09BF807000FF09B
:201930009FF9AB49002808605BD039789BF80000891C484380B20FF093F9A6490028886020
:201950004FD03878002862D0BBF80210484380B20FF086F9A04A0028506042D038780FF0CB
:201970007FF99E49002808603BD0387840000FF077F99B490028086033D038781821484313
:201990000FF06EF9974A106058B3387840010FF067F99549086020B3387800010FF060F903
:2019B00092490860E8B1387800010FF059F990490860B0B13878302148430FF051F98D4AEB
:2019D000106070B18C483978007848430FF048F98A4A106028B138780FF042F9884908605E
:2019F00018B9BDE8F14F06F01FBE4FF0000B09E00FF0FEF800214180816001800223037149
:201A10000BF1010B39785FFA8BF08842F0D32268694F0120107121680D73206845732168E6
:201A30008D732068C57321680D7400212068457400202268D172A0222168487103212068CD
:201A5000C28001720720226850720021206881722821206801224182C2760020216848775B
:201A70000022206880F85E200121226811770120216881F85D0001223068027131680D73BB
:201A90003068457331688D733068C57331680D7400213068457400203268D1720022316839
:201AB0004871306882724FF420703168C88008818A7401213368D974DAF800201573DAF840
:201AD00000104D73DAF800209573DAF80010CD73DAF8002015740022DAF800104D740121A8
:201AF000DAF80030DA720023DAF800201171DAF800104B71DAF80010C88008818B7205207E
:201B1000DAF800209374DAF800103E4AC874106880473968054608688047396851F8042F97
:201B300000209047D9F80C101C4B0A881878364902430A802846354A136898470C213448EA
:201B50000FF0B6FD40460FF0AFFD0FF0A9FDBDE8F44F034800784FF4005107F0C3BD00BF78
:201B70006E4F0020044F0020B63F0050604E0020084F00202C4E0020E81200503C4E0020ED
:201B9000344E0020BC3101007B4F00200C4F00206D4F00206B4F0020724F00206C4F0020CE
:201BB000F04E0020F44E00207C4B0020710C0100910C0100F84E0020FC4E0020D827002063
:201BD000C41A0020104F0020144F0020184F00201C4F0020A0270020684E0020004F0020B7
:201BF000DC270020804E0020844E0020884E00208C4E0020904E0020B51B0020E0270020CD
:201C1000E4270020CC130020544F0020D0130020F84D00202DE9F04FCB4D05F10801284685
:201C3000ADF12C0D0CF082F8C84C04F10C0630460EF0A6FF01203146207500200CF03AFD93
:201C5000A060002800F0B381264602273C25B762224684F82C50012111623346374607F136
:201C70001C013D460E606A1D5A620FF03FF900B9FEE7AE200BF08EFFD5200BF08BFF8020BE
:201C90000BF088FFA8200BF085FF26200BF082FFD3200BF07FFF00200BF07CFF40200BF04C
:201CB00079FF8D200BF076FF14200BF073FFA0200BF070FFC0200BF06DFFDA200BF06AFF0F
:201CD00012200BF067FF81200BF064FFFF200BF061FFD9200BF05EFF25200BF05BFFDB2002
:201CF0000BF058FF20200BF055FFA4200BF052FFA6200BF04FFF20200BF04CFF10200BF023
:201D100049FFAE200BF046FF0CF0F4FF0BF0BAF9394601204870A9480EF078F9A84C4FF4D1
:201D3000E14060808849888000200EF0F1F800200EF0DCF8A348DFF890B201684FF47A771F
:201D5000B7FBF1F189B207FB01F0079000200EF0AFFD01467C4882880746891AB878029188
:201D700018B1084600F56160029002A805F09AFB06460DF0BDF901467448914A80789160FA
:201D9000002800F0DE8091486F4D07786978002F40F0D78000200129099012D0B0680D2800
:201DB0000BDA01290DD0B76827B1012909D00C2F07D104E00C20B06003E00C38B060099822
:201DD00000E001200AF006FDB06803A90BF0B8FE706804A90BF0B4FE306805A90BF0B0FE5F
:201DF000306901AC2146401C0BF0AAFEF06869460BF0A6FE6EA120460EF080FA69460EF0E7
:201E10007DFA0A90DBF808004FF0FF310FF044FC04F0B4FEDDF824804FF00409CDF8208048
:201E3000DDF820A06A48099D82441AF8017F05F12200099C069027F07F00802814BF0122C6
:201E5000099A069808EB04010D310BF0CDFE641C7800C7B2082CEEDD6D1C022DE5DD0898AB
:201E7000B9F1010908F1080800F103000890D7D1DBF808000FF00CFC01224EA03B211346B9
:201E900007F0B2F80A9C20460EF006FE099B4100012201EB8001C1F15F012046C9B207F024
:201EB000A3F8B0680A2808DA01279DF80C10099730208DF80C008DF80D1070680A2806DA65
:201ED0009DF8100030218DF810108DF8110030680A2806DA9DF8140030218DF814108DF8EF
:201EF00015009DF80C00099A00213038C0B209F0EFF99DF80D00112100223038C0B209F0D4
:201F1000E7F99DF81000272100223038C0B209F0DFF99DF81100382100223038C0B209F023
:201F3000D7F99DF814004A213038C0B207F054FD9DF8150054213038C0B207F04DFD0BF056
:201F5000A1F8002429E0C0465005002034080020DBF80400694600220FF096FB9DF8000007
:201F7000B0B1401E0DD0401E06D0401E14D1019800780DF0BBFF0FE0019800780DF0C8FFB2
:201F90000AE001981349008888800D4F788003E0019800680EF03AF8641CDBF804000EF005
:201FB000D8FFA042D4DC07980FF06AFBCEE6FEE72F00C04630303030303000C080E0352D35
:201FD000141200209031010020110020941600200C210100500500202DE9F84FC04CA178A9
:201FF000FF2904BF00200EF0EBFAA0780EF022FD044604F1680504F190062968086810B1B5
:202010000021E1830CE0A87B002804BFA97E002906D13078002801BF207F0128608CE08363
:202030002189E08B4118491C618120460FF024FB01281EBFAB480178012904D1218900201C
:20205000491CE08361814FF6FF77A87E01280DD1AA8B618920890FF00BFB38B12189608995
:202070004A1C93B298421BD0A88B0FE03078012816D17288618920890FF0FAFA80B12189AB
:2020900060894A1C93B298420AD0708892B2904206D03818608180B20FF0E6FA3F18E78301
:2020B00004F5967999F8040020B120890021401CE183608104F12E07A87E012811D1218932
:2020D000A88B4B1C9BB298420BD160810FF0CCFA8046B988288C01FB080820460AF0D2FABA
:2020F00001E0B7F80480B4F81EC022687E4ED2F80CE00CF1010000FB08F340F6C41000FB2D
:2021100003F18E44C2F80CE03668DFF8E0E13678BEF80080764AB609032E11D1D67BF60749
:2021300048BF4FF000080BD408F101081FFA88F6012E12BF668AB9F8066006F2DC5600E0B8
:20215000668A5E434FF4C87AB6FBFAF6761C6661AEF80080A3614FF0180894F806A084F828
:2021700020C008FB0AFADFF88CC1DCF800E023680EF1080656F80AB0C3F810B094F806A043
:2021900008FB0AFACDF800A0D3F80CB0D4F814A0ABEB0A0ADDF800B046F80BA094F806A072
:2021B00008FB0AFA56F80A609E600EF10C06A37908FB03F30EF10C0EF65C06F0F00646F09F
:2021D00002060EF803604FF0000ADCF800E0A6790EF1020308FB06F623F806A0464BA679EE
:2021F0001B68760103F1140AD4F814B05AF806A00AEB4B0A03F1140B4BF806A0AD7E022D9B
:202210000BD1A5796D0103F1140697F800B056F805A000FB0BAA46F805A0BD88D27BA779C1
:20223000D60736D508FB07F70EF10802D659A6F5A86A0EF1080646F807A0A77908FB07F7AD
:20225000D2592768511A3961BA6003F11402A1794901575807F5F667575003F11401A27954
:2022700052018958C9F800106843244AA179156B03EB41162968401AA0F51670F061204991
:20229000A07903EB40100B78012B14D10121C17214E003F114027F01D1592A464243A1F5BB
:2022B000E661A2F516729142DED3082120460FF0D7F9012011E0916A4A78C272A179DCF8D5
:2022D000000008FB01F281182268516007200D490870204609F020FF0020BDE8F28F00BFAC
:2022F000684E0020784F0020084F0020FC2700205C4D0020804E0020844E0020BC310100C0
:20231000734F00206F4F00202DE9F84F0C46E00788B00BD50EF07CFC28B100218160B348F3
:20233000006800B1804784F001005CE1A0070FD500210023069105910491039302910191AF
:20235000009101223C200FF087F984F002004AE11D256007A64EA74F40F18A8000210791B6
:202370008B46A5488178FF2904BF00200EF028F9386890F8A0000EF05DFB80463868C07AAE
:2023900098F82691022818BF032808F5907A06D106F10D000FF05CF908B906F1070B514623
:2023B00048460FF051F988B33868807A002818BF012804D1314650460FF042F904E05246A1
:2023D000494630460FF038F9FF2834D005FB00F906EB090506225146E81D0EF02DFA16F89E
:2023F0000900396840F00209E81D07900622887E00F0010088F8260105F1010A386800F1F4
:20241000140108F590700EF017FA14E0514648460FF00EF978B15246494630460FF00CF9A2
:20243000FF2808D006F10D01454348190FF010F908B949F0020908F12C004B4601780691CC
:202450004289120905920122B8F822100491C0880799029140080390CDF804B0CDF800A021
:20247000002098F806100FF0F7F884F00400BAE020060FD5002100230691059104910393E0
:2024900002910191009101223B200FF0E5F884F08000A8E0E0044BD5F11D06F10D000FF08B
:2024B000C3F83868017A012918BF042931D1C17A02291EBF0329817E01292AD1817E00F183
:2024D000140230460FF0B8F8FF2811D04543354405F10D000FF0BCF850B9E91D05F10D00E0
:2024F0000FF0A2F838680622E91D14300EF0A4F93868C07A022818BF03280AD106F10D00A1
:202510000FF0A6F828B938680622F11D0C300EF093F93A4842683A4800784FF480510CF05B
:2025300003F810B18E2009F0C1FC84F480505AE0A00505D50EF02CFC324901200860FEE75B
:20255000600504D507F0C7FC84F480604BE0600405D5812009F0AAFC84F4804043E0A10472
:2025700040D5294D286810B100200EF029F8274E4FF0FF3028600FF053F83168244D51F828
:20259000202F684690472349234B486A8A6A009001920293C86A0268086A0392ADF81000C7
:2025B0000A6B1178002904BF5068002805D19068002804BFD068002806D029705068686039
:2025D0009168A960D068E86029463568134A2E6813486B46B0471349086004F043F984F4FB
:2025F000005000E0002009B0BDE8F08F204F0020AC450020104F0020684E0020784E0020C3
:202610006E4F0020FC002043044F0020F04E002068450020B8170020110C01002C4D00202A
:2026300098260020EC4E00202DE9F04F09AFADF13C0D08900A92388809911E46ADF81800AF
:20265000101C08BF002000F07581017800274FF0010B401C4FF0FF39B846DA460A9061E1B9
:20267000252940F056810178401C0A902D2918BFADF8068004D10178ADF806B0401C0A908F
:2026900030291CBF4246434604D10178401C5A465B460A902A29CDF800804D4617D10493B6
:2026B00030680A9BCDF80890C01C20F00300001D306050F8044C1978002C009403F10100F6
:2026D0000A9018D5ADF806A06442009413E044460AE0600000EBC4004018A0F130040A98A9
:2026F00001780094401C0A90302901DB3A29F0DBCDF8089004932E2929D10178401C2A29F7
:202710000A9011D13168CDF80880C91C21F00301091D316051F8045C002D48BF45460178B5
:202730002B46401C0A9011E0454643460AE0680000EBC5004018A0F130050A9801782B4671
:20275000401C0A90302901DB3A29F0DB02930AB1224604926C2904D04C2918BFADF80480E4
:2027700004D10178ADF804A0401C0A900BA8CDF80C800FAB07906429059300F082806929BE
:202790007FD0BDF818C075296DD0782969D06F2965D070294ED063293ED0732922D00A984A
:2027B000401E0A90099801281AD966490C68B5F1FF3F03D0A84288BF6D1C05D86FF0004143
:2027D000814294BF0D1C099D029508A80AA932466B46A04709993F18091A0398099165E064
:2027F000454617E03068C01C20F00300001D306050F8040CBCF1010F014608B94FA00146C0
:2028100007910EF049F90390B5F1FF3F4FD0A8424DD9039528464AE03068C01C20F0030073
:20283000001D306010F8040C8DF82C005D46039558463CE0082035680490E81C20F00300AD
:20285000001D306050F8041C082210230FA80AF031F8401E079040210170079823E0082388
:2028700002E0102300E00A233068C01C20F00300001D306050F8041CAA42BCBF2A1C049247
:202890000DE03068C01C20F00300001D306050F8041CAA42BCBF2A1C04926FF009030FA83A
:2028B0000AF008F807900599081A0390009C241ABDF8065000945DB906E008A8202109AA0B
:2028D0000DF05CF97F1C009C641E0094F5D50398401EB0F1FF3F03900FD1BDF80600012850
:2028F0001CD10098401E009018D408A8202109AA0DF044F900987F1CF4E70798017809AAB2
:2029100008A80DF03BF90798401C079003987F1CDEE708A809AA0DF031F97F1C0A980178F9
:20293000401C0A9000297FF49BAE089808B14146017038460FB0BDE8F08FC046286E756C7D
:202950006C2900C0A0310100BB482DE9F84F0025BA4CB849056094F8E200002800F06581E3
:20297000012800F02F81B64E02283CD0032840F05C8151F8250CD4F8B8100029A0F5C06020
:20299000C4F8D400B8BF49420028B8BF4042814226DA4FF08057D7F8A4014568B4F8BC0012
:2029B00030214FF47F42082300903046A847D7F8A4014568B4F8C00004214FF4F80212236E
:2029D00000903046A847D7F8A401B4F8D070456820214FF440620A2330460097A847012570
:2029F00084F8D8501CE151F8258C0EF0D1F92F4600B901273946934F38680028FCD0B14622
:202A1000012609F10409D9F82CA03E6009B10EF0C5F9CAF30720C4F8BC000EF0B9F9AA46CB
:202A300000B9B2463B68002BFCD0D9F800B0BAF1000F3E6001D00EF0B1F9CBF38440C4F8AB
:202A5000C0000EF0A5F9AA4600B9B2463B68002BFCD0D9F81C90BAF1000F3E6001D00EF02B
:202A70009DF9C9F38120C4F8D000B8F5C061C4F8B81000F09C8094F8D80068B9C4F8D41044
:202A9000D4F8C000C4F8C800D4F8BC70C4F8C470D4F8D030C4F8CC30D4F8D400D4F8BC3052
:202AB000002854BF02226FF0010204F1C8010F6800EB40008018421000EB927207EBA20078
:202AD0000860D4F8C810C4F8C43000291CDD1E293CDDD4F8CC0030B93429B4BF15391E21CA
:202AF000C4F8C81025E02A29BABFD4F8C8000B381E20C4F8C800D4F8C4003F28B4BF401C02
:202B10003F20C4F8C4001FE0D4F8CC00032812D011F10B0FC6BFD4F8C8000B30301CC4F8AA
:202B3000C800D4F8C4000028C4BF401E051CC4F8C450032508E011F1150FC6BFD4F8C800E4
:202B50001530301CC4F8C800C4F8CC504FF08057D7F8A401B4F8C43030214FF47F4245684C
:202B7000374800930823A847D7F8A40104214FF400321123456832480096A847B4F8C86057
:202B9000D7F8A40104214FF4F802122345682C480096A847D7F8A40120214FF440620A23AD
:202BB000B4F8CC60456826480096A84701E084F8D85040F2FF50404502D8801C40452FD206
:202BD000082030E051F8251C1F4F4BF2F5204843060A3868C0F3814001280CD11B480068E3
:202BF000006880470BF05AFF0EF0DEF83111C010484306EBE03694F8E50030B914480068AC
:202C100020F07F403618760801E084F8E5501148310C0660012741600F4D8760287808B90E
:202C30000B2000E0052084F8E40003F053FDBDE8F88FC0462D400C402C500C400C100020C2
:202C500000A00C4000800C40B43F0050EC010010102009403C600C40E92F01002DE9F84F95
:202C7000B34D696884B0019121B905B0BDE8F04F0EF0D2BC0978DFF8BC82AF4EDFF8BC92F6
:202C9000DFF8BCA201291CBF0229042946F2A81741F64C5B05D0402918BF802900F09680F9
:202CB0003CE10EF0B7F80028FAD00198007804F05BFE0090446814B900200DF081FC9AF8B5
:202CD000010000285CD000F043F90DF0B3FE02900168009801914F6809F032FF022825D090
:202CF00000990A78012ADBD196490A68137A19F80310317018B90EF08BFC5844A0602069B4
:202D1000C17E01F0EF01C1762069C17E41F08001C1762069C17E01F0F00141F00201C17686
:202D30002269B96888484118D1614BE001980178802911D10820854930700A78012A03D09E
:202D50009AF80100022801DB38690CE0D8F828003A690178D1720DE07C49072030700A78EB
:202D70003869012A02D10121C17203E0D8F828104A78C2720298817901988AF80210C8E005
:202D9000009800288CD00199009A0078914205D101281CBF00200DF013FC15E0012840F034
:202DB000BD80684801680A7A19F8020030700EF02FFC3918A0680EF027FC18B90EF028FCE0
:202DD0005844A0600120A8700098A2E09AF8010000287AD000F0BCF80DF02CFE0446206852
:202DF000029047689AF802000DF024FE03900EF017F810F0070F3DD0A87804F0B5FD0190B5
:202E1000416801980091029909F09AFE022831D001990A78012A2AD14A490A68137A19F893
:202E30000310317028B90EF0F3FB83440098C0F808B000980069C17E01F0EF01C176009842
:202E50000069C17E41F08001C17600980069C17E01F0F00141F00201C176009AB9683A4807
:202E700041181069C16101210198A97051E000200DF0A6FB0398A04225D002983349027889
:202E9000802A12D1082030700978012903D09AF80100022803DB38690121C17210E0D8F8FE
:202EB00028003A690178D1720AE0072030700978386901290EBF0122D8F828104A78C27290
:202ED000A0798AF80200029823E00DF0A9FF10F0070F29D0A87804F047FD04462078D4F8EE
:202EF0000480012820D117490868027A19F8021031700EF08DFB3918D8F808000EF084FBE8
:202F100020B90EF085FB5844C8F808000120A870204605B0BDE8F04F06F000BD05B0BDE8A1
:202F3000F04F00200DF04CBB05B0BDE8F08F00BFA0270020BC3101006F4F0020289A011000
:202F5000684E0020104F0020F0D8FFFF734F00202DE9FE4FB24C617811B900200DF030FB18
:202F70000EF056FB4FF00008074607F6C417C246AC4DDFF8B49228E050460DF05BFD064629
:202F90007079F0B12968B07901F80800394608F101005FFA80F830460EF032FB30680178E0
:202FB000402902BF06F182000178012902BF41887289914205D1B169C088411830460BF061
:202FD000D5FE0AF101005FFA80FA99F800008245D2DB6178884505D000200DF0F1FA822015
:202FF0000EF00AFB6078012840F0F180002701E07F1CFFB299F80000874280F2E28038461C
:203010000DF018FD064670790028F1D02968B0790A7890421CBF00200DF0D2FAB079FDE098
:20303000286810F809000DF005FD00684268DAF808109068814204BF3E4609F1010900F0EE
:20305000D480D6E0286890F800B001224FF4C0710FE0636803F5AD76835C01FB03F901FB4F
:203070000BFE36F809C036F80E60B44538BF9B46521CFBB29A42ECDB4FF6FF700EF0B8FAB1
:20309000064658460DF0D6FC68490068D0F804A00868D94630F8192060684FF4C07300F1C3
:2030B0000E0103FB09F3C85AB2EBD00F52D2720840F6C4104243009200275D4A01900292A7
:2030D00017E058460DF0B6FC01680A78802A03D1DAF81030009A5A610978402908D102996E
:2030F00080790A6802EB4011009800F5A060C8617F1C47452EDA2868C05D8345F8D00146AE
:203110004FF4C073594363685A1803F5AD73D289595A53088B4202D2521A9045E8DA0DF02E
:2031300089FC01684A68019B9168DAF808207008A1F6C41103FB00200EF066FA0028C0D038
:203150003A48006830F81910491C20F81910286810F807B0296808780DF06CFC002600682B
:2031700047684FF4C079464551DA2868805D0DF061FC0068296842688B5D606809FB03F34A
:20319000034403F18201087830B15889B1F802C0401C80B2604508DA887B01280ED15889B3
:2031B000098A401C80B2884208DB6EB3B968906801F5C241A8310EF027FA28B3761CF6B2F1
:2031D000D1E700200DF0FCF982200EF015FA617828680EF009FA286800780DF02BFC0026AA
:2031F0000068D0F804A04FF00109771CC145FFF617AFF6B2002E1CBFF8B200287FF422AF87
:20321000286890F800B037E7296811F806B007490A6800205B4622F813005846BDE8FE8FE8
:20323000684E0020004F00207B4F0020DC270020844E00202DE9F84FDFF8CCB20F460546E8
:20325000F80B80F01281AA4EDFF89C82B80F80F0C480B80880F0B8803809C0F03981A048F5
:203270000178090980F0AB80007830F07F0040F0A680684607F074FA012803D100980028DB
:2032900000F09D8097480078002840F0988001240025E8B20DF0C4FB48B1837A3BB18472D2
:2032B00090F9090004FA00F0C0B20BF0EDFD6D1C032DEED345464FF0030A05F1AC0085F8B7
:2032D00010A00DF089FEDFF83092002309F11401984608680B6051F8080C41F8088C834930
:2032F0001A4605F134000DF087FE3068006B8047AA68A969801A000BC0F1FF328A422CBF86
:2033100001444FF0FF31A961287F20B1E868A969B1EBC02F25D90CF021FF414600B12146C1
:20333000E1B1744840F60901018043464380417B04F00F0221F00F010A434273017B03F0CF
:203350000F0621F00F0146EA0102027343604E46F3613060418811F4406FFBD02C774346F0
:20337000AB616649086820F0020040F400700860634A42F804AC41F2300696601460502317
:20339000936014604FF4CA6696601460022042F80C4C44460C600BF033FF112006F002FADF
:2033B000287818B9686838300DF032FE687F18B16C7705200BF024FF524868612C7409F055
:2033D00053FF27F0080783E005F0A6F940467430006808B927F002077AE00DF005FE344627
:2033F0008146606D0068014604208847C8B1287CB8B14046083006689EB12068EC68006B3F
:203410008047801BE860010BE960A14202D209194908E96040F6C41088422CBFB1F5FA7F4C
:20343000E86048460EF0DCF80BF012FD90B1A8696FF4807100224FF0007304462846A047B1
:2034500040466C300068002808BF47F0020701D009F00AFF686900214FF0806304460A4622
:203470002846A04727F0005732E00DF0BDFD59460E684EB306F1280106C90A234FF0E0451A
:203490000B40154008BF002B1ED106F1280191E8300006F1280393E8060006F12803AA4320
:2034B000A14383E806000EF09BF8B16871B1002D08BF002C0AD03069B6F93C10B2682B46C2
:2034D00016462246B04701E00EF08AF827F4804727B15846394650300DF0A2FDBDE8F88FA1
:2034F000FE270020591D0020C01B0020CDCF00008C0100105C270020001004400000046052
:203510000C41044061920000401C00202DE9F84F04462068002800900CD43C2190FBF1F10A
:2035300000290DDDD4F804806FF00040401A40450DDA31E13C21C0F13B00B0FBF1F0414249
:20355000D4F80480C1F10040404500F32581009818EB0108A0EB8110C4F8048000EB81008F
:20357000206000900DD43C20B8F13C0F98FBF0F10DDBD4F808906FF00040401A48450DDACD
:203590000AE13C20C8F13B01B1FBF0F04142D4F80890C1F10040484500F3FE8019EB01096E
:2035B000A8EB8118C4F8089008EB8108C4F804800CD41820B9F1180F99FBF0F30CDBE1682F
:2035D0006FF00040C01A88420CDAE5E01820C9F11701B1FBF0F04342E168C3F100408842CB
:2035F00000F3DA8020696269DFF8B4C1A9EB03194FF0640BC9184FF4C87EA9EBC309DA4686
:20361000C4F80890AEE05219A0EBC50000296261A0EB850040F3868001284FF0000611D178
:2036300012F0030F0ED102F26C7797FBFAF303FB0AF3FD1A05D197FBFEF303FB0EF3FF1AAE
:2036500000D1012683005CF803505CF80370AD19BF198D4262DB20610228E16002F26C7EFD
:203670004FF0000512DB12F0030F0FD102F26C77564697FBF6F070433E1A06D14FF4C876C7
:2036900097FBF6F070433F1A00D101250CEB0300036B5B185B195B1EE361DFF808A1036BA5
:2036B00040F26D165643AEF101005B1847105B1990FBFBF200EB977C4FF4C875002106EBC6
:2036D000AC065B1E90FBF5F0B61A361807220120F518A5F5E6750B46EE17401941EB0601F3
:2036F00009F0B0F800994FF4616000FB09F0002B0AFB050000EB8810A0EB8800084411461A
:20371000B8BFC91D284AA1615168B2F9002045F260430818C01A2262BDE8F88F401CC91B80
:2037300020611FE0401E0025012812D112F0030F0FD102F26C7797FBFBF303FB0BF3FE1A0B
:2037500006D17346764697FBF3F37343FF1A00D1012500284CBF0B23031C20615CF8233027
:20377000C918491900280BD40C230C2890FBF3F50CDB6FF000435B1B9342BFF644AF0AE0B3
:20379000C0F10B030C25B3FBF5F35D42C5F1004393427FF738AFE1604FF0FF30BDE8F88FEE
:2037B000B82A010080510100481A00202DE9FC41A0F2013714468846022F40F233819B4E7D
:2037D0009C493F1F0F2F04D9143F4BD0BF1E1CD011E0DFE817F0CF00C9000E01FB00C10022
:2037F000B9002701AF00A700100010009D008F007F00740065002D2880F21481B8F1020FC8
:2038100040F010818849238808E1B8F1010F40F00981F078012800F005813246207811795E
:20383000107181B9002800F0FD805078012800F0B580042800F0B280062800F0AF8005284A
:2038500040F0F080AAE02078002840F0EB805078032800F0B180072800F0AE80052840F015
:20387000E180A9E0B8F1010F40F0DC802078012840F0D88006F1EC000DF0E8FB002840F0A5
:20389000D1803446002004F13A0108F0C1F8002840F0C88004F1C800FCF7E2FFBDE8FC81F9
:2038B000B8F1020F40F0BE8020880A28C0F2BA80B0F5486F00F3B6800E46B61C17E0B8F1BF
:2038D000020F40F0AF802088B0F5FA7F80F2AA800E460CE0B8F1020F40F0A48020880628E2
:2038F000C0F2A080B0F5486F00F39C803E363080BDE8FC81B8F1020F40F094802088062861
:20391000C0F29080B0F5486F00F38C803C36EEE7B8F1010F40F086802078062880F282800A
:20393000454E0EE0B8F1010F7CD12078042879DA0A3606E0B8F1010F74D12078082871DAA2
:2039500009363070BDE8FC81B8F1010F6AD12078042867DA0836F4E7B8F1010F62D12078C0
:2039700004285FDCF61DECE7B8F1020F5AD120880E36BCE7B8F1010F54D13079012851D0A5
:2039900032462078D178D07071B900284AD05078012803D0042818BF052843D190690121EF
:2039B000FDF72AFABDE8FC81207800283AD15078022818BF052835D110780BF095FF1C497A
:2039D0000246102001F09AFDBDE8FC8106F1830500211F22284608F065FB424621462846B1
:2039F00007F09CF844463078B4710BF07DFF002311E006F1640500211F22284608F052FBD5
:203A100042462146284607F089F84446307874710BF06AFF0123009408490195024610202F
:203A300001F06CFDBDE8FC8115F30000980D002099450110D80D0020D20D002009450110DB
:203A50002DE9FC418E488F4A04788F488F4B90490D2C6FD8DFE814F012010E000E000E00C6
:203A70000E000A010A018E000A01C900C900E700E700EE00106041F204478648864DB0F8F4
:203A900002C08649BC451FBFB0F81AE0BE45B0F83280B8454FF4A0561ED181480068D0F889
:203AB00000C09CF8040003280CF1080E0BD1DEF80E0000281CBFBEF81800002803D01F8035
:203AD000784911608AE0022C1CBF1E800D46156000208CF8040081E0BCF1000FA3F800C0AB
:203AF00041D0BCF1010743D0B7F1010C3BD040F2FE37BCEB07071ED0A7F1040CBCF1010FAE
:203B100020D94FF47F77BCEB070C1DD04FF44067BCEB07070FD0BF1E012F0CD93F1F0AD014
:203B30007B1E012B0ED940F2F937DB1B012B1AD91B1F09D09AE0022C01D115604EE01E8084
:203B50000D46FAE7584DF8E7584B1C68257A012D05D141F20243438043834386F0E746806C
:203B700046834686ECE700200CF02AFD832081E08F207FE04E498978FF290CD01060182034
:203B90004C4C41432068851C40F204466C5A1C80A41B012C484B71D94FF47F76A41B0FD053
:203BB0004FF44066A41B032C84BF641F012C0BD9A41E012C62D940F2FD36A41B08D103E03D
:203BD000801C41F201444452136004F079FF05E000200CF0F5FC85200DF00EFDBDE8FC41CB
:203BF00036480078012105F07DBD40F204424888188090421CBF41F2084290423ED041F64D
:203C10000402904211D12E4C2E482F4B00680025CDE9004502222D4C256855F8086FB04703
:203C30002B4908802AE04888188000200CF0C8FC85201FE04888188002280DD940F2044292
:203C5000801A1BD040F6FC72801A05D0083815D04FF47F72801AE8D1887B801CC2B2B52A1E
:203C7000A8BF662088730020488007E000200CF0A7FC8420BDE8F6410DF0BEBCBDE8F381AE
:203C90006F4F0020204F0020BD0F0100504F0020CC4C0020204A0020B1540110615A011077
:203CB000F44B002059550110755B0110104F0020684E0020804E0020313901106E4F00205A
:203CD00002000080EC4E0020ADF20000F04E0020424F00202DE9F04F8246DAF80070DAF819
:203CF00004600C465FEA0208ADF11C0D14BF00214FF0FF31DFF8409248460CF0FEFE00282A
:203D100018BF0B2040F0158100258F488C4905708A48FC6052460DF06FF9317B27200DF06A
:203D30006DF9B8F1010F07D0657002200BF062FC06200BF05FFC01E001206070207801281E
:203D500040F2AA80801E012868D9801E012833D9801E012800F2DE800DF046F983464FF0C1
:203D7000805000F5EE77D0F8DC01A378466A009321782846062908BF0120019001200290A4
:203D9000A068228AE1686368B047814658460DF027FCB9F1000F40F0BF80B8F1000F02D01D
:203DB0000CF01AFD02E050460BF0C6FA002800F0A3803868806A2AE00DF016F983464FF0CA
:203DD000805000F5EE77D0F8DC01012306680093A168A27860682478AC46042C08BF9C468D
:203DF0006346B047814658460DF0FAFBB9F1000F40F09280B8F1000F02D00CF0EDFC02E070
:203E100050460BF099FA002876D03868406880474C49C1F8B0510D6081467DE00DF0E4F838
:203E300083464FF0805000F5EE77D0F8DC01E38A86690093E0680190208B0290A0780390EB
:203E5000207D04900121059122782846022A08BF081CE1786268A368B047814658460DF0C3
:203E7000BFFBB9F1000F57D1B8F1000F02D00CF0B3FC02E050460BF05FFA00283CD03868C2
:203E9000006A80475FEA000946D1E078A168E28A236907F043FEBFE70DF0A6F883464FF09E
:203EB000805000F5EE76D0F8DC01E38AC7680093E0680190208B0290A0780390207D294628
:203ED000049001200590257805B9014608466268A368E178B847814658460DF081FBB9F1E3
:203EF000000F19D1B8F1000F02D00CF075FC02E050460BF021FA08B914201AE03068406904
:203F100080475FEA000907D1306802692169E078904781E74FF0FF39B8F1010F05D0022055
:203F30000BF06EF906200BF06BF903480DF070F8484607B0BDE8F08FE815002020160020FE
:203F500065FC00005045024004280020FEB5954E954F144602460025A2F58062182A1AD8DF
:203F7000DFE812F01601100109010101FA00F400ED00E8001900CC00C500BE00B500AA00AA
:203F90001900190080006F00680054004C00420039002C0024002D2880F28C80022940F0EF
:203FB000898021880BF0AEF90546F9E0012940F0F680002C00F0F3801136BEE0102940F0CC
:203FD000EE80002C00F0EB8030465030102221460CF032FCE4E0012940F0E180002C00F088
:203FF000DE8031468E1DA8E0262940F0D880002C00F0D58006F160002622E8E7012940F099
:20401000CE80002C00F0CB80761D96E0602900D13CB9012940F0C380002C00F0C0800D3647
:204030008BE006F18600214660220CF005FC01207073B5E0012940F0B28020780DF0CCFA22
:20405000AEE0012940F0AB802078022800F3A7800C3630702078022814BF281C01200DF088
:20407000B7FA9DE0072940F09A80611C684606220CF0D0FA207869462A4605F02DFF04464D
:204090000A2C17DA0DF0A0FA70B9204603F0A4FA3C462078002847D16088C0F5805080B239
:2040B000B0F54D7F40DA3AE03246012002F12C06305575E0022573E0012970D1B07B21780A
:2040D0000028B1736CD1207801282DD068E0012965D12478072C62DB102C60DC0B3648E0F4
:2040F00001295CD124780A2C59DA093641E0012955D12478022C52DA08363AE000294ED10E
:204110000DF062FA98B90CF037FC3C46207858B96088C0F5805080B2B0F54D7F04DA0CF0A1
:20413000B7FD657003F046FD09F032FC38E001240F361EE0012932D10A36247819E00129DD
:204150002DD12478022C2ADAF61D12E0102926D1334603F1400039E7012920D12478022C9C
:204170001DDA361D05E0012919D12478042C16DCF61C347014E0012911D12478022C0EDAC6
:20419000B61CF6E702290AD120881436308007E0012904D12478022CD8BF761CE9DD1825DC
:2041B0002846FEBD240C0020901B00202DE9F04385B011F8017B0446082F04F1FD0004F140
:2041D000FC0804F1760504F5A076844A844BDFF8149213D0092F21D00F2F2FD0112F01BFE9
:2041F000287801286878102840F0D5800A78327648787076012184F83D11EBE00025521C2F
:204210004E5D5F5D3E434E55575D3E4046556D1C082DF5DB204608F05DFC74E00024571C06
:204230000D5D1E5D35430D553A5D15400555641C082CF5DB022088F80000CBE098F8010007
:20425000820704D410F0110F57D01A2266E008784A7800EB02203080CA78887800EB0220D6
:2042700070804A79087900EB0220B080CA79887900EB0220F080087A30724A7A887A02EB25
:2042900000227281C87A0A7B00EB0220B0818A7B487B00EB0220F0810A7CC87B00EB0220D8
:2042B00030828A7C487C00EB022070820A7DC87C00EB0220B082487D897D00EB0120F08220
:2042D000494801788A0658BF1A2212D504F5A670049071890391307A029021890191F088D9
:2042F0000090B38872883188204608F0B1F8E0B11E2298F80100410710D40F2088F81500D7
:2043100020460DF05DF9002864D199F8000005B0BDE8F0434FF4804105F0E4B9204605B0A8
:20433000BDE8F0430F210DF047B97088A882B188E9820221F0882883297400206882A18E86
:20435000A88AC91DE981618EB0EB510F02BFE88AA18E884202BF288BE18EB0EB111F18D01F
:204370002878012804BF68780F2805D0687918B10F21A972FE2127E0FC2120460DF018F909
:20439000F0880090B38872883188A0790DF00CF920E0102118E0491E20460DF001F9032FDD
:2043B00018D1A878042818BF0D2813D16E78142E18BF0E2E0ED12F7820460DF0EDF8012F8F
:2043D00006BFAE72FD213146204605B0BDE8F0430DF0EEB805B0BDE8F08300BFEC4D0020D8
:2043F000C82700206E4F0020144E002010B50B7884074CBF43F0020303F0FD0304064CBF21
:2044100043F0800303F07F0304074CBF43F0080303F0F70384064CBF43F0200303F0DF0360
:2044300010F0AA0F0B7003D0107840F00C0003E018B9107800F0F300107010BD2DE9F843E4
:204450000D4600272878022814461E4667D1696808784978DDF8208000EB012080B25FEA04
:2044700008021CBFB0F5285F0B205BD14FF42851401A08D0401E21D0401E2FD0401E25D0D7
:20449000401E31D04BE0DDF82490E8680CF0DAFD80B2A0EB08024A45BCBFA0EB08001FFA59
:2044B00080F909EB0800162806DAA6F800904A46E86800EB08010DE00D2732E0E86800884C
:2044D000022131802070000A60702AE0062030800622E96820460CF0AFF922E00120308058
:2044F000E9680A7822701CE0E868B0B1082131800288227003881B0A63704188A17042887D
:20451000120AE270818821718288120A6271C188A171C088000AE07103E0308001E0378060
:2045300001273846BDE8F2832DE9F0470F46814638780024022890461D466DD17868089E47
:2045500001784078DFF8D8A001EB002189B24FF42852891A06D0491E29D0491E4ED0491E01
:2045700039D059E0F8680CF06DFD80B2B04204D3A919162903DB0D244FE007244DE0FB682E
:204590002A46414698190CF057F9AD19F868ADB2C5F11602002140190CF052FDDAF800002D
:2045B00000281CBF0268002A37D0002123E08EBB022DE0D198F8000098F80110FA6800EB82
:2045D00001201080DAF8000000281CBF0268002A23D001210FE0EEB9062DCCD1F8680622AE
:2045F00041460CF029F9DAF8000000281CBF0268002A12D00321484690470EE056B9012D07
:20461000B9D198F80000002813BF0128F9680870802402E00B2400E001242046BDE8F08738
:20463000EC2700202DE9FE4FDFF828928B4682464FF0FF31D9F8080000920DF02DF8834CDF
:20465000002621200227207104F11C08A662E51C276280206662414628703C2084F82C00F3
:20467000A068C8F800500CF041FC00990FF2CC1901910028CDF800B000F0D78080202870AC
:20469000C8F80050276266623C21A662334684F82C10A0686B7041460CF028FC002800F071
:2046B000BC8080202870C8F80050276266625F21A6623C236970A06884F82C3041460CF0F2
:2046D00015FC002800F0A18080202870C8F80050276266622221A6623C236970A06884F8E0
:2046F0002C3041460CF002FC002800F0868080202870C8F80050276266623C21A662334638
:2047100084F82C10A0686B7041460CF0EFFB00286BD080202870C8F8005027626662042160
:20473000A6623C236970A06884F82C3041460CF0DDFB38B947480068092132464B460BF0D8
:204750005EFAFEE75046C1004FF0400B3834B84633464FF0010A01EB001189463C48009A14
:204770004FF00C0C09EB000E1EF8016F002026F07F01802910D1019901290DD01918CD105B
:20479000690101EB8511891809194F7800F007050AFA05F53D430EE01918CD10690101EBC7
:2047B0008511891809194F7800F007050AFA05F585F0FF053D40401C84F800B076000828AB
:2047D0004D70F6B2D3DDBCF1010C02F10102CBD1B8F1010809F10C0903F10803BED11D48B4
:2047F00080680CF055FFBDE8FE8F1A480068092132464B460BF003FAFEE716480068092175
:2048100032464B460BF0FBF9FEE712480068092132464B460BF0F3F9FEE70E480068092102
:2048300032464B460BF0EBF9FEE70A480068092132464B460BF0E3F9FEE7C0464552524FB4
:2048500052204F43435552454400C0463408002024210100201100202DE9FE4F05467B4867
:20487000002400680094C00905D37948007810B920200AF095FD012D40F0E280DFF8009270
:20489000D9F8DC00012840F0D8800220C9F8DC000BF036FF01200AF083FD5FEA000805D0FA
:2048B0000120C9F8DC000BF037FFCBE00CF0B4FBA34602906748684DC0F800B0A86A0168E1
:2048D00001208847012804D1584608F06FF9012000906248624FC0F800B0386811200CF09B
:2048F00075FA00B1012410200CF070FA08B144F002040F200CF06AFA08B144F004040B202B
:204910000CF064FA20B12868564E016B308888470A200CF05BFA20B12868534E016B308894
:2049300088475248012606602868816944F0200088474F4806600CF043FA00F0010101911A
:20495000400814D2286A81684A4888478246BAF1040FF7D0BAF1010F04D1286A4268454897
:20497000032190474449086820F003000860584600F088F82B683868986B804701980128E7
:204990000CD0BAF1010F04D1286A42683948314690473949086840F0030008602F48066026
:2049B00028684169204688470B200CF00FFA20B128682C4BC16A188888470A200CF006FAB0
:2049D00020B12868284BC16A18888847274806600322C9F8DC20264BC3F800B02868416B8A
:2049F000204688470128F9D1386804200AF0D8FC0446184806603868144800688009FBD322
:204A10000098012802D1304608F0D0F80CF0C6F908200AF0C5FC07460298C9F8DC600CF03E
:204A3000B7FD1648008807F0BDFD0BF075FE57EA040018BF4FF0FF3804E06FF0040801E0EB
:204A50006FF001084046BDE8FE8FC04614100940F41000200C400940B801001000022243CA
:204A70002C200940EA2B0100E62B010028200860800104430040034024220840E42F0100CC
:204A90000C1000202DE9F84FDFF804B20746ABF13500DFF8F0810068800880F0E2807548FB
:204AB0000068006880477E490831D1F8009000254FEA29715FEA995201F101010AD2C0F149
:204AD0003E0210F10A0F4FEAE202D8BF08229142B8BF111C684BD3F87C21C2F30462162AA1
:204AF000A8BF203A1B68C3F30443162BA8BF203B9A465218162A05DA12F10A0FB8BF6FF007
:204B1000090200E015225D4B5D4E02F01F0141F4F8511980316811F0030F18BF0125C9086D
:204B300028BF45F002050FB145F00405434693F90710411A052904DA9979A94208BF9988CC
:204B50006FD0DFF844E10F28A0F10F0829DB08EB0011A1F1F0084FEA28210091072984BF13
:204B700007210091062988BF06215EF821600424774604EB81043C594FEA950CA41BEE087B
:204B900004F0FF0124BFC4F3072631446F08AE0824BFC4F3074631446E0828BF01EB14618E
:204BB00004E000214FEA950C6F080091009C5EF824E05FEA5C060EF0FF0424BFCEF307268B
:204BD00034447E0824BFCEF3074634446E0828BF04EB1E64009E89B2A8EB06267143803193
:204BF00004EB1124AAEB02010029D8BF0121342209F0FF074A4391B24FF6FF727943B1FBC4
:204C1000F4F18A4238BF111C802889B2998005DA10F1800FB8BF6FF07F0000E07F20D87127
:204C30009D711A4800681F2918604FF0000008D340F2FF128A4206D24908401C8A42FBD384
:204C500001E01F219980134F0F39090940EAC10047EA0001CBF8FB1F0026CBF8FF6FBDE858
:204C7000F88F0D490D4F434608200F609B1D1870BDE8F88FEC0100103C1100506E620840AD
:204C900024220840D02700209C130050082009403500094000E7A48030100940FDFDA4003F
:204CB000AC3F00502DE9F04F0646880FADF1140DC0F0EF80784F381D006841688D68CC683D
:204CD000486800B18047B946754F002D08BF002C0DD038461C300368002BFCD0002101602E
:204CF00005B1A84704B1A0476C480AF0EFFF3C4600256C49E5616C48216040F60A0CA0F80C
:204D100000C04580017B05F00F0221F00F010A430273AA46C0F804A0417B4FF0010B0BF04B
:204D30000F0721F00F0147EA01024273B268737C558011888646A1F60201C9B141F21E0794
:204D5000C91B15D041F6E677C91B012920D8507E012B65F38200507606D0108B20F47C70D5
:204D700040F43470108313E0108B65F30910F9E7507C012B65F38200507405D0108A20F4C0
:204D90007C7040F4347002E0108A65F309101082D6F8088075746046474600E01F467B6826
:204DB00013B119888842F9D1C7F804E0797B05F00F0221F00F010A437A73D9F86C303BB199
:204DD000D9680988C21F8A4229D0801F884226D0338C33B3C6F824A006F12002558096F849
:204DF0002C0005F00F0120F00F00014386F82C1096F82D000BF00F0320F00F0043EA000140
:204E100086F82D10CEF804209EF80D0005F00F0320F00F0043EA00018EF80D1001E0C9F8A1
:204E300008502248036882680192C168406B0093102220F0784040F0805003901C480291CD
:204E5000694605F06BFEE0690028FCD01948C9F8140099F81D00E56190B917480068006856
:204E7000014658468847012810D0787B0BF00F0120F00F0001437973104EC9F8146005E0A0
:204E900009F058FC0028FBD00CF0BEF8E561C4F8008005B0BDE8F08FC01B002001000706AC
:204EB0000010044001010E045C2700204C1300501800002145320000E0010010D9D20000DC
:204ED0002DE9F04F044675488A46016894461F46BAF1000FADF13C0D4DD0BCF1000F4AD05A
:204EF0009AF8002001209040014244D0BCF80000B0F5C15F32D1DCF81430DCF81820684858
:204F1000DCF81C104FF0030E0DF128080B93DFF894B10C9200680D91C0F3036958F8046FC3
:204F3000CEB10021351F05200B4655F8042FB2F1FF3F10D0934506D0401E01F1040103F1BF
:204F50000103F2D107E0052B05DA705820F4702040EA09407050BEF1010EDFD1C4F804A017
:204F7000C4F808C00CF040F84F4D8046287820B140460CF035FB00208DE002F05FFC4B4976
:204F9000086840F00200086007A80BF019FE002605F1D00007AA4649099609F09DFD45494A
:204FB00005F5827007AA09F097FD07A80BF0D8FDFF2105F1340007AB3F4A0891192109F0E7
:204FD00099FC3E4A05F150001A2107AB09F092FC3B49324605F18800134608F02FFE394970
:204FF000324605F1AC00134608F028FE364A05F12000042133460AF07DFE0E2004F0B8FE8F
:2050100005F174000BF0E4FC05F16C000BF0E0FC2E74072085F898012E77AE616E77052362
:20503000AE602B49EB602A786961501C2870274B1E7040460CF0D4FAB1464FB92548B0E8CF
:205050008C106946A1E88C100DC86F4681E80D0038682060398A6182012060747B6813B966
:2050700040F6C4130646E3601B48A06126746061F86800B1A061B86800B160615822494618
:2050900004F1200007F00EF804F1380049460AF083FC20466C600FB0BDE8F08FD421084067
:2050B000541300500200F844C01B0020002009405907010095910000CDCF000031CE000065
:2050D0004D0101002905010019DF0000FE270020619200006C2F010023B100002DE9F04F4D
:2050F00005468248066800680F461C469246C4F399018900ADF12C0D0A010021803206F0A1
:20511000D1FFDFF8D091A9F1880002467048016830469047A3088046610801979F1C21F061
:205130000101F819009506EB80000390091DCDF808A07818434506EB800206EB870B384496
:20515000049206EB80000690C4F39C004FEA800000F1080007EB400000EB070206EB820202
:205170000A9224F0030202F1080200EB020506EB85053A44059506EB82050A4407953A4408
:2051900006EB8202089206EB80020992084406EB800A384406EB800518BF6FF0010040F0C2
:2051B000938009F16800024641463046904700233CB10199264611F8010B761E40EA03035F
:2051D000F9D1002B08BF01207ED000263CB10299234611F8010B5B1E40EA0606F9D1002EC1
:2051F00008BF022070D001995846C84703980299C847009881680498C8473748049A594602
:2052100081462846C847012803D14FEA88042E590EB1032058E0BE0028460021324606F01C
:2052300041FF0399049A2846C847012801D12F590FB1042048E0294F294C069859463A462E
:20525000A047079803993A46A0470699089827460A46B84709980899069AB8470A98069998
:20527000204C2246B84728460021282206F01AFF1D4809990A9A81462846C84720342846B2
:2052900022460146C847079950460A46B84705980021324606F006FF5FFA88F450462CB93A
:2052B0005FFA88F10229B8BF012201DB5FFA88F200216B5C445CA34218BF052004D1491CF5
:2052D000521EC9B2F5D100200BB0BDE8F08FC0468C4F0020B9DB0010C9DE00104C1900202D
:2052F000F9E000101C2D0100C9E60010884F00202DE9F0410446804DA178A869ADF1180D6A
:20531000891F00F0F280C91E00F0DD80491E5FD0491E48D0C91E3CD0481E40F0E980287A96
:20533000697AB8B96878002831D0A0880CF02CF9071C00F0DD80A07A40080FD3787968B1F9
:20535000E168890A0AD2B91D01AA04F0C5FD0A2804D10321A0880CF013F9C9E0287B02287D
:2053700002D1A07A0009F4D3A088797904F1080201F0E2F8A869002800F0BA804368002B43
:2053900000F0B68000210A46A0889847B0E00521E0E7002800F0AC804368002B00F0A880B0
:2053B00062780221F0E70BF03BFC002800F0A080A86950B1076847B1206900906189227B86
:2053D000637BE01C3C46A04792E060890121C2E767784FF00008002F66D1A179490863D327
:2053F000EF69002F60D101A841460E2206F05AFEA0880CF0C9F8071C7AD0606940B9787932
:20541000B91D06228DF80A0001A80BF015FA19E06669307C062206F111018DF80A0001A85F
:205430000BF00AFA07F10C00B91D06220BF004FAB81D062206F111010BF0FEF9307C40F08E
:2054500002007871A079C00839BF387900F0FD00387940F002003871A079000939BF387983
:2054700000F0DF00387940F020003871A1799DF81120C1F3800010438DF81100080905D3BD
:205490009DF8110040F008008DF8110001A8214600F02AFB28B92878022104F023F9404629
:2054B00027E0A8694FF0150810B3436803B3A088627801219847B8F1000F19D0A8694368E4
:2054D0000321424660E7E078211D002204F004FD0A280DDA410001EB800004F10C022530FE
:2054F0000421C0B203F024F802E0A08806F0EAFF012006B0BDE8F081240C00200FB42DE9F7
:20551000F04F09AF8146ADF1240D0BF0C5FC391D30F0010021F0030101F1040100F0E2805D
:2055300005911420ADF8100000240294FF258DF812507E6806960CF01FF807460BF0ACFC92
:20555000DFF8B0B130F0010024D00CF011F8684E80460CF009F806EA0A061FFA88F1024696
:20557000090493B25846090C224641EA060A062163F31F4A30F80C6F4EB143681B689F42DC
:2055900004D0491E02F10102F4D100E0D5B250460BF0A5F9484608F0F1FB0146FF2904D0BA
:2055B0002846032205AB06F063F90BF0E5FF07F0B9F90746204600900BF06EFC30F00100F5
:2055D00000F08F80002F00F08C804B4DDFF82C912A68002400212346484605F04FFD06460A
:2055F0000BF0BEFF2A68804600212346484605F045FD08EB0604009E4FF6F8794FF00108A3
:2056100005460BE01EB1A6F10C0007F0CDFD0598006868E0FEE7024652E01D467868002101
:205630004FF000522B46FBF70FF9002832D007A80DF11D0101AA06F02FFA00BB9DF81C0033
:20565000062813DA9DF81C100BF10C02880000EBC100135A53B1994508D0019A0BF004FC63
:2056700000281CBF019E4FF0000813D10199684608F086F878684FF00051FBF7BDFBB5F1CF
:20569000FF3FCBD0002DC9D00BF06AFF231A01D09D42C2D20AF016FF009D0BF069FF144C07
:2056B00081460BF061FF083704EA0A041FFA89F180B20904090C214360F31F4145B12A4619
:2056D00052F80C0C0028A6D1386842F80C0C3D6008460BF004F9B8F1010F9BD0B8F1000F08
:2056F00090D0FEE7FEE709B0BDE8F04F04B070470000FFFF1814002090310100404B4C0085
:205710002DE9FE4F0E468246307AC10693461F464FF000090CD558460BF01EFF030000F079
:20573000E8800A223146504698475FEA00094DD130780C9D0D9CDDF8388002281AD17068F5
:205750000178407801EB002189B24FF42052891A012910D9891E3AD0491E14D0FD397AD0D9
:20577000491E00F08180491E6DD0491E73D0491E00F09580ABE0002C2AD1F06801782980DB
:205790000278416887E0002C22D101202880F1680A783A7000217089401C80B20BF0D8FE89
:2057B000298860B10278921C51182980418979704289120ABA7041680278F81C6CE0091D70
:2057D000298004220021781C0BF03AFC93E0002C66D1F0680688042129803E70320A7A70A6
:2057F0000DF1020130460BF0B3FE040021D0D4F80C80BDF802204FF6FF766B4631460BF075
:20581000A3FE40B9237862683C4802210BF098FE08B9ADF8006098F8000002280BD1D8F815
:2058300004100222381D0BF007F82888801C288001E0ADF80060BDF80000B870BDF8001055
:20585000090AF97057E0002C2AD1F068016850460BF07EF902E01CBBF06800880221298030
:205870003870000A787046E0F0680BF0EBFB80B2A042B8BF4FF007093DDB844208BF00227E
:2058900005D008EB04028242B4BF4246021B2A8092B2F068011938460AF0CEFF2BE014B1D9
:2058B0004FF00B0927E0F0680721298002783A7043787B704188B9704288120AFA700179CF
:2058D0003971C2887A71C088000AB87113E058460BF032FE5FEA00090BD00F980290CDF877
:2058F000048000942B463A4631465046C847814601E04FF00E094846BDE8FE8FA22D0100E5
:205910002DE9F04FADF1140D071C8B4602930E9D01920F9C039500F0CB80BBF1000F00F073
:20593000C780101C00F0C480181C00F0C180281C00F0BE80002C00F0C080206A002800F0DB
:20595000B780614D666A281D0068002E00F0B080A16A0BF0A1FE40B2061C08BF6FF002079F
:2059700000F0A28020786288216A84F82C6000EB80001218143290B288475249086030B918
:20599000284640680BF084FE4FF0FF378CE0A0684E4AE6684E4D106023692E608A464D480B
:2059B00066694D4A0360A56916604C4BE6694C4A1D6021781660207825794A4E6388DAF8F7
:2059D00000203570668801EB410106EB020C03EB4005AD18CE1805F10808C5180918AD1830
:2059F00005F10409C51CAD10D5502078C01C8010C9F800002078C01C8010C8F800002078B0
:205A1000B6180C36C01C801030602078C918891801F11005C01C801028602278CDF810C026
:205A300039466346181D05F079F82278594609F1040005F073F82278019908F1040005F0D6
:205A50006DF82378204649464246FFF747FB071C13D1009504984946424633460BF068FD59
:205A7000804622780298311D05F058F822780398291D05F053F84FFA88F721786288DAF8B1
:205A9000000001EB81015218002106F00BFB606A0146DAF8000088470B4840680BF0F8FD64
:205AB000F8B2992808BF002784F82C70384606E01CB16FF0010084F82C006FF0010005B017
:205AD000BDE8F08F884F0020441900208C4F0020904F0020944F0020984F0020804F00202B
:205AF000844F00209C4F00202DE9F04F714CDFF8C0A1E56988468146ADF1140D002D4AD164
:205B1000B9F1000F00F09280B8F1000F00F08E800AF008F806460A2E23DAD8F8147026749B
:205B3000002F39D0700010216A4600EB86002330C0B20AF08DFC90B950460778FF21102263
:205B500068460AF0ABFD50B93FB999F80600494600F001000BF0E8FC01E00120A074E5698A
:205B700019E004F1E60B0A2700265846FF2106220AF094FD68B97F1E0BF10E0B06F101069D
:205B9000F3D1607C002804BF0A2020744ED094F83660267400E0267C0A2E47DA002D35D1C4
:205BB00070000E214A4600EB86002030C0B202F0BFFC207C08F0F4F96846FF21102206F04F
:205BD00071FA207C10216A467030C0B202F0B0FC217C0E220801A0EB410000194946E630BD
:205BF0000AF02AFED8F814206AB15046007840B9107C02F11101002300F001000BF090FC21
:205C100001E00120A074C4F81C804CE0AA68002A3ED12A69002A2FD16A690ABBEA683AB9F5
:205C3000A07B08B109F0A2FB0AF003FC01203BE07000102100EB86002430C0B202F078FC77
:205C5000E769217CFA68480000EB8100103225300421C0B202F06CFCE1690020C86022E015
:205C70007000102100EB86002330C0B202F060FCE1690020486116E070001C2100EB8600C8
:205C90002230C0B202F054FCE169002008610AE070001C2100EB86002130C0B202F048FC1A
:205CB000E16900208860002005B0BDE8F08FC0465A4F0020240C00207CB56D4D04462868A5
:205CD0000E4628B94FF08040002107F0BBFB286000213CA30A4609F092FF20463DA3801E6C
:205CF00008D0801E61D0401E4CD0401E37D0401E22D00EE02868012E05D000210A4609F0D2
:205D10007EFF37A357E000210A4609F078FF39A351E0286800210A4609F071FF28680221DA
:205D300000223AA309F06BFF01208DF803009DF803000028FBD17CBD286800210A4609F089
:205D50005EFF28680221002236A309F058FF01208DF802009DF802000028FBD17CBD2868DC
:205D700000210A4609F04BFF28680221002232A309F045FF01208DF801009DF80100002813
:205D9000FBD17CBD286800210A4609F038FF2868022100222DA309F032FF01208DF8000048
:205DB0009DF800000028FBD17CBD286800210A4609F025FF29A328680221002209F01FFF3B
:205DD0007CBDC0463E3E3E535441434B20415353455254002A2A2A4552524F522A2A2A00CC
:205DF0003E3E20494E5445524E414C204552524F522100C03E3E20494E5445524E414C20F6
:205E10004657204552524F522100C0463E3E2044454641554C54205350494E4C4F434B21BF
:205E300000C046C03E3E2057524F4E47204150492043414C4C2100C03E3E204943414C4C4B
:205E50002054494D454F55542100C0463E3E204943414C4C2041424F525421003E3E204F1F
:205E70005554204F46204D454D4F52592100C046201100202DE9FC4F83F0004301E02DE935
:205E9000FC4F1F03FF0847EAD2574FEA42284FEA43095FEA595906D147EA080A1CBF0021EB
:205EB0000020BDE8FC8F57F000575FF4E06E1EF1FF0EF14505D14FF00000190D0905BDE803
:205ED000FC8F002B05D55FF0000AD8F100086AEB07070C03E40844EAD0544FEA40254FEA71
:205EF0004106760D08D144EA050A19BF00210020191C101CBDE8FC8F44F00054764504D1F0
:205F10000020090D0905BDE8FC8F002904D55FF0000A6D426AEB0404B6EB090E08D5A24619
:205F30003C465746AA464546D046CEF1000E4E46BEF1360F5CBF4FF0000B23E0BEF1000F26
:205F500004BF4FF0000B1AE0CEF1390ABAF120092EBF08FA09FB07FA0AFB4BEA080BDEF144
:205F7000200A07FA0AFA38BFBA4647FA0EF72DBF28FA0EF8AEF1200E4AFA0EF8D04415EB66
:205F900008057C4154EA050A02BF00210020BDE8FC8F002C58BF4FF0000A06D55FF0010AE7
:205FB0005FF0000E6D426EEB0404A6F101066D006441FAD515F4806E11D005F480794BEAE6
:205FD000090B15F5806554F1000428BF761C0BD205F400795BEA090B08BF25F4006525F4E6
:205FF000E0656D0044EB0404B61CDEBF00210020BDE8FC8F5FF4E06E1EF1FF0E76450AD373
:206010004FF0000013F00043FF21C900C91D09051943BDE8FC8F270547EA1530210B41EA89
:20603000065141EACA71BDE8FC8F70472DE9F04FADF1240D079001F001FC5F48007809F0EB
:206050001FFF5E4D0024012806D90C3804D0401E0ED0401E09D006E00AF046FB022804BFA2
:2060700001210C1C06D0696805E005211F2401E0032107246960524A1068C0F38150012817
:2060900006D152F80C0C0127020E07FA02F004430AF08EFD05F1440AFF2253464018401E0C
:2060B000471C28607F1E03F8012BFBD1079A1268002602F0FF03FE2B1DD0DDF81CC096467D
:2060D00033460EF0FF07FF2F0ED0B84205D3B94203D80122BA40144201D0022069E0164377
:2060F0000EF0FF020AF802305CF804EF5B1C0EF0FF07FE2FE7D1092003F03AFE07980121A1
:20611000A86005F1280009F047FC00274FF0010BB9462846804600F198050BFA07F0044298
:2061300016D1064204BF07F0FF0141F4C04104D01AF80700079951F82010224801F062FF6E
:20615000F8B24FF0FF3109F0BFFEC5F8009001E004202860D8F800007F1C2D1D8742DCD953
:2061700004A80AF0FDFC184C184A2078102104AB059008F10C0008F0BDFB68460AF020FD23
:20619000CDF80C906A4660681149029008F1640008F0A2FC0F4951F80D0C20F4F85040F4ED
:2061B000005041F80D0C0C4FC1F8FFBF4846C7F800B009B0BDE8F08F05280020F80E00200E
:2061D000B43F0050007FC767283101000D05010005E700000D30094008000940614801786D
:2061F000002900D170472DE9F843491E032984B004D9891F012940F2B180A9E05A4CDFF8AE
:206210006C912068DFF8688103685A4E03F10805062205F1080102A80AF00EFB0622A91C54
:2062300068460AF009FB2878C1091D2700F00F02032AC0F3801537D16079C0F380008142A7
:206250001ED12169062202A80AF008F800287AD0694628460BF0F8F9002874D031466846DD
:206270000BF0EEF9FF286ED04743D8F80000807AF519002818BF02280AD0012818BF032837
:2062900061D1F25D691C48460BF046F910285AD06B46EA1D294648460BF03AF90622694604
:2062B000E81D0AF0C9FA4EE000F00F00052855D16079C0F38000814245D12169062202A84B
:2062D00009F0CCFF00283ED0694628460BF0BCF9002838D0314668460BF0B2F9FF2832D0C3
:2062F0004743D8F80000807AF519002818BF01280AD0022818BF032825D1F25D691C4846A6
:206310000BF00AF910281ED040F2024008F002FC6B46EA1D294648460BF0FAF80622694666
:20633000E81D0AF089FA1448144A41F2044141804183418612480180124913481160012129
:20635000007803F0CFF921680A680020107105E000200AF035F986200BF04EF905B0BDE8EF
:20637000F08300BF6F4F0020F44B0020CC470020104F0020AC450020204A0020204F0020C2
:20639000504F0020595501106E4F00202DE9FE4F05466748083000680E464FF0FF310BF0D7
:2063B0007BF900F0EBFB6048624C4FF001084FF0000CAE46674600F2293000905A480196E5
:2063D000363400F2491966460025BEF1010F0EBF19F806300098835D002223F07F00802877
:2063F00014D102EBC700C1104FF0400B480100EB81104019001990F801A084F800B002F01B
:20641000070108FA01F141EA0A014170521C5800082AC3B2E1DD6D1C761C602DD5DB7F1C6B
:206430000CF1600C052FCEDBDFF80091D9F808000BF02EF901980AF02FFB0C2838BF002794
:2064500003D3019800214746C172019D28460AF023FBC0F10C0009F041FF2DA20CCA01F02C
:20647000E8FF2DA20CCA01F0E4FF2DA20CCAFFF706FD07F0BBFEC1B215220023284602F031
:20649000B3FD002F42D0D9F808004FF0FF310BF003F900F073FB244805265825A0F1010CAC
:2064B0001CF8013F002223F07F00802810D002F11501CF10780100EB871040190019477828
:2064D00001F0070108FA01F181F0FF0139400DE002F11501CF10780100EB87104019001993
:2064F000477801F0070108FA01F139434027521C5B002770082A4170DBB2D4DD761E05F1F2
:206510000105CDD1D9F808000BF0C2F8BDE8FE8F000000000000E03F000000000000184090
:206530000000000000003940082101002011002020110020360800202DE9F04F88468246BD
:20655000ADF1AC0D29920BF01FF85F4CE67894F80BB0A57A94F80C90071C00F0B18068467E
:206570000021A42205F09EFD2801279A58498DF8046005F0030300F4807605F00405ADF898
:2065900000A0B9F1020F01EA020143EA01024F4B8DF8A0B046EA020100F4C06603EA0102C6
:2065B00046EA020045EA00054FF00000279508BF01208DF837000AF0A7FF412809DB207B3E
:2065D00000280CBF002008209DF8991008438DF89900607B002804BF00208DF8380017D03F
:2065F00001208DF8380004F1860120220DF139000AF022F90DF1590004F1A60120220AF074
:206610001BF90DF1790004F1C60120220AF014F9A07940B18DF8260004F1500110220DF1AF
:2066300027000AF009F96679D6B17F1D04F1600504F15F01062017F8012F11F8013F9A42EC
:206650000ED1401EF7D18DF805600DF1060005F1160110220AF0F0F80DF11600A91D0CE050
:206670002079002804BF00208DF8050008D08DF8050004F140010DF1060010220AF0DCF840
:20669000E07930B1B8F1000F03D0279941F002012791002100B10121A7789DF89900002F09
:2066B00041EA00018DF899100CBF002004209DF89910084329998DF8990068460AF020FF31
:2066D0002BB0BDE8F08FC046240C0020FBF9FFFFFCFEFFFF2DE9F843614C5A4D5A4EDFF847
:2066F00070815E4F94F8E4100846401E0B2864D8DFE800F07B2C43062343062343067664F8
:20671000042907D001220A2945F8212C14BF0220032004E0202045F8210C0120024684F8FA
:20673000E200002045F8390C0827C5F8FF7FC5F8F37F45F8392CBDE8F883052914BF092040
:206750000620002784F8E400376075E094F8E170383D0120002FC5F81B0004BF062000210C
:2067700002D00021F160032084F8E400032045F8010C3160306880085ED294F8E4103348F9
:20679000012703290ED00068456800216022052300914046A84794F8E400062814BF0A2036
:2067B0000720CFE700684568002160220523022000904046A8470420C4E7FEE72548264F4F
:2067D0000026012506600E203D6002F0EBFF022008F016FD84F8E45084F8E360BDE8F88394
:2067F000002038600C25786024E04FF08059D9F8A0010168202088472C3D0F2045F8010CE0
:2068100041F61D56C5F80360D9F8A401466800214FF4C0720723022540460095B047D9F8B0
:20683000A401C66800214FF4C07207234046B0470120386084F8E45004F178000AF0CAFBA3
:20685000BDE8F88339400C4038600C40A401001000A00C402C500C4004800C4034600C4046
:206870000C10002070B5484C484B2568186855F8183F00224FF0FF3198474548454A416B97
:20689000454C8868454D4179117000260AF034FE43480AF02DFE0AF027FE42480268002164
:2068B0005171A02301680722CB804A72032103681972002201684A7700230268D37600214D
:2068D000036883F85C10012201680A770123026882F85D300021006880F85E100EE060688F
:2068F000F1B24FF4C072514342185379012B04D1F0B20AF09FF80AF0F3FD761C2978F0B2C3
:206910008842ECD30AF0E8FD2748284A0178284C117008F01DF92748D0213022002301705C
:2069300042708370C370037143718371C3710AF0CFFD2149214B00200870002220491A70D6
:206950000120204B08701A701F49204B08701A701B201F491F4B0A701A804FF4A4721E49E3
:206970001E4B08801A80FB201D491E4A088040F648001D491080FB230B8020800AF0A4FDB3
:206990001A490020087070BDF04E0020EC4E0020BC310100714F0020684E00207B4F002079
:2069B000CC470020104F00206D4F00207A4F00204E4F0020C8270020734F0020744F0020BF
:2069D000754F0020764F0020774F0020784F0020794F0020524F0020444F0020464F002000
:2069F000484F00204A4F00204C4F00206F4F00205A480178042900D870472DE9F84F891FA2
:206A10002FD0491E012900F29E80DFF854A19AF80200FF2825D00AF00DF883460BF16C0713
:206A300078680AF04DFD804698F80400032818D1D8F80800047814F0030404D17868BDE8FB
:206A5000F24F0AF039BD4578032C00F102090BF20F160BD035B1387820B93D217170012041
:206A7000307078E03F490A78012A74D09BF8941059B32D1FEDB24B462A46214658460AF067
:206A900017FD40B93D207070012131703648BDE8F24F0AF009BD35480168884700904FF42D
:206AB000C0709BF80620DAF8041042438818002180F839110BF59A7001688079490806F03C
:206AD00017FA2B4900980A6890470020032CC8F8080016D0274841690878820707D5C0077E
:206AF0004CBF03200020401919F8000000E08120387223469AF802002A46494600F044FA79
:206B100018E099F80000192803D21B4A115C8D4205D0B070072158460AF04AFD07E00F48EB
:206B30000178082903D049465846FDF73FFB484607F05CFA78680AF0BFFC41465846BDE833
:206B5000F44F0AF0ADBC002009F03AFDBDE8F24F86200AF051BDBDE8F18F00BF6F4F0020D9
:206B7000684E0020794F0020AC450020CC130020D0130020BC310100F43101002DE9F84FC3
:206B9000554D21204FF0020B002628714FF03C0AC5F820B04FF080096E6205F11C07AE6224
:206BB000EC1C85F82CA0394684F80090A8683C600AF09CF9DFF81C81002879D03046607083
:206BD00084F800903C60C5F820B06E62AE62A86885F82CA039460AF089F9002860D084F868
:206BF00000903C60C5F820B06E62AE625F2185F82CA0A868617039460AF078F9002847D019
:206C100084F800903C60C5F820B06E62AE62222185F82CA0A868617039460AF067F978B3DE
:206C30003046607084F800903C60C5F820B06E62AE62A86885F82CA039460AF057F9B8B15E
:206C500084F800903C60C5F820B06E62AE62042185F82CA0A868617039460AF047F978BBD4
:206C7000404600680921324616A308F0C8FFFEE7404600680921324612A308F0C0FFFEE736
:206C900040460068092132460EA308F0B8FFFEE740460068092132460AA308F0B0FFFEE746
:206CB000404600680921324606A308F0A8FFFEE7404600680921324602A308F0A0FFFEE756
:206CD000BDE8F88F4552524F52204F43435552454400C04620110020340800202DE9FF41C0
:206CF00004466668A7680D460AF07EF93178012903D10AF075FC00208EE0012131700AF03C
:206D10006FFC287870706878B07068687060A868B060E868F06028693061287D3075687DC7
:206D30007075A87DB075A869B061287F3077687F7077A87F4FF0000843461D4686F8285185
:206D5000B07786F82951C6F82080336375627563B562B56386F82C5086F82D50786803F06A
:206D700007F8204603F0C2FF204604F00BF860B9386809F0C3F9786802F014FD0AF034F915
:206D900035700AF02DFC2C4645E0684609F0E8FE0094387B224A0190B9686B4606F17C006E
:206DB00007F0A8FD684609F00BFF00941D4938696A46029006F1980007F08EFEB07830B976
:206DD00006F1CC00294608F0E7FD17483061707830B906F1E800294608F0DEFD1348F06008
:206DF00068460AF065F801958DF800501049029406F582700A226B4606F020FFB969FA69C0
:206E100006F13C0009F070FE0A4A06F168000421234608F06FFF20460090BDE8FF81C04600
:206E30003572000099D300006B0F01005B0F01008DE20000010D0100F0B5514C20780D469E
:206E5000E90BADF11C0DC90372D1A80860D2E069216A6A080ED2E80828BF85F0040580F08B
:206E70008C80680904D304F061FF85F0100584E0002083E0868861B904F11600414A00909B
:206E90004FF6FF71022301200AF006FB0146216221B304A800900027019702230293FF2278
:206EB0000392E28A30460DF11203FEF729FC58B99DF813009DF81220216A12EB002204D020
:206ED0004989304607F074FB216AE28A08463B464FF6FF710AF038FB01462162A069002950
:206EF00018BF85F001051AD168B143685BB1E0698088012100229847A069E7694368B888BD
:206F100003210022984709F04DFB85F0010534E000200146FEF7E8FD18B185F002050121C4
:206F300002E0022185F00205207802F0DBFB24E004F080FB071C1ED038780126B03811D03C
:206F5000401E02D01F3808D011E0387978B97888F9883A8907F02CFB0AE03846FEF7C8F96F
:206F7000064604E0397907F10800F9F771FC16B1384609F083F985F40045A8B207B0F0BD8C
:206F9000240C0020A82D01002DE9FC4706460C4615469A46C0B209F04DFD8146F0B209F072
:206FB00027FE0646494F3079DFF82481012802D0022843D082E0BAF1020F0AD10020708052
:206FD000308002223271B06807F010F80020B06037E0308871882A1891420BDA0020708011
:206FF000308002223271B06807F000F80020B0608B2061E0B3682A462146184409F01CFC88
:2070100030882D183580ADB27288954256D199F87410802917BF81297F2198F80000091AC6
:2070300049B200915346B168B878D2B20AF030FA002070803080022232713FE0BAF1020FC8
:207050003CD1042DB8BF8C2036DB20786178001D40EA01201F49708083B20A789A4238BFF3
:207070008A2029D381B2A94238BF8B2024D380B20AF00AFAB060F0B12A46214609F0DCFB1B
:207090007288954211D199F87410802917BF81297F2198F80000091A49B200910223B168D2
:2070B000B878D2B20AF0F4F908E030882D1835800121317102E0812004F0F8FE24B120461F
:2070D000BDE8F64706F092BFBDE8F387684E0020704F00206B4F00202DE9F04F044665685D
:2070F000A6688846ADF11C0D09F07EFF95F8DC10012903D10AF074FA002085E04FF0010BB8
:2071100085F8DCB00AF06CFA706802F031FED8F80C00676828B9A06890F814A090F8159000
:2071300003E090F800A090F80190BAF1FF0F15D0B9F1FF0F12D0364941EA0A000490FE237A
:20715000069341EA090107F19800059104A903F0B7FAC7F8A400D7F8A40050B909F044FFBF
:20717000002485F8DC400AF03BFA706802F01AFB49E051460D2208F025FAD7F8A40049462C
:207190000E2208F01FFA98F800002870D8F80400686098F80800E860684609F0E1FC307BCB
:2071B00000946B46B1681B4A019005F1100007F0A1FB684609F004FD306900946A461649EE
:2071D000029005F12C0007F087FC05F16000594608F0E2FB287830B905F17C00002108F093
:2071F000DBFB0E48686000202872C5F8BC00C5F8C000204607F088F8094A05F1C8000421C8
:20721000234608F077FD204607B0BDE8F08FC04600200084DD7C000091CC00004B0F01008D
:20723000610C01002DE9F84F8046D8F808603068D8F80450076CDFF830B14764AB6B6A6CF7
:20725000286C17F4F06F1946A0EB020934D1F8091ED2780974D3B1B196F821205846801D01
:20727000845C601E814294BF1C1C641E4046214608F00CFBA86B001BA86361D105F19800EB
:20729000012109F0CDFE4046494608F0BFFD57E00029F8D0404608F0F9FA95F82D10A863C1
:2072B00011B900284CD101E00020A86305F19800012109F0B5FE43E0F80A20D24FF0000AE7
:2072D000544602E0AB6B5B1EAB6393B14046012108F0DCFA3068446814F00F04C0F804A014
:2072F000F0D0286B401E2863686B401E6863A86BE8B905F19800012109F092FE13E03068CE
:2073100044680022202904F00F044260CCBF4FF0200A9A464046514608F0B8FACAF1200027
:207330008145C8BF81464946404608F06FFDEC77404606F081FE726A12B1404621469047EF
:20735000B8090FD3A96A69B10F46404608F0B5FAA86238B996F820205946895C4046C91916
:2073700006F084FDBDE8F88FA42C01002DE9FC4705466E68D5F8088037780FB1B76B1FB159
:207390004FF0FF30BDE8FC8731630024F477171C74631BD006F13C0909F026FE824669465F
:2073B000484607F0C6FA00281ED450460AF018F99DF80000316B0870306B736B7F1E00F10D
:2073D0000100306303F101007063E5D17078726B316B0128A1EB0201316303D1F368284641
:2073F0009847726B144659E0B763D8F80010086B40F400700863D8F80010886B40F4FA6051
:20741000886350460AF0ECF806F5947008F096FF707806F5947768BB09F0E6FD96F82D10B9
:2074300069B1716B59B1B16B49B1B4630AF0D8F806F5947008F072FF706BBDE8FC870AF0E0
:20745000CFF8716806F1E805284609F056FB0028F2D0B4632846214609F04FFB0028EBD0E4
:20747000384608F05BFF1027716B306BF777401A3063E1E709F0B8FD96F82D1061B1716BF4
:2074900051B1B16B41B1B4630AF0AAF806F19800012109F0C5FD01E00AF0A2F82046BDE82D
:2074B000FC8770472DE9F047002814BF076800274649474C3C234FF000084FF0010A45F25B
:2074D000604642469946C4F808800968C4F80CA000282261A6EB0106626196FBF9F596FB5C
:2074F000F3F101FB03F16560A6EB010626606AD0B7F1FF3F67D03846194607F0BBF9761858
:207510004B464946B7FBF3F0266007F0B3F96D184FF461601821B7FBF0F0656007F0AAF9CA
:207530002C4D0A464FF4C87043466421A260B7FBF5F715E013F0030FC4460CD103F26C7681
:2075500096FBF1F24A43B51A04D196FBF0F24243B61A00D1D446A7EB0C075B1CA7F26D178A
:2075700013F0030FC4460CD103F26C7696FBF1F24A43B51A04D196FBF0F24243B61A00D1EA
:20759000D4460CF26D12BA42D4D9B7B95B1E454613F0030F0CD103F26C7696FBF1F24A435D
:2075B000B21A04D196FBF0F24243B61A00D155467F1907F26D17002FE8D063617F1C204625
:2075D000E760FBF7A3FF2046BDE8F0874C1A002090190020805101002DE9F041494E0546F4
:2075F000307CADF1500DA84209D13078012107F0F1FE3078022107F0EDFE08F0D3FF6C007D
:2076100004EB85040E210FAA04F1200004F120075FFA80F8F8B208F01BFF00286DD10620B0
:207630000DF13B0111F8012FFF2A02D1401EF9D163E06846FF211C2204F034FD07A8FF2160
:20765000102204F02FFD04F1230010210BAAC0B2074608F0FDFEB0B910200DF12B0111F84C
:20767000012FFF2A02D1401EF9D10CE02648007838B99DF842000FA900F0010009F054FF17
:2076900001E00120B0740FA8FF210E2204F00AFD40460E210FAA00F04BFF06461C216A46D1
:2076B00004F12100C0B200F043FF1C216A46064304F12200C0B200F03BFF10216A460643ED
:2076D000384600F035FF10216A46064304F12400C0B200F02DFF04F1250704216A460643E8
:2076F000F8B200F025FF7035102107AA40EA0604E8B200F01DFF204300E0002014B0BDE88F
:20771000F081C046240C00205A4F00202DE9FE4F00281C4600908B46019200F08180BBF14B
:20773000000F7DD0101C7BD0002C7ED0206A002876D0414D676A281D0068002F70D0A16A6E
:2077500009F0AAFF40B2071C08BF6FF0020063D020786288216A84F82C7000EB400012188D
:207770000C3290B288473349086030B92846406809F08EFF4FF0FF304EE088466588B4F83E
:20779000029094F800A0D8F80060204606F0A6FA20780AEB0907AD19BF1909EB4A01C01C99
:2077B00080108E192860207800993F1DC01C8010386020780836C01C801030602278281DB8
:2077D00003F0ACF928463A463346014609F058FE2278391D8146584603F0A0F922780198F0
:2077F000311D03F09BF921786288D8F8000001EB41015218002104F055FC606A0146D8F872
:20781000000088470C48406809F042FF4FFA89F0C1B2992908BF002084F82C00BDE8FE8F9B
:207830001CB16FF0010084F82C006FF00100BDE8FE8FC046884F0020441900202DE9FF47FB
:20785000484C94F8E700002876D13E4E01273C48F57C84F8E770736884F8E6500068C4F875
:207870001031C0F3801084F8E800684609F020FB002504F10C0001956B468DF80050324991
:2078900002952A4606F0DAF9304904F130006B462A4606F0D3F92E4904F154006B4681464F
:2078B0002A4606F0CBF9B16838468847DFF8B0802848327D08F104030078284E1868C0F3E1
:2078D000815A22B1BAF1030F04D184F8E170BAF1030F17D0BAF1020F14D0BAF1010F0ED0AE
:2078F000022007F087FE1C480068016804208847012804D030683221B1FBF0F10DE007F059
:207910009FF912E0022007F075FEBAF1030F0CBF4FF47A7142F210713068B1FBF0F1484623
:2079300009F056FB484609F055FB40460068C00802D2284607F05EFE00200090BDE8FF87F0
:2079500014100940D42F0100C3C800002DA6000075C7000005280020E0010010F027002097
:20797000B03F00500C1000202DE9F041FF2807461ED109F055FA10F0070F16D0042007F073
:20799000D7FA08B104200AE0012007F0D1FA08B1012004E0022007F0CBFA20B10220BDE828
:2079B000F04107F0E1BA08F00BFE0020BDE8F08107F0DAFA8046012FD8F80450334E04D083
:2079D000022F29D0042F3DD0EFE7022007F0B0FA80B1022007F0C8FA074601207C6807F03F
:2079F000A7FA28B1A0683118A86809F00DFE88B13846DBE7042007F09BFA28B1042007F07B
:207A1000B3FA0746012026E0012007F091FA08B94FF000084046C9E7042007F089FA28B1DD
:207A3000042007F0A1FA0746022014E0012007F07FFA28B1012007F097FA074602200AE0B1
:207A50000220E2E7012007F073FA88B1012007F08BFA074604207C6807F06AFA0028C7D061
:207A7000A0683118A86809F0CFFD0028C0D1D1E7022007F05DFA30B1022007F075FA074639
:207A900004207C68E8E70420BFE700BF589EFFFF4148404970B5ADF1700D086008F0E8FCEC
:207AB00002F0CCFB06F0E6FD3D483C4A031D1268196841F00C01196051680A460121904745
:207AD000394C384904F118000A68056800235608D907D0072A603143801A99414FF47A72CB
:207AF000002303F0CBFA002908BFB0F1004F28BF6FF00040342208230021686001A809F029
:207B1000BBFC04F1880600255020082105220B9001AB009504F138000A90304609F0A8FC80
:207B3000242208230EA82946666009F09DFC04F11C0601210EAA304609F092FC04201B49D1
:207B5000A66001F1240242F80C5F401E9560FAD10C46062004F16001401E21F80C5BFBD1BC
:207B700004F08EFB616812481A9106681796416818918168199117A805F0B6FA06F034FF1D
:207B900006F0F6FE06F012FF09F066FC28461CB070BDC046941B0020C95C0000D80100103F
:207BB000004003409031010020110020C4130020A42F01002DE9FC4707F00EFADFF8049190
:207BD000824609F1020000880027001F84B2042C51DBFF254FF6FF7820466946042207F05F
:207BF000E3F8BDF802C06146081D84420ADA002008F0E6FC06F0B2FA504608F0C5FC0020A2
:207C1000BDE8FC87BDF80060B0452CD05EB3F00BC3032BD1B54229D0381FF5B280B204280C
:207C300012DBB0F5805F0FDA00F188531B6801AA1360BDF80420954218D0BDF80620801A60
:207C5000001F80B20428ECDA601A091D07F188538AB280B2194607F0A7F8BDF80210C81953
:207C7000001D87B202E0C80BC60300D1641A241FA4B2042CB0DA06F071FA6FB10F4800683E
:207C9000114983693A46091D4FF0885098470C490020086008F0F6FE504608F075FC4A469A
:207CB000507800281CBF0020011C03D1C7F58054391DA0B25180BDE8FC87C046A8010010E8
:207CD00084046042901B002000E00100B0B544688068006808F002FA3F49012201F11803B1
:207CF0001A60A8B1237AFF2B12D010F0140F01D0020901D3277A4FB9C00804D30420086051
:207D1000022009F044F9FF2020725FE0FF203DE0207A00285AD0314B401E19D0401E02D0F0
:207D3000FD3853D04FE01D68D4F8B4000570D4F8B870D4F8B400401CC4F8B400781EC4F8A0
:207D5000B800D4F8B87007B3012F39D909221FE0D4F8B000401EC4F8B000D4F8B070E7B96F
:207D7000D4F8B8708FB10220D4F8A8202072127C0B1F012F4FEA420242F001021A6099BF0B
:207D9000032159600B220A6004E00020207204220A60022009F0FBF8B0BDD4F8AC000078CE
:207DB0001860D4F8AC00022F00F10100C4F8AC00EED2D4F8B870002FEAD1002020720522C1
:207DD00043F8042CE5E7FF202072B0BD04F12C0009F028F9B0BDC0460428004008280040B4
:207DF0002DE9F84F804691460A9CDDF82CB00C9E0D9D9A46484609F0C7FB07002FD0B8F1F6
:207E1000000F2CD138795FEA0A714CBF40F0200000F0DF00002C08BFBBF1000F07D1002EF3
:207E300008BF002D03D100F0FB00387117E040F0040038713DB12869B8621022294607F1D0
:207E5000180008F0F9FC54B1F86A08B108F018FF26480268906D1C2108F0CEFBF862244F3E
:207E70003868002840D084B1D0F8A40028B91C2008F0F6FE3968C1F8A4003868D0F8A40066
:207E900018B11C22214608F0D7FC8EB13968D1F8A80028B9172008F0E3FE3968C1F8A80055
:207EB0003868D0F8A80018B11722314608F0C4FC8DB13968D1F8AC0028B9142008F0D0FE42
:207ED0003968C1F8AC003868D0F8AC0018B11422294608F0B1FC5B4652464946404601B066
:207EF000BDE8F04F09F0B4BABDE8F18F304F0020A44E00202DE9F04786000D464048DFF8CC
:207F1000EC900168824601EB0608280F33D2680C11D24846C5F3414200F1180151F8224099
:207F3000C5F30351032928BF002100EB8100C0680127044308E0C5F34140032828BF00209B
:207F5000494651F82040002709F04EF8012F05D1290D2CBF26494FF000410C43DAF800300C
:207F700024499A5905F47F07114047EA01029A5109F036FB00E0002415F0E06714D009F04B
:207F900033F8DAF80020915921F08E410F439751C5F30262062A28BF00224946283151F82A
:207FB00022100C4309F01CFB98F80000124F98F801100443386839B9214604F0C9FE70B96A
:207FD000012088F801000EE0290F2CBF4FF4E0210A49224621F4802106F002FF18B14FF02A
:207FF000FF30BDE8F0870020BDE8F087DC2C010000004080FFFF00BF7C170020007FC76704
:208010001C3001002DE9F84F0E4607465FFA86F8300824BF3A484640DFF8F090394C4FEAF6
:208030008805A9F10100405907EA0602144086EA00013940B843C1F3006307F4E0210443E3
:20805000B1F5E02F01D1600E14D307F4E020184310D004F4E020B0F5A02007D0B0F5803075
:2080700004BF24F4003444F4A02403E024F4803444F4C02424484FF0010A0AFA08FBC0F8A5
:2080900000B008F0B1FF4946230A6D182B70220C6A70210EA97009F0A3FA1D4C524604F1C0
:2080B000D00ADAF80010002002FA08F50D4218BF101C5FEA000905D1F80D24BFC6F38050F0
:2080D00004F80800380E0DD308F08EFF310E34BF0021291CDAF80020AA431143CAF8001044
:2080F00009F07EFAB9F1000F05D0F80D24BFC6F3805004F808000448C0F800B0BDE8F88F1C
:20811000006000A0007F077FE020026001100840002002402DE9FE430D884A88AA4201D3AF
:208130002A0001D1012075E000230024ADF8043002944FF6FF7881460F4627E002942878F2
:2081500002283AD1BDF8006001218DF80610B6082878022860D1688904F8010B0222698940
:20817000090A04F8011B2046696808F065FBA41CBDF80400401CADF80400B1B2BDF804009B
:20819000884249D26D89454546D06D1C00200090002379880022A8B209F07EF905003BD0FB
:2081B000BDF8040008BB6B4642460521484609F04BF90400C2D111202CE002208DF8060088
:2081D0001221BDF8000090FBF1F62A78102A23D1688904F8010B6989090A04F8011B2046E9
:2081F000696808F029FB1034C2E79DF806000128EBD1ADE701A9484609F022F948B101AB90
:2082100005221621484609F017F910B1029805F0EDFE0020BDE8FE83BDF804000028E9D13D
:208230000A20F7E72DE9F0413A4C04F1080004F11401ADF1280D02F043FA374D00282A6812
:20825000606036D0354908F0B5FD70BB684600212422082309F0ECF8324E4FF47A773225CD
:208270000D23DFF8BC803068069341466B46B7FBF0F082B204F120006A4309F0D5F80E21C5
:20829000306806916B46B7FBF0F0414682B204F1440055432A4609F0C7F82349002204F125
:2082B0006800134605F036FF09E0286805A3024600E00FA3002110460A4607F0A0FC0AB0B4
:2082D000BDE8F0814572726F72206F636375726564207265676973746572696E67206275AF
:2082F00074746F6E2063616C6C6261636B2100C04572726F72206F636375726564206F706D
:20831000656E696E6720627574746F6E2070696E2100C0466C14002020110020B5F4000058
:20833000B9B1000090310100ED0F01002DE9F04391460A68D9F800501678804600271C4674
:208350003846ADF1140D242E02F101020A6058D11678521C4C2E0A600ED1A268ED1C25F00E
:2083700003052D1D55F8040C414604F0DDFF2168E7600127091A2160462E1AD1ED1C25F0CE
:2083900003052D1D55F8040CED1C029025F003052D1D55F8040C002741460390A268ADF8CF
:2083B000047001A801F03EFD2168E7600127091A2160532E25D1ED1C25F003052D1D55F894
:2083D000040CE061C9F80050208B0090A168E269D8F800004B46FAF727F9D8F800500027E3
:2083F00045B1A1688142D8BF481ED8F800100918C8F80010D9F800502168E7600127091AA1
:208410002160662E0BD1218B012904D0ED1D25F00705083503E0ED1C25F003052D1D1FB91E
:20843000E1690E700127E760C9F8005005B0BDE8F0832DE9FC4191EA03084CBF4FF00048AC
:208450004FF000084FEAC32545EA52554FEAC2264FEA43077F0D11BF45F000450021002013
:20847000BDE8FC815FF4E06E1EF1FF0E774555D04FEAC12343EA50534FEAC0224FEA4104A6
:20849000640D11BF43F0004300210020BDE8FC81744543D0E419A3FB0501A3FB06E7A2FB1D
:2084B00006631EEB030E57F1000751F10001A2FB05631EEB060E57F1000751F10001FF18CC
:2084D00051F10001C01951F100014CBF4FF4806E4FF4007E10EB0E0051F1000148BF641C5D
:2084F00001D4400049415FF44077FF37E41BDEBF00210020BDE8FC8117F58067BC420DD2BE
:208510004FEAD02040EA41504FEA41014FEA113141EA045141EA0801BDE8FC810020FF215B
:20853000C900C91D090551EA0801BDE8FC81FEE72DE9FE4F3B4D4FF0000A934602908846B6
:2085500085F801A005F0F8F9071C1BD0B8F1000F08BF544614D0ABF10109464654463846B2
:2085700001A9012206F020FC9DF8041019F8010F884205D17F1C761E04F10104BFB2EED149
:20859000A0454CD06F8808F103004FF6FC7440F6FC7104EA0006B819814204DA08F078FBAE
:2085B000FFF708FB6F88E41C46F40040ADF80040BB19ADF80200694601229CB2204602F069
:2085D000FBFABDF80200694601226FF3DF30ADF80200204602F0F0FAB0105946C2B2384662
:2085F00002F0EAFA02986946012240F40040ADF80000204602F0E0FABDF800006946012257
:208610006FF3DF30ADF80000204602F0D5FA687820B968888019001D688000E08246504688
:20863000BDE8FE8F901B002080B52B48006808B108F026FB2948006808B108F021FB284835
:20865000006808B108F01CFB2648006808B108F017FB2548806808B108F012FB234800685B
:2086700008B108F00DFB2248006808B108F008FB2048006808B108F003FB1F48006808B1A4
:2086900008F0FEFA1D48406808B108F0F9FA1C48006808B108F0F4FA1A48006808B108F043
:2086B000EFFA1948006808B108F0EAFA1748006808B108F0E5FA1648006808B108F0E0FABB
:2086D000002007F07DFF13480078BDE804404FF4804101F007B800BF104F0020144F0020C6
:2086F000184F00201C4F0020A0270020004F0020DC270020804E0020844E0020684E002029
:20871000884E00208C4E0020904E0020E0270020E42700206E4F00202DE9F843374C143C08
:20873000666F656F04F17409002E65D0F06840F603020827531C02E040687F1EFFB260B191
:208750005FB101888A4218BF8B42F5D131694CC820314CC189C881E8890005F1280090E855
:208770000C00002705F12806B84686E88001AF687FB14FF0E241404611EA030700EA02067F
:208790000EBF002E02400B40AE682869B5F93C10B04708F029FC0646B4F986004746401C24
:2087B0006FF31F30A4F88600484685F83F7007F062FC304608F014FFB4F984106068B4F990
:2087D00086300246994217D192F8701000290CBF0068381C82F8707060B1B0F1FF3F0BD0E9
:2087F00007490968AC34B0FBF1F1204608F098F8BDE8F88307F090FEBDE8F883D41B002079
:20881000F02700202DE9F04F064685B070888946924608F005FE871EBFB2DFF8C8B0DFF865
:20883000C880324D2989B81E88424CDB5FEA090049D104A80090337B7189308906F10D02D9
:2088500008F02AFE04003ED060893081BDF81020217A708808F0E0FD5FEA000933D13079F0
:20887000B91E0022039089B201920291CDF80080DBF80030BDF8102070882146FCF740FF3D
:208890005FEA00091FD16389B8F80020DBF80010708808F0BDFD5FEA000914D130894FF608
:2088B000FF7188421CBF401C3081BBD10BE05FEA09003089AAF8000008BF4FF00A094846BB
:2088D00005B0BDE8F08F28890028F0D0698890FBF1F028802946708808F096FD0028EFD038
:2088F0001620EDE7E04E00203E4F0020FC4C0020F8B508F04DFA04F0F7F908F061FA05468D
:2089100005F00C000C2854D0E80826D207F020F92A4E376804460120014607F05DFD316843
:208930006143884219D22649F020B0FBF7F0241A887C18B1C868A04238BF041C214D2146B4
:20895000284608F05DFD2846F7F79AFF0120FBF783FF2846F7F784FF2DE0280929D21A4C3F
:20897000A4F1200620688168184888470746042FF8D01748690905D227B101460A6822F0F9
:20899000010203E001460A6842F001020A6098310A6842F003020A6030688169202088471C
:2089B0000C4C37682068B86B804701202060206801E0F8F71BFB08F0F1F9F8BD90310100D6
:2089D000D42F010018100020D8010010004003408C2108402C2009402DE9F84F374E044619
:2089F000B0688047344D05F10802116809191160F1688847286800285BD0A9464FF00008BA
:208A100007463546C246A868804756461FFAA4F3834683B95FFA94F36BB93979E0B288423C
:208A300004DD79682046884209D20AE03879E1B2401A387108E079682046884201D33146E4
:208A500001E07968091A7960B88878B9FB8853B9FB6843B13B8933B1B87A194600F042FE88
:208A7000F8687860B88808B9FB880BB13B896BB9B8F1000F04BF3868C9F8000003D0386837
:208A9000C8F8000038683E46074601E0B8463F68E9685846884756B1B08828B9F08818B9E8
:208AB000B07A318900F01EFE304608F0E9F8002FA9D1BDE8F88FC04694270020C4130020BA
:208AD00033488078FF2800D170472DE9F04107F0B1FF054695F80F0101281EBF2968487837
:208AF000002852D02B48447BC37A027B817AC07901EB000890440028984408BF002BA0445A
:208B100003D1002A08BF002C01D0002603E0002914BF01260226204F3868B0B3B888AA795A
:208B300090421CBF4FF6FD7188422ED11B48007A08F09EF8040028D02670A879184960809D
:208B50000A68A879115C217195F974006071A4F80680B5F81401208108F05AF8050005D1F6
:208B7000FF204FF0FF31A072E16009E02878A07208F04EFD0146A86808F03EFC8008E060D5
:208B900020463968BDE8F0410847BDE8F08100BF684E00205C4D0020C0270020C41A002020
:208BB000E42700202DE9F04F364D8DB0804628688946924608B9122061E0C08808F0E4FC14
:208BD000040008BF14205AD009A808F011FC29680878F8B109AA0192C96E009108F004FCE6
:208BF000070018BF0127002008F0FAFB8346607981070AD50622002104F10C0007F04EFDBD
:208C100018B9012504F10C0624E0657905F00105A61D1FE0C96E019109AA009208F0E4FBC2
:208C3000050018BF0125002008F0DAFB0646607981070AD50622002104F10C0007F02EFD3D
:208C500018B9012704F10C0B04E0677907F0010704F1060B009807A908F0BEFB019805A9F6
:208C700008F0B6FBCDF810A003960295CDF804B0009705AB07AA4946404608F0A5FB0DB0BB
:208C9000BDE8F08F304F00202DE9F04707467D68BE6890468A4608F0A7F981463068006B54
:208CB00000F48071287800B119B1484608F098FC57E005F5827008F08FF90024EC77C5F8A3
:208CD00020A06C623168086B40F480700863484608F086FC05F2291007F030FB41463846FC
:208CF00006F0EBFD05F22919A862A8B93846414605F0BCF8A878D0B9A96805F1CC0007F0C1
:208D1000FCFEE8B1AC621020E8773146284603F08DF805F2291022E008F066F93268916B97
:208D300041F02001916308F05BFCA87810B12046BDE8F087A96805F1CC0007F0DEFE10B9BC
:208D5000686ABDE8F0873846414605F08FF81020AC623146E877284603F068F8484607F03A
:208D7000DDFA4FF0FF30BDE8F0872DE9F8430D46064668687468D6F80890002710B9E86840
:208D900000285AD008F030F9217801290CD1D4F8BC1049B1D4F8C0108D61C4F8C05008F0D0
:208DB0001FFC0120BDE8F883C4F8BC50C4F8C05008F016FC04F160083946404607F09DFEB5
:208DD000B0F1FF3F07D12078012836D040464FF0FF3107F092FE022006F00CFCD9F8080090
:208DF00008F004F93046294602F0FCFC0546D9F8080008F0FDF8207888B9B5F1FF3F08D0F9
:208E100004F17C004FF0FF3107F077FE207A48B110E003202072022006F0F2F90AE0B5F12B
:208E3000FF3F01D0012705E00320207204F12C0008F0F8F8404608F0EBF83846BDE8F88349
:208E50002DE9F0410C4616460546984600210622ADF1300D09A803F025F92846214609AA76
:208E700001F03AF805460A2D43DA06F0E3FF07464346294630463A4603F076FA68460021DB
:208E9000142203F00FF96C0004EB850404F1240010216A46C0B207F0DBFA88B96846FF2166
:208EB000102207F0FBFB58B9253404AA0421E0B207F0CEFA304607F001016A4608F080FA64
:208ED00005F17000102105AAC0B207F0C1FA68B905A807F09FFA042404AF37F8041F19B1C3
:208EF000BA78304607F07AF9641EF6D1284605F057F8B8F1040F07D10548401C0078022876
:208F100002D1304605F0DEF90CB00020BDE8F081240C00202DE9F8430446994690460E1C70
:208F300044BF0020011C5AD408F076F805468021304606F005FD071C04D097F83F1031F0FD
:208F50007F0106D1284608F023FB02200021BDE8F8834FF0E0400A2107F1200640EA0909DF
:208F700041EA080896E8030008EA000019EA010608BF00281CD0284608F00AFB07F12000CB
:208F900003C804F1680604F1680508EA000809EA010986E8000395E80C0007F1200696E8A4
:208FB000030007F120059943904385E8030013E00C48B968884202D0B9682166B86004F1A9
:208FD000580080E80003284608F0E2FA04F138004FF0FF3107F091FD683494E80300BDE89B
:208FF000F883C04635D700002DE9F84F314D0446A86888469A4617464FF0FF3108F04CFBE6
:20901000FDF7BCFD294EA8684FF001094FF0400BBE46A44600903FE000249CF80010244A66
:2090300001EB81010919555C08EB04000023C7B2690811D3BAF1010F0ED00EEB0302D01080
:20905000410101EB8011C9198919487802F0070209FA02F202430FE00EEB0302D0104101B7
:2090700001EB8011C9198919487802F0070209FA02F282F0FF0202405B1C86F800B06D1056
:20909000082B4A70D4DD641C042CC6DD08F106010CF1010C5FFA81F89CF800100029BBD19A
:2090B000009808F0F5FABDE8F88FC0466C08002071250100201100202DE9FE4F89460546F6
:2090D0000CAF97E803001E4601919046009007F08BFF2B4F6FF0010A8346082007F5D07451
:2090F00094F83F3033F07F033ED107F1AC0007F073FFB7F98400401C6FF31F30A7F8840040
:20911000C4F80C9084F83E80A660B7F88400009AA0870198022320211343002242EA00060A
:2091300016482561314004F118061840134686E8030004F1200686E80C006363214623634D
:209150004FF0FF36A663802284F83F2007F16C0085F8703006F0A0FFF86E844201D104F0FD
:2091700083F8B4F93CA003E0401E04F14004B7D1584608F035FA5046BDE8FE8FFFEFFF9FC0
:20919000C01B00202DE9FE4FDFF8C08098F8990100284FD0002501212C4698F8992101FADB
:2091B00004F0104203D1641C032CF6D342E098F899211020A040104218BF0D1C07F014FF35
:2091D00098F899211121A1408A4388F8992108F007FAE0B207F024FC60B3877A57B390F9D2
:2091F0000990194A0168012D446852F82960019110D0017A02290DD100F1100191E8000CD0
:2092100000274FF0805317EA0B0703EA0A0108BF002901D102F0C4FC012D04D000960022CC
:209230004FF0006303E000224FF00073009201984946A04798F8990120B108F58270002119
:2092500007F0EEFEBDE8FE8F94300440C01B0020B0B5294C0D46A8083DD2E8084AD32D4878
:2092700054380068006B80470146E06EA16000280EBF60680069606040682049007808604B
:20929000022006F0B7F9112000F072FD01202074606841688F681C480FB9CF682FB10022E4
:2092B000A0F11401CA61164F0F60164A072100271160164D026807604268154A476003688A
:2092D000626145EA030101601A2007F091FE192007F08EFEB0BDFFF71FFA204600F1740163
:2092F000096811B903F0C0FFB0BD45F00201D03007F096FEB0BDC046C01B0020D02108409A
:2093100051000706000004601410044002000040B54C0000E0010010F8B52F4F0D463968C0
:209330000646C88808F030F9040001D11420F2BD3968087830B3002008F052F801460622D2
:20935000304607F079FA08F04FF800B10120B071607981070DD50622002104F10C0007F067
:209370009DF930B9062204F10C01284607F064FA2EE00622A11D284607F05EFA607900F0F7
:20939000010026E0607981070ED50622002104F10C0007F083F938B9062204F10C01304624
:2093B00007F04AFA012007E00622A11D304607F043FA607900F00100B071002008F010F8BF
:2093D00001460622284607F037FA08F00DF800B10120A8710020F2BD304F0020F8B52D4EFA
:2093F0000446306800280D4649D0C188A14246D14178062936D1017819B3816ED1F89830F0
:20941000C26ED90705D5177BF90702D5072242701EE0C3F3400100291FBFD168C1F34001E4
:209430000029092109D1C3F3800100291EBFD168C1F38001002902D00B21417008E0164826
:2094500000E01648006800281EBF4068002880472946204602F04EFF30684178122916D133
:20947000002009E011290ED1280018BF32252946204602F03FFF284607F09EFF07E0294607
:20949000204602F037FF2146284607F091FF0120F2BD00BF304F0020384F0020344F00205A
:2094B0002DE9F84F0D460AAFDFF8B0802878B7F800901C469246FF2610283FD16868DFF8FF
:2094D000A0B0102200900BF10C0106F045FD002748B99AF80000E9680870E96844468C42FD
:2094F0002DD13E462DE000980BF11C01102206F033FD58B9142C12DCE868224651464844AA
:2095100001F00CFB01264046801C13E000980BF12C01102206F020FD80B9142C01DD0D2776
:209530000DE0E86822465146484401F0F7FA02264046001D09EB0401018002E00127FF2EF5
:2095500008D040460830006820B1006810B10146304688473846BDE8F88FC046F0120020A5
:209570005C2D01002A4A2DE9F04180460124A2F13000046023480768002FFCD02749224DD0
:20959000C0200B1F28601868800806D253F8040C1E4B000C40F0F0001870002010601D48DC
:2095B000D0F8D4311A080FD200681B4ADF0E80F0C000107007F00C0040F0C00082F81101E2
:2095D0004FF40036C2F813604FF08057D7F8F0010E68016830468847D7F8F00142683146FA
:2095F00040469047D7F8F001816830468847D7F8A001C1680220884740202860084E3460B4
:20961000BDE8F0819402224300600C4056620840401009403811005031A00C40B43F0050EB
:20963000940460422DE9F84F0E460AAFDFF8B0803078B7F800A09B46144610284FF0FF07C0
:209650003CD17068254D1022009005F10C0106F083FC4FF0000948B3009805F11C01102249
:2096700006F07AFC00B3009805F12C01102206F073FC40B92078F1680870F16845468D4254
:209690001ED102271EE000983C351022294606F063FC98B92078F1680870F1684546681C83
:2096B00088420DD103270DE0012700E04F46F0685A462146504401F031FA03E04FF0010903
:2096D000FF2F08D04046001D006820B1006810B10146384688474846BDE8F88F702B010085
:2096F000141200202DE9F843DFF8B0802A4E81460C4639F07F0019D1B9F10A0F13DA284D74
:20971000A86880472349096831F81920144321F81940E96888473068416A474607F114005E
:209730000068884733E00320BDE8F883042006F025FC071C08BF04202AD04FF6FF703880DD
:209750007C80404601788478A7F10C05FF2902D0806A4018847AFF2C08D1384606F08EFD1C
:209770003068806880470120BDE8F883484606F0A5FD33680146FF20A8721D680022204603
:209790003B46A84718B1384606F078FDEBE70020BDE8F883F42700209C1B00201819002022
:2097B000C41300202DE9B043044607F01DFC81462748221892F8F010491ECFB2002F82F8B4
:2097D000F0703FD1254901EB84014A880C78904634F07F0718D1E1090FD24FF0805000F59C
:2097F000DC75D0F8B8018169104688472868416B404688470228F9D11EE000EB8800D0F8BA
:2098100004110020884717E04FF08055D5F8B801016A10468847D5F8B801816A404688474D
:20983000D5F8B801016B404688470A4901200860094908688008FCD304F03F00132801DA93
:20985000FFF7B0FF484607F0CBFE0020BDE8B0830C1000202820086028200840BC2B0100A9
:209870002DE9F84F98460E465FEA020914BF4FF0804A4FF0005A07F0B7FB254C032500221C
:209890008346B6F1FF3F06D1E06F00280CBFE16EE16F69B936E0082004F5D077B7F93C10B6
:2098B0008E4204D0401E07F14007F7D12AE0394691F83F7037F07F0723D0E06F88420CD039
:2098D000424602F073FAE0B1207C012817D004F1D000022107F0A4FB11E00846534604F00A
:2098F00057FDB9F1000F14BF0A480B4806F0EEF9B8F1000F03D0E16E424602F057FA8325A9
:2099100000E00425584607F06BFE2846BDE8F88FC01B002001000204010001047CB5040059
:2099300004BF002006F04CFE22494C60606900B180476068017B01F00F0102290CBF806879
:2099500007F066FEA0602078802818BF402813D1194800218022017041708170C17001715F
:2099700041718171C171017241728172C17201734173C173016182731049114B08780028A5
:2099900014BF104810480021CDE90001022261680E4C0F482568006855F8086FB0470D49B8
:2099B00010F1020F088004D1BDE87640002006F007BE73BDA02700205C4D0020784E00202C
:2099D000ADF200000204848002048080F04E0020EC4E0020424F00202DE9FE4F05462B483E
:2099F000083000680C464FF0FF3107F055FEFDF7C5F8DFF89C904FF0020B002628464100D7
:209A1000019401EB00110091DDF800A01E48DDF80480092782441AF8015F002425F07F00BF
:209A3000802806D0311940460122193104F0DCF812E0311919310123CA10500101F00701C5
:209A500000EB821003FA01F1404440234844427889F8003011434170641C6800082CC5B214
:209A7000DCDD7F1E08F10108D5D10098BBF1010B06F1080600F109000090C5D10348806830
:209A900007F006FEBDE8FE8F9C210100201100206C080020F8B514460E46054607F0A4FAAB
:209AB00007462846274D31468326082930D8DFE801F0423C392F3523140531C0287CC8B9E9
:209AD000E86EB8B9216805F1D00007F0ADFA216805F5827007F0A8FA2FE0287C50B9E86EA2
:209AF00040B92168192007F089FA21681A2007F085FA22E0002620E0206828B1012807D15E
:209B1000802005F0C1F918E0802006F021FD14E0032612E020780C4908700EE020680C350F
:209B300028600AE02188418207E00122C16842746031C16001E021680160384607F050FD0F
:209B50003046F8BDC01B0020581D00202DE9F04114460F4607F008FD0146274800680078B2
:209B70001FFA81F808B906F039FD0FB338684FF0FF3518B140280AD3810B08D17E681EB159
:209B9000310A04D0310E02D1B9680F2908D93DB10CB1284620700820FFF704FE002424E069
:209BB0004FF08055D5F8CC11BA680B68796809E04FF08055D5F8CC010068012203464FF4B3
:209BD00080700146984705F5E67501200B490C4A086010684008FCD32868406801460220A7
:209BF00088470CB1002121700446404607F0F8FC2046BDE8F081C046202B0100A802504252
:209C1000088002402C482DE9F0410C461D4606AF90466168BB884E7802783F88097842F6A3
:209C3000232C01EB06210026B1EB0C012CD0491E05291AD9891F0DD0263936D1072F32D834
:209C5000C7F10701994298BF8BB2C0192B800830014608E0BA4226DBD21B9A42D8BF93B238
:209C70002B804168C91908460CE0E06806F014FF80B2B84217DBC01B9842D8BF83B22B80C9
:209C9000E168C819014609E0082F0CD8C7F10801994298BF8BB22B80C1190F311A46404664
:209CB00000F03CFF04E0072602E030460A2628803046BDE8F081C046500A0020294838B5BE
:209CD000001D0468B4F1FF3F08BF002405F022FE032832D12448254B184A0025012110380D
:209CF000056003F15C00164B016018681160806C80471448006820B1134800682046FFF785
:209D100031FC124812490560124C0A686FF35B4244EA0200086010490868C0F301300128AF
:209D300006D10A680D48104040F400320A6008600B4908680028FCD138BDFEE708220443E9
:209D5000F001001080012843000120438C210840482003400000390104000940FFFFFCFC85
:209D70000C006842181300509404604200600C40F8B5064607F038F9264D0746711991F8C8
:209D9000F000421C002881F8F0203ED1224C04EB8604267806F03F00132801DAFFF7E8FFF8
:209DB000648836F07F0018D1F0090FD24FF0805000F5DC75D0F8B8014169204688472868FA
:209DD000416B204688470128F9D11EE005EB8405D5F804110120884717E04FF08055D5F87E
:209DF000B801C16920468847D5F8B801416A20468847D5F8B801C16A20468847074901207E
:209E10000860074908688008FCD3384607F0E8FB0020F8BD0C100020BC2B010028200860B2
:209E3000282008402DE9F047002A8A46074604D4B2F5004FB8BF95B201DB47F6FF75002FA6
:209E500008BF00203AD03888002808BF002403D02A4602F0C3FA84B2291B88B200282CD064
:209E7000388828B1504616A204F080FB001984B2B86810B3D7F80480A5EB04091FFA89F6C2
:209E9000B8F1000F0FD0404606F006FE401DB04209D84346494650460AA204F067FB0019A2
:209EB00084B2281B86B2122E07DBBB68291B504606A204F05BFB001984B22046BDE8F087FF
:209ED0003A2000C0222573222C2000C06C696E652025643A200070472DE9F043894699F865
:209EF000051090460A24ADF1140D21F03F01C02904D040290CBF0121022100E0002130F0D2
:209F100002022AD0032828D039B3022935D11D4E2546002730464946062206F09FF930B952
:209F30006D1E06F10E0607F10107F3D125E03C460A2C22DAB8F1000F1FD060000E216A4618
:209F500000EB84002030C0B206F082FAA8B940466946062206F070FC0FE0484605F0E2FDDD
:209F700004460A2C09DAB8F1000F06D0062019F8011B401E08F8011BF9D1204605B0BDE889
:209F9000F083C046110D00202DE9FF41284C2068002849D08578274F07F016FB80B1032D8B
:209FB00005D00A2006F00CFC06460B2016E0282006F006FC0646292006F002FC804620E098
:209FD00007F0F2F928B1062006F0FAFB0646072004E0082006F0F4FB0646092006F0F0FBEB
:209FF0008046012D12BF042D3878032809D12068C178022908BF002102D0032914D10121CD
:20A01000C170387807F0CCF92168CA7A03920C1D8B7A029301940346C97800912A464146C7
:20A03000304607F0B9F900E0012004B0BDE8F0819C4E0020594F00202DE9FF41284B4768DC
:20A05000866814460D4601A81A68998802609B798180A5428371A8BF2C1CB168786806F019
:20A070004CFD78BB4FF00008CDF80080F068318A6D1C16A22B4606F004FBA41C0246AC4218
:20A0900013D9641BF06801A90B688018036089888180308A921D801A082804D23868F168C1
:20A0B00006F042FF4246641EECD1F0680BA10988801801803868F168921C06F035FF786833
:20A0D00006F0A6FF0090BDE8FF81C0461B371B5B3130721B5B25643B256448001B3800C061
:20A0F00058310100F8B5041D14F003001CBF241A241D07F03DFA244D064607F035FA234A19
:20A1100057692540B1B280B20904090C102C41EA050160F31F410D46156188BF9769386883
:20A1300000231E46010821D226B9844209D93B4601261EE0196809188C42196019D81F4620
:20A150000846DFB1D169001B042807D23868091AD161386840F00040386005E0385144F078
:20A1700000403860091BD1613F1D07E080F0004000263F1838680028D4D10027284606F039
:20A19000AEFB3846F8BDC0460000FFFFC4130020B0B505460F4614466800ADF1200D0E2117
:20A1B00000EB850004AA2030C0B206F051F908BB06200DF10F0111F8012FFF2A02D1401EE5
:20A1D000F9D117E07035E8B210216A46054606F03FF900282FD1684606F01CF9AFB1384656
:20A1F000694606F005FB40B924B10020694606F0FFFA08B900201FE0078081788C421AD006
:20A2100084700CB9002101800DE01021ADF1010212F8010F10B9491EFAD10CE06846002144
:20A23000102201F03FFF684606F0F4F8284610216A46FEF77DF9012008B0B0BDF8B501204F
:20A2500005F0C0FB061C45D006F0CEFE224F396919B93E6107F0C4F904E007F0C1F9304602
:20A2700006F0C0FD38694FF0FF3106F046FC387868BB07F1140007F1080100F021FA174988
:20A29000786006F097FDFF2207F120012020401E01F8012BFBD1124CA068002613E021687B
:20A2B000B5004859C00F03D24959F0B2FDF722FEE068B04205D96068295811B1F0B204F083
:20A2D000B1FB761CA068B042E9D801203870386906F09EFEF8BDC0467817002045F50000D5
:20A2F0001C3001002DE9F0410646B76875688846ADF1280D684606F033FA00248DF8014016
:20A3100078680690012005F05DFB6860686840B104F030FA3878694604F04CFA28602868F1
:20A3300008B9264617E00421224606F0F8FD98F80000401E08D0401E04D0401E14BF201C0C
:20A3500007A002E008A000E009A0A86028680AA1122206F0E9FD30460AB0BDE8F081C04694
:20A370001B5B324B00C046C01B5B304B00C046C01B5B314B00C046C01B631B5B324A1B5BBF
:20A390003130721B5B31313B3148000038B5264C217A012821D0022808D004280ED101200C
:20A3B000207004F0A7FC2169022005E00125257004F0A0FCE1682846FBF7E8FF1B48F6F7AA
:20A3D0004FFA02F05FFE012004F076FE04F1280041F2883104F074FD38BD012919BF0020C7
:20A3F00001220020021C0146FAF71CF9607A002807BF0120021C012000220E21FAF712F92A
:20A41000A07A00280CBF012200221D210220FAF709F9E07A00280CBF012200222C21032085
:20A43000FAF700F938BDC04694160020D414002038B50446182006F0ABFF002849D0A0F174
:20A45000090594F89400002814BF1D201920E880002105F10803296029716971032018701B
:20A470000F2104F5A07003F8011F02885A700188090A99704188D9704288120A1A718188F3
:20A4900059718288120A9A71C188D9710021C0885972000A18729972FF20187358739873CB
:20A4B000D873187458749874D874187558759875D875D97294F8940020B1182203212046DD
:20A4D00006F062FFA06E294606F05AFF0020E083012032BD2DE9F84F0AAF3E88BC889246BE
:20A4F0000D46002E1F4618BF0B203FD1287810283BD16868DFF878801022009008F10C0109
:20A5100005F02AFD58B3DFF86C9009F10200B0F800B0009808F11C01102205F01DFD38B9FD
:20A53000ABEB0600A042D8BF84B23C80224610E04846B0F80490009808F12C01102205F0FD
:20A550000BFD90B9A9EB0600A042D4BF82B2221C3A80E9685046891900F0E0FA05E0012006
:20A570003880E86800788AF800000020BDE8F88F5C2D0100F01200202DE9F0419046064668
:20A590000F1C08BF05243FD036F07F0003D022480068806880470A2EA8BF032407DA57F892
:20A5B0000C0C18B917F8020CFF2804D00524384605F064FE28E007F8026C154C154DA0684C
:20A5D000B8F1010F13D080470246002047F80C0CA868002808BFAF6005D0014651F80C0CBE
:20A5F00018B941F80C7C104606E00146F6E78047A96847F80C1CAF60E168884730464FF43A
:20A610000041FFF76FF800242046BDE8F081C046C4130020181900209C1B00202DE9F04180
:20A6300006F0E2FC244D214E804605F1E000007848B93446A168022088470746102004F05C
:20A65000AFFE77B31BE006F0BBFBC0091BD21B483C380068C4681648342101220023A0476B
:20A6700088B102F0CBF934460020A16885F8E000022088470746102004F092FE8FB1A168A0
:20A69000032088470DE00B4800683221B1FBF0F101B901213035284606F09AFC284606F091
:20A6B00099FC404606F09CFFBDE8F081D42F010000A00C40F02700200C100020E001001074
:20A6D0002DE9F0410E46071C14BF002E002040D0224C4FF0FF3104F12800804606F00DFABE
:20A6F0003078FE2811D022680021FF2808D082422AD31F2828DA04EB8000D0F898501DBBF0
:20A71000491C16F82100FE28EFD1002038607860B8603078FE2818D00125FF280FD01F28DE
:20A730000DDA7B6804EB800105FA00F0C1F898701843094978603268384604F051FB16F834
:20A75000040FFE28E9D100E00027404606F060FC3846BDE8F081C046007FC767F80E0020AA
:20A770002DE9F84F81460020C9F80000684602F04FFF204FDFF884A000264FF0FF354FF094
:20A79000190B344680461C48E1B200EB4110837AABB1017A0126022915D079684A8A97F8C3
:20A7B0009A314069C96889180BFB031104F03AFF51460968B0FBF1F0854288BF051C641CB9
:20A7D000032CE0D300E00025B8F1000F04D0012E05D0B8F1010F05D0012E04D005E00098E4
:20A7F000854200D9009DC9F8005046EA0806F0B2BDE8F88FC01B0020F81C0020F027002089
:20A810002DE9F047244EDFF89490012400254FF0020A4FF01108E8B206F002F9071C35D0CE
:20A83000B87A012832D197F90900113004FA00F0C143316071680843706097F9090004FAC2
:20A8500000F0C0B205F084FE07F11000002105F08DF80146812909D1B86918B1002105F0A1
:20A8700085F80146812908BF87F80AA081290DD009F2991297F90910137809F5827008FA17
:20A8900001F119431170002106F0CAFB6D1C032DC1D3BDE8F087C04608100440C01B002037
:20A8B000F0B520480127F84201D003F053FB204D204F214EBD4206D203CD0478A400345968
:20A8D000401CA047F6E71D48002800D08047164D164FBD4202D210CDA047FAE7F0BD03250F
:20A8F0001BE0416808300A1C2A400BD11A1C2A40AB4305D0046804300C600431043BF9D153
:20A91000131C05D0047801300C700131013BF9D1021C2A4001D0A84304300368002BE0D103
:20A930007047C046FFFFFFFF0000000000000000CC370100343801008837010015C4011033
:20A9500022482DE9F0410068806980472049234D0F686E68B7F57A7F17D00021801B3A4630
:20A9700088460B4605F074FF4FF47A72002300F085FB04464FF47A72002305F069FF3A4605
:20A99000434600F07BFB301800E0841B6860124D05F10800006880470E4E316872680919AC
:20A9B000B1F57A7F0AD34FF47A73B1FBF3F7D2197260B1FBF3F707FB03F2891A3160E96876
:20A9D00088472046FEF708F8BDE8F0819C1B002030190020001B0020C413002094270020DA
:20A9F0002DE9FC4792460D46826844689168D768B2F810806068994606F07FF800285046E9
:20AA100032D1FF2D10D0401CA8F102016B1C009016A2384605F035FE0646A06828B1016814
:20AA3000F019361D016000E000260A9BA8EB0601F0194A46891E06F0F9FAFF2D064406D18E
:20AA50000D22701C0A21BA55461C395404E00BA00188F519B61C298020683946324606F0EC
:20AA700063FA606806F0D4FABDE8FC871B371B5B3130721B5B25643B256448001B380000BC
:20AA90002DE9FE4F244C80460CAF1E460192A0683D7800918047A146B8F1000F029005D13F
:20AAB000D9F80C1088470220BDE8FE8F174800274FF00F0B4FF0010A041F54F8080FD8B936
:20AAD000012D0CBF124B134B1048019A008897FBFBF140180AFA07F1C0B2984760B9009863
:20AAF000C4F80080606006B13770D9F80C10029888470020BDE8FE8F7F1C0F2FDDDBD9F8E2
:20AB10000C10029888470820BDE8FE8FF8140020C9EC000039E50000C4130020002A4AD00C
:20AB30005FEA000C8B071CD1830722D1102A08D370B4103A78C978C0103AFBD270BC103233
:20AB500038D0042A2CD3082A05D30C2A24BF08C908C008C908C008C908C092072AD0920F8E
:20AB700022E00B780370491C401C521E22D08B07F7D1C30714D18307D8D0121F12D308C988
:20AB900003801B0C4380001D121FF8D20AE008C903701B0A43701B0A83701B0AC370001D8D
:20ABB000121FF4D2121D05D00B780370491C401C521EF9D1604670472DE9FC47234F054626
:20ABD00007F108000068164688468047824604F003FA1B4C8146206883691848B200000B94
:20ABF000C0B205EB00314046984716490020B9F1000F086004D0206B426813480121904750
:20AC1000444602E02D1D241DADB23046411ECEB278B128466946042204F0C6F86846214646
:20AC3000042205F099F90028ECD00949012048700870F96850468847BDE8FC8700E0010001
:20AC5000A80100108404604200400340C4130020901B00202DE9F043234D81461E4605F1E2
:20AC700008003768036814468846ADF1240D1FBB0C20FFF737FA071C16D068460021242270
:20AC9000082306F0D5FB0023069749466A46ADF810301448059306F06FFB386038B9FDF7FE
:20ACB00046FC384602F080FA6FF0030016E0C7F80480BC60376009E0984706463868F5F76A
:20ACD000CFFDBC60E8680146304688473868494606F096FB3868F5F7D3FD002009B0BDE810
:20ACF000F083C046070F0100C4130020FEB584684668206805F002FA216820488A6B1040C1
:20AD1000886340F2F27120681D4D416494F82000295C94F82100401980790843216848635D
:20AD3000684606F051F9317F05EB81012068B2690B6A717F05EB810189691943B37F05EB09
:20AD500083052B6B0B43019905F0B7F92168C86A40F01000C8622168086B40F0010008637B
:20AD7000A07D0027FF2802D0E07DFF2800D11FB1086B40F440400863FEBDC0460DF8FFFF0B
:20AD9000982C0100B0B5456884682349607DA27DADF1180D40F000400090207D0027FF2AC8
:20ADB00041EA000001904FF0020002D0E27DFF2A00D13FB1E37DA07D1943039140F000408E
:20ADD00002900420FE214DF8201005F154006946FFF776FC2866002808BF381C1AD0617D1F
:20ADF0000F2204F0EFFB286E217D102204F0EAFBA17D3846FF2902D0E27DFF2A00D140B115
:20AE1000286E112204F0DEFB286EE17D122204F0D9FB012006B0B0BD0000C0A0F1B5234FE0
:20AE30000D4639781646A9B10C2005F0A7F804003AD0912020703E2181226170A27005222D
:20AE5000BDF80000A080A6712946E01D05F0F4FC387826E0142005F091F8040024D0012024
:20AE70002070FF2104F1080261706260042010703E226068427009216068817081216068B5
:20AE9000C170022260686946001D05F0D5FC60688671052260682946C01D05F0CDFC0448EF
:20AEB0000078214605F0FAF9F1BD00BF01280020FF2700202DE9F843044604F16805286832
:20AED000016800293FD10D2006F062FA00283AD0A0F10906002030603071707106F1080737
:20AEF0000E20F08003213970042007F8010F04F1A00808224146781C05F09EFC04F198099D
:20AF10000422494607F1090005F096FC2868314606F036FA0821404606F02AFA042148463B
:20AF300006F026FA002041422144221891F89F1082F8BF10401C0828F5DBA88AE88200210F
:20AF50002971012000E00020BDE8F2832DE9F84F0C468146E00BC00318BF84F400443AD14A
:20AF7000002C08BF002037D01C4DA868804783461B4801884FF0000801264746AA4606FAC7
:20AF900007F2224203D17F1C0F2FF8DB1DE04D46EA01FB00001DA2EBC502CD01A5EBC101BD
:20AFB0008D1AED189B1A5B18C158BE401FFA86F82D1811B11B18586888474846414604F02D
:20AFD000A9FB10B9002028606860DAF80C105846884788EA0404A0B2BDE8F88FC41300203A
:20AFF000F81400202DE9F8432020EFF3118780F31188214CA068012106F0B6F94FF0010979
:20B010004FF0000865692168A4F81C906A1A2168A4F81E80461B401A904227D387F3118859
:20B0300040462D18361A4846294606F099F9B042F7D92021EFF3118781F31188E18B012940
:20B0500003D14046294606F08BF9B0F1FF3F06D0A169801B814238BF081C291801E0A0693A
:20B07000411906F079F9A4F820902560A4F81C8087F31188BDE8F883780100208B4208BF95
:20B09000824204D90B1C021C002100207047002B08BF002A0BD10B1C021C00210020002B19
:20B0B00008BF002A1CBFC943C04303F07CBEF0B51C4615460B46024600200021B4FA84F614
:20B0D000202E04BFB5FA85F62036B3FA83F7202F04BFB2FA82F72037F61BB6F1200727BF55
:20B0F00005FA07F400257F42B4403EBF25FA07F73C43B540A34208BFAA4201D3521BA34121
:20B11000404149416D0845EAC4756408761EF1D5F0BD70472DE9F041DFF8888004680E4627
:20B1300017464FF0FF31404605F0E7FC4FF0FF35092E08D0217A0120B040084212D108432F
:20B150003546207211E0237A0521012000FA01F2134202D0491EF9D504E0227A88400D4619
:20B1700010432072B5F1FF3F15D0A7B1062004F041FA2946384600F061F80746062004F0C7
:20B190003FF847B1217A0120A8404FF0FF3580F0FF0008402072404605F03AFF2846BDE849
:20B1B000F081C046E8150020F8B5044600210222684600F077FFE0B28DF8004005F012FC41
:20B1D0001D4D0146281D0068CEB2002E0CBF184A184A4FF4E021224303F002FE20460D387D
:20B1F0000BD0401E22D16F781EB9FFB90120687008E0DFB1002068700AE02F782EB9AFB954
:20B21000012028708DF80100F8BD7FB1002028708DF801000220FEF765FF021C06D0BDF898
:20B23000000000211080402002F03AF9F8BDC04600000680000005806C1400202DE9F0411B
:20B2500080461F4800680D46416927208847012404FA05F61B4DC5F80064C5F87C470327E5
:20B27000C5F8807718480460C5F88477D5F80404012818BFC5F80444C5F8FC6313480460D9
:20B29000C5F800801023AB60204605F080FED5F88C076FF39D000028F6D0D5F88C17204627
:20B2B00011F0404F09D1C5F884770021C5F8FC16D5F80024164218BF081CBDE8F081C0460C
:20B2D000B00100100440024000E04842000048422DE9FE4F05462248083000680C46934640
:20B2F0004FF0FF3106F0D8F9FBF748FC4FF004090027284681010194A1EB80018A4617489E
:20B3100000260AEB0008019818F8015F00248019009025F07F00802804D1BBF1010F18BF00
:20B33000002200D10122009839190D3102F05CFC641C6800082CC5B2EBDD761C0E2EE2DD8D
:20B35000B9F101090AF10F0A07F10807D7D10448806806F09DF9BDE8FE8FC046F027010056
:20B370002011002070B5ADF1200D02F08BFE2048183038C86A4638C209C8694682E80900B4
:20B3900005A8FFF79DF914210022044603F044FDB926002520460A21002203F03DFDC5F1F5
:20B3B0000700092146FA00F2204602F0010203F033FD20460A21012203F02EFD082005F0AD
:20B3D000E6FD6D1C082DE5DB20460A21002203F023FD20461421012203F01EFD4FF42F7088
:20B3F00005F0D5FD204604F0E8FF08B070BDC046182B01002DE9F843DFF87C8089460546C8
:20B4100017464FF0FF31404605F077FB1B4C04EBC5046668256805F0E7FD19490978012903
:20B430000CD12968002909D405DCB9F1000F09D04FF0FF3108E0B9F1000F03D006F0D0F874
:20B45000002413E02968491C296006F0C9F8286802280BDA1FB9684605F06BFD6F463868B8
:20B470006860C0272F727068FEF782FC404605F0CFFD2046BDE8F883E815002020310100E5
:20B49000B91B00202DE9F04107467E68D6F8BC00C8B305F0A9FD1D4D00248046042305F11D
:20B4B0000C00046002202B6005F071FD7368D6F8A810384622469847022003F0A1FE0BE037
:20B4D0008069C6F8BC007368D6F8BC10224638469847022003F094FED6F8BC00D6F8C010F0
:20B4F0008142EDD134722046C6F8A800C6F8BC00C6F8C000064B2C6038461C6002F004FF85
:20B51000404606F06DF8BDE8F081C0460428004010040542F8B5214CE06F04F16C0600285F
:20B5300036D01F4D316905F108008F6901680F40FA43026001680F42FBD1306900233A46E0
:20B5500002F026FFB80806D217B330694FF48041C4F8800018E030690C3581692F6821F025
:20B57000020127EA010028603069C16955F8083C23EA010045F8080C316906F1080004F0DE
:20B590008BFD00200221306104F1D00005F048FDFFF736F900F0F8F9F8BDC046C01B002084
:20B5B000081004402DE9F84308AF3F881E4690460D46002F18BF0B2038D12878102834D1AC
:20B5D0001B4CD5F80490102204F10C01484604F0C3FC18B304F11C014846102204F0BCFCD5
:20B5F000A0B104F12C014846102204F0B5FC30B104F13C014846102204F0AEFCA8B9012070
:20B610003080E868007888F800000EE002203080E868C01901884446218006E004203080CB
:20B63000E868C0190168444621600020BDE8F883702B01002DE9F843204D0746A86880479F
:20B6500081461F4883686FF00B06002480469BB113F8020C874208D134B16BB138464FF49E
:20B670000041FEF73FF80CE01C460CB9A3F10C0653F80C3C002BEBD138464FF4004103F025
:20B69000A9FEACB1A8688047D8F80810A4F10807A14219BF54F80C1C316057F8041CC8F844
:20B6B0000810002147F8041CFF26BE71E9688847E968484688472046BDE8F883C413002043
:20B6D000181900202DE9F8438146EFF31188202080F311881E4D1A4C184F012605F11C00B9
:20B6F0000660A4F114000660F86A016A14208847D9F81000810C14BF000C04202060386864
:20B7100002682321002090470E480F4F0660386800280CBF311C03210C4807680FB141F0A2
:20B730000401183C206820F4E02040EA014020602E6088F31188BDE8F883C04684010010BC
:20B7500018200940800224436C31010070310100000024432DE9F04106467468B56805F047
:20B7700043FC8046A06A58B928688169090907D2006B400A04D2404605F032FFBDE8F081E7
:20B7900004F5827005F028FC00274046A76205F027FFA97D3846FF2902D0E97DFF2900D1C7
:20B7B00018B12046294600F041FB05F01DFC2A68916B21F0200191632A68116B21F48071D9
:20B7D000116305F00DFF04F2291004F0A7FD606A216A091A21622369626A30469847BDE8D0
:20B7F000F081704798B54368C3F8A8100868C3F8AC004868C3F8B0008868D3F8B070C3F81E
:20B81000B400C8681949C3F8B80017488FB9D3F8A820127C520042F0010202600220187202
:20B830000A68D20916D2D3F8B820022A16D30B2215E0D3F8A820127C012752000260D3F821
:20B85000AC201F72541CC3F8AC40127882600868C00902D34FF0FF3098BD022003220A6076
:20B8700005F095FB002098BD00280040042800402DE9F84F88461D4691460646B8F1060F7B
:20B8900034DA062E32DA05F073FEDFF868B0824605F06AFE18494246940004EBC204641822
:20B8B00067681FFA8AF380B21A04120C0BEA05031A4360F31F42B7B1104605F010F805F8DF
:20B8D000086C05F8078C05F8069C60682946083001F056FF606840684FF00041F5F78CFA9E
:20B8F0000020BDE8F88F104604F0F9FF6FF00200BDE8F88F0000FFFF2414002072B501F0AF
:20B910000305121D87B002268DF81C50ADF816200293019007AB184D184A29680C9C8DF858
:20B93000021004258DF8035004940121D56A144C8DF8006003938DF81460ADF818102878AA
:20B950002168104E00280CBF20311C310A6830686946904770B12878216800280CBF203141
:20B970001C310A68306869469047401E8041C00F04F026FE08B070BD2C4F0020BC31010066
:20B99000F84E0020284F0020BCB51F4C04F16C05E16F28680029074634D170B3684601F03B
:20B9B00037FE28B1009818B1082003F06DFABCBD082004F0CDFD284604F05DFBE06707F12E
:20B9D000180090E806001148CC4300F108031C601A681142FBD10C30026811430160F96983
:20B9F000C94340F80C1CF96950F8082C114340F8081CF86804F06AF9BCBD04F1D000022125
:20BA100005F00EFBBCBDC046C01B0020081004402DE9FF410E461D4C7288618A05468A4233
:20BA30000CDCB088884209DBF088A18A884205D13089E18A884208BF182722D01449102072
:20BA50000522F9F75BFD218A3289B788ADF800108046ADF80820F388ADF804707088ADF849
:20BA700006300C49ADF802006A461020F9F746FDC7B21FFA88F127B904F1EC00657303F0DA
:20BA90001FFA38460090BDE8FF81C046980D0020D10701007D1501102DE9F84314460D4605
:20BAB000064605F069FD00F03DFF071C08BF6FF004002FD005F05CFDDFF85C80814605F09A
:20BAD00053FDBB681FFA89F10A0480B2120C002B08EA040142EA010260F31F4208BF0027FF
:20BAF00009D053F80C0C0021B8601F4643F80C1CFF2103F8021C104604F0F1FE4FB117F878
:20BB1000080C307017F8070C287000202760BDE8F8830220BDE8F8830000FFFF2DE9F04357
:20BB30001E4D0446002799460E46A2EB0408ADF1140DC5F8B071012005F029FA2868C00F18
:20BB5000F9D3286A0090686A0190A86A0290E86A03903CB12346684610F8011B5B1E09F859
:20BB7000011BF9D10320C5F838023D467CB142462046EC462B469918745C1CF8011B401E65
:20BB900003F1010381EA040141EA0505F3D1002D14BF0420381C05B0BDE8F0835045024018
:20BBB0002DE9D841074605F01FFA80468FB3B87A78B397F9091004F0D1FA0124064604FAAF
:20BBD00001F05FFA80FC4EB1154B1B1D1A6811318C40A2431A60E14343F8041C0023BB614B
:20BBF0001A46BA723A7207F110043A60194684E806000A497A6001F5CC7291F89A71137806
:20BC10001843107017B17F1E81F89A71604603F03BF9404605F0E4FCBDE8D881C01B00202F
:20BC30000810044070B506467468B568206E04F0C4FB29681A488A6B10408863002020701A
:20BC50003046FFF787FD304602F0F6F92968C86A20F01000C862296812480A6B1040086365
:20BC70006868FDF79FFD04F17C0005F0BBF904F1980005F0CFF9A07818B904F1CC0005F051
:20BC9000C5F9607818B904F1E80005F0BFF904F5827005F097F904F1680004F03FFA70BD7C
:20BCB0000DF8FFFFFEFCFFFFF8B50C46154600261C4F1D4940B1012815D0042818D00628E7
:20BCD0001ED0072821D02AE0162C26DA1622002107F10C0005F0B4F92246294607F10C0020
:20BCF00004F0AAFD1CE0022C17D12888388117E0082C12D1384629460822FEF70FFF0FE007
:20BD1000012C0AD1CA69283103E0012C05D1CA6B48312878F8F76AFB02E0182600E00226CF
:20BD30003046F2BD6C190020741500207FB51D480078002834D105F00BFB05F005FB034609
:20BD500000200146024605F0EBFB174C002504F1E6063046FF21062204F0A0FCD0B96800A1
:20BD700010216A4600EB8500233004F071FB88B91020ADF1010111F8012FFF2A02D1401E0B
:20BD9000F9D107E0B07931466A46002300F0010005F0C6FB6D1C0E360A2DDADB0020A074DB
:20BDB00000907FBD5A4F0020240C00202DE9F0471D4F6C373C680026914600E0246884B3EE
:20BDD000A142FBD135464FF08058D4F800A014B305F00AF904F1280106C904F1280329436E
:20BDF00048EA020283E8060004F1200393E8060004F12003294348EA020283E8060005F0D3
:20BE1000EFFB3846214604F028F807F10800214604F042F9761CB9F1000F18BF5FEA0A0420
:20BE3000D3D13046BDE8F087C01B002038B50C46054605F0D9F82268916B21F020019163C5
:20BE500005F0CEFB286E217D012202F03FF9286E217D012202F0E0FF286E217D002203F022
:20BE7000B1FB286EA17D002203F0ACFBA878012806D005F1CC004FF0FF3104F03EFE03E033
:20BE9000216888690009FCD2286E217D102203F099FBA17D0020FF2902D0E27DFF2A00D1C3
:20BEB00018B1286E112203F08DFB38BD38B50446194841780A062DD5184D287870B1184A85
:20BED000117859B9032004F059F8010022D09120087010224A708C70287817E00C2004F094
:20BEF0004DF8B8B101210170FF2200F108034270436004211970102341684B70012241686E
:20BF10008A70014642680748D4700078BDE8344004F0C4B931BD00BF1C4E00200128002011
:20BF3000624F0020FF27002070B51C4E1C4D317804462878891C8842A4BF002004F040FB2E
:20BF50000022A968182353431944487828B90B78FF2B0DD0686881420AD13178521CD2B23C
:20BF7000891C8A42EDDB002004F02AFB002070BD0020486048610C700120487028786A78AA
:20BF9000401C28702243C0B201281CBF802C402C6A7000D16960084670BD00BF7B4F002012
:20BFB000A027002070B505460026A88805F0ECFA0446A88805F0C4F9042801BF1448A98844
:20BFD0000288914204BF4FF6FF7303801CB12678A88805F0B1F90F4C207840B1864206D13A
:20BFF0000D49097805F0A4F948B100202070300005D0AB79AA88A878314605F095F907495A
:20C01000086818B1BDE8704005F08AB970BD00BF9C4500205B4F00205C4F0020A44E0020B6
:20C030002DE9F04116461C4AD21E137894780746A6F10C05FF2B02D0926AD218947ADFF8A4
:20C050005480FF2C04D140460068806880471DE0084604F033F901464346FF20A8721D6866
:20C0700037B92046EC6B00223346A04740B10AE0012F08D120462C6800223346A04710B958
:20C090000020BDE8F081304604F0F8F80120BDE8F081C0469C1B00201B190020002213461D
:20C0B0000A46194671B510F0030F0BD0002A82BF00F8011BB2F1010210F0030FF6D1002A86
:20C0D00008BF71BD11F0FF0141EA0121042A18D341EA0141082A0FD30E46102A08D30C46B8
:20C0F0000D46B2F10F0312F00F0272C0103BFCD812F0080F18BF42C012F0040F18BF40F8AE
:20C11000041B12F0020F18BF20F8021B12F0010F18BF017071BD7047F8B5044604F138006E
:20C1300004F190060278194D42702189608905F09BFA0746307801281AD120897188401CAE
:20C15000884215DB04F16101204605F0E5F83946204605F0DDF82968A2798854A0792968A5
:20C170000A5C04F16101FEF759FE0020307006E03946204605F0CCF82968A279885428684A
:20C19000A179425C206841688A73F1BDE42700202DE9FE438146884616461F4602A94046F2
:20C1B00005F0D6F904002BD0BDF8080005F0ACF8844618B30A980B9D00903B460195324658
:20C1D00021464846E0470746D8B9FE2D19D02078022816D160680178407801EB002142F65A
:20C1F000021289B291420CD13078717800EB012082B24146484602F005FD02E00E2700E05F
:20C2100001273846BDE8FE83F8B50B4601464C69601E024218BF221C651E184610EA05078A
:20C230001CBF2044C01B834213D8CF6801F10C0C7FB1531E796803EA070613EA070518BF87
:20C25000561B84198C4206D9BC46DCF80070002FF0D10020F8BD091ABA198D1B3EB98E42A3
:20C2700004BF3868674608D03968674602E07E6025B1396810180160456038601046F8BD70
:20C29000F8B5194C207801282CD0184B012123F00303174A2362266A2170002004F12405DC
:20C2B00066621946D21A2F68A2629B1801E041F8040B8B42FBD89110E82306EB810141F8EC
:20C2D000040C22F003023B6006F1E8016161EC3AC6F8E820FDF706FFA06128686061A06AA9
:20C2F000001FE061F8BDC046C41300200A28002000400020002900D0704738B505F044F99B
:20C3100004002DD02079174D40F010002071296831B38A6D5AB1087810B1C878020706D562
:20C33000E06A08B104F0ACFC2868806D0AE0C86D70B1097801290BD1E06A08B104F0A0FC77
:20C350002868C06D1C2104F057F9E062286838B12968C878410703D5207940F00200207187
:20C3700031BD00BF304F0020F0B506461A48EC38007815460024ADF1240D022808BF01240E
:20C39000082B01D1280905D30846410001EB8001213104E00846410001EB80012231CFB27D
:20C3B00001A81C220021FFF77DFE1C2101AA384604F04EF870B99DF81E0007280ADB10282C
:20C3D00008DC0094304605F00101C5F3C00201AB04F096FF09B0F0BD110D00207FB5034698
:20C3F00017480D46018817480088144611A6984216DA994210DA0095002C48BF47F6FF74F3
:20C41000114E00201149ADF804406A46346802901846A04702980AE0184604F017F908B980
:20C43000324600E042682146284602F09FF800907FBDC0467B6D6F64756C652325647D0090
:20C45000B8310100BA310100A4310100B9FB0000FEB50C46154640F67B41A21F8A423CBF92
:20C47000AE1F8E4229D2A54227D3B3F5FA7F24DA0899A1F10A0640F67747BE423FBF5B1C68
:20C490006E005E43B6EBC10F17D290F8941041B1D0F834010A21B0FBF1F1C9006B439942FE
:20C4B0000BD30C990B98019100900A9B099A2946204604F021FF012801D10120FEBD0020FC
:20C4D000FEBD704770B505F07FF868BB184CE07B01280ED000252B342E4614F8010F012823
:20C4F00003D13046FBF778F82570761C0A2EF4DB09E004F041FA002504F12C000A22E57370
:20C510002946FFF7CFFD094C207858B96088C0F5805080B2B0F54D7F04DA04F0B9FB657071
:20C53000FBF748FB01F034FA70BDC046901B0020240C0020F8B51A4D06461C3DA86A3060EE
:20C55000E869706003F0AEFBAB69844600200746C5F810C002463C4612E0290809D21FB996
:20C570002A46184601270AE0016852194919016005E085F000450027A24288BF141C5B199F
:20C590001D68002DE9D1944238BF141C604604F0A6F92046082894BF00200838B060F8BDDB
:20C5B000E0130020B0B51A4C0546241D20680004070C27D01448006800688047134991F992
:20C5D0000720824205DD10F1800FB8BF6FF07F00C871BD422CBF01277F1B8D88BD4210D8B8
:20C5F0000A68D4F8D40F801A801C1F2888BF1F207F1B4008C7404FF6FF70EF19B84238BF71
:20C61000071C8F80B0BDC046EC010010D027002030100940BFB50C46E00BC00308BF00206D
:20C630002CD017480078FFF705F8071C23D03B68186900905869019098690290D8690390A1
:20C650007D6859689A681868DB68A8473968086017F8080C02F0DCFC0546012003F08EFC91
:20C67000021C08D0422035F07F07107003D000202946FFF7D5FC84F40044A0B20090BFBDE4
:20C69000062800207CB5044604F1860104F030FE04F182050021688960842177E18304F1C0
:20C6B0002E066189E0894118A1812A89B188A8898A4204BF3389984202BF6989F38899421D
:20C6D00007D0000900906B89A1795208002004F00BFEB088A4F85C01297931702889B08000
:20C6F0006989F180A8893081204604F0F9FD0220287073BD3EB50D46290411D5164A10786A
:20C71000FEF798FF040009D02078032812BF0128E06801F06BFC204603F0B0FD85F400457F
:20C7300068070AD50D4A0821D2E90034CDE90034684604F067FC85F0040528070AD5084A5F
:20C750000821D2E90034CDE90034684604F05AFC85F0080528463EBDFF270020103201005B
:20C7700018320100174810B50068016804208847022821D003281FD001281AD0124800686C
:20C79000C0F38150032805D002280CBF41F28832322201E04FF47A720C490D4C09684C3420
:20C7B0002046B2FBF1F104F013FC204604F012FC10BD02F045FA10BD02F042FA022002F0FC
:20C7D0001FFD10BDE0010010B43F0050F0270020141000202DE9F047DFF86480824608F1E8
:20C7F000080000684FF0FF3104F056FFFAF7C6F9DFF84890002619F8015F06F14A0700249F
:20C8100025F07F00802804D1BAF1010F18BF002200D1012204F10D01384601F0E5F9641C7F
:20C830006800082CC5B2EBDD761C0C2EE3DB4046806804F02DFFBDE8F087C0461821010099
:20C8500020110020002B08BF002A0FD10B1C021C002908BF002807BF0020002100204FF0B8
:20C870000041C4BFC043C94302F09DBA10B55C0894EA610404D55FF0000E40426EEB01016D
:20C8900013F0004F04D05FF0000E52426EEB0303FEF7F4FB241C04D55FF0000E52426EEBCB
:20C8B0000303640004D55FF0000E40426EEB010110BD70472DE9F8430024002B16460F4616
:20C8D0008046254606D5002FC3F1000302D57F42761E2D2599463846494601F0CBFF0CA085
:20C8F000405CB7FBF9F7002F04F1010408F8010DF1D1A64205DD3021301B401E08F8011D0F
:20C91000FBD10DB108F8015D4046BDE8F883C0463031323334353637383961626364656611
:20C930000000FEE72DE97E41064604F021FE164D804604F019FE154C3D401FFA88F1042204
:20C9500080B209043C3C090C294360F31F4154F80C0F58B1B04207D10091BDF8020004F066
:20C970003FFEBDF8000009E0521EF0D10191BDF8060004F035FEBDF80400002404F008FE50
:20C990002046BDE87E81C0460000FFFF241400202DE9F0410D461E4690460746062D26DACD
:20C9B000062F24DA03F07EF91349AC0004EBC5040246443164186068B0B1104603F08FFFD1
:20C9D00006F8087C06F8075C06F8068C60683146083000F0D5FE606840684FF00051F4F7AF
:20C9F0000BFA0020BDE8F081104603F078FF6FF00200BDE8F081C046E013002038B54FF070
:20CA10008055D5F8E001016801208847012822D0D5F8A401C4681148342101220023A04796
:20CA3000002808BF002017D0D5F8800003F08AF9D5F88C01C06A80470A4A094C93681168C5
:20CA5000D060C01AA1EB910104FB00F3180C884228BF011C1160012038BDC04600A00C4041
:20CA700040420F007027002098B5164C94F8E100002710B91448007860B104F0B5FA94F83E
:20CA9000E310002906BF012184F8E310012704F0A7FD0FB1002098BD022002F0ABFD0E2035
:20CAB000FDF766F9094A106848B909494020C86008600127D761002084F8E20098BD0120B1
:20CAD00098BDC0460C100020E92F010004800C402C500C4070B50446092004F059FC58B312
:20CAF000A0F1090594F89400002814BF0E200A20E880002105F10806296029716971032067
:20CB10003070092106F8011F072294F8FD000B497070B01C03F090FE94F8940028B1334678
:20CB300009220321204604F02FFCA06E294604F027FC0020E083012070BD00BFEE4D002092
:20CB500070B54C68456860B304F062FD064606F6C416A068314604F057FD012808D0A068E7
:20CB7000314604F051FD012818BF002003F028FDA068314604F040FC48F6B901884210D360
:20CB9000A16809484118A86804F03EFD48B906F58846A86806F15C0104F036FD10B101205C
:20CBB00070BD022070BD00BF4877FFFF012898B527D116480068016801208847012820D0C7
:20CBD00003F070F9134C012104F1D800017004F0F7F8800917D20E4800683222B2FBF0F72F
:20CBF00007B90F46083C04F1300004F0F5F904F13000394604F0ECF904F1300004F0EAF94C
:20CC100001E001F0A3FB002098BDC046E0010010F0270020141000202DE9F0410668904622
:20CC30000F4603F073FF4FF0FF35012410B903F09FFF30B184F00104E0B2002808BF00213C
:20CC500000D071680D4C204603F057FF90B9B7F1FF3F0CD0062002F0CDFC39464046FEF72D
:20CC7000EDFA0746062002F0CBFA07B90025204604F0CEF92846BDE8F081C046E8150020E6
:20CC9000B0B54468D4F8BC10D4F8C02005468A421AD08869237AC4F8BC00D4F8A810002282
:20CCB000284603B9012263689847D4F8BC102846FEF798FDB0F1FF3F15D10320207204F16E
:20CCD0002C0004F0AFF9B0BD0022277AC4F8BC20D4F8A810C4F8C02007B901226368984707
:20CCF000022002F08DFAB0BD164880B507683FB315498B6803EA5300C00E21D2134A106801
:20CD100080081DD2486880081AD21068096810F0050F4FEA114101F0F00101F5E0710AD1DC
:20CD3000B9420DD2190F38BF40F00100D90E38BF40F0040003E0B94202D920F00500106069
:20CD500080BDC04628500940AC3F0050000009402DE9F041071C0E4606D0164C2068F5B216
:20CD7000A84201D31F2D02DB0220BDE8F08104F128004FF0FF31804603F0BFFE04EB85040A
:20CD90009834206860B979680120A84027603246084307497860384602F022F8002400E02C
:20CDB0000124404604F034F92046BDE8F081C046007FC767F80E00202DE9904190460F4630
:20CDD00004F012F9144B83240246391C404604D0491E18D0491E0DD00AE0194601F17C03FA
:20CDF0001F68002F08BF802410D0C96F898F0CE003240BE0194610310B780021022B08BF9C
:20CE10000121017002E0054909780180104604F0E7FB2046BDE89081C01B0020581D002065
:20CE3000F8B5184C1649154DE06F0A681540EA430A604E684F6806F020062E4007F46027EA
:20CE50000CD058B100223300C4F8800001F0A0FA04F1D0004FF4804104F0E2F817EA050024
:20CE70000AD094F8991141EA504104F5827084F89911002104F0D4F8F8BDC04620000E00FB
:20CE900008100440C01B0020F8B5844640F6FF741CF8013B002210E0481B401E10F8015B84
:20CEB0007F1E01F8015BF9D103E01CF8010B01F8010B521C5B08082AEADA5808F5D21CF89C
:20CED000010B1CF8015B05F00F07FF1CC5F30315122F45EA001508D11CF8016B300A24BFD5
:20CEF0001CF8010B60F3DF16BF19AC42D4D1F8BD2DE9F843174C0646A06888468047814636
:20CF10000F2E1EDA124901EBC6004068C8B10F200127B6FBF0F5B7400E46308839464019D6
:20CF3000C0B202F0F7FB60B13088394642464019C0B201F0F9FAE168484688470020BDE8A1
:20CF5000F883E168484688470220BDE8F883C046F8140020C413002070B504F045F8124984
:20CF70000978022919D004F03BFB10480068006B80470F4A002303F06BFC0E4A12684FF009
:20CF900090557A2600232D184FEA020446EB0106ED1846EB0406301C70BD074990390C68D7
:20CFB00004F01EFB204670BDD01B00208C01001000093D006C27002094300440134938B5CF
:20CFD00008680546EB430B600A681542FBD1134C0F4A61698A420ED10E4904F13400002289
:20CFF00004F00AF80220207401F032FF18B9FDF707FCFEF7C9FC0848284205D004F1D0007D
:20D010004FF0005104F00CF838BDC046101004404532000025B5000002000040C01B00208B
:20D030002DE9FC41064688461446002000270DE0019068880090AB88AA687088FFF7A8F801
:20D05000162817D10021A9607F1CFFB20C490A78974213DAD8F804100C237B430B441D4604
:20D07000298859B1781C90421BBF9889002818201620DDE70028E7D029882180BDE8F681DD
:20D09000614F002038B5164CA0684FF0FF3104F003FB144840F2E1110162002545623C22EB
:20D0B000856200F1380380F82C2000F11C0180680B6003F01BFF18B1A06804F0E9FA38BD7E
:20D0D000206809212A4602A302F099FDFEE7C0464552524F52204F43435552454400C04651
:20D0F0002011002034080020B0B50446ADF1400D04F0F2F8054600213C220823684604F064
:20D11000E7F860680690A068089020680490E06805900C480022694604F0D6F8071C0DD042
:20D1300002F0C0FD0446384600F0C8FE30B1204603F0D5FB284604F0C3F801E003F07AFF3E
:20D1500010B0B0BDA10B01002DE9F0411D4616468846044604F010FA00F0B0FE071C08BF41
:20D170006FF002041BD002F09DFD0E4A002132F80C3F53B914805760C2F8088031707968BA
:20D190000024296003F0ABFB09E0A34208BF6FF00204F7D0491C0629E9D303F04BFF204685
:20D1B000BDE8F08118140020BCB5044604F0E0F9134D074604F0D8F9124A3540B9B280B295
:20D1D0000904090C294360F31F4110460161456954F8043C23F0004344F8043CC269241FCC
:20D1F000AC421A44C26138BF44610091BDF8020004F0F6F9BDF8000004F0CAF9BCBDC046FE
:20D210000000FFFFC41300203EB5401E4FF000040AD0401E04D0401E1DD1F9F75BFA1AE0DE
:20D23000FFF722FC044616E0684603F041FE20460C4D019401226B468DF80000074902901B
:20D2500005F1780000F0FAFC054A2C21234605F19C0001F04FFB20463EBDC046C5D5000097
:20D27000592900000C100020164838B5017C022923D00446207C012822D003F0B5FE054608
:20D290006846FDF76DFA80B1009949B904F1880003F0A2FE04F1D000042103F0C1FE08E015
:20D2B00004F1880003F03CFB03E004F1880003F093FE284604F094F938BD192003F09AFE2B
:20D2D00038BDC046C01B0020084610B500F0005100F0040008431AD00D480068006801465F
:20D2F000012088470C4A012809D00A490968104632227430B2FBF1F103F012FB10BD074B16
:20D3100000240849DC6110460160054A1A6010BDE0010010F0270020D41B00200010044073
:20D330005C27002045320000F8B50646B08815460F46FFF753F80446002D02D4281B0A28DF
:20D3500006DB3368291B38460CA201F00FF92418B08901280FD1002D06D4B06803F09CFBB1
:20D37000291B401D884206DCB368291B384604A201F0FCF824182046F8BDC046257000C036
:20D390002827257327290000F8B5054603F046FE0746AE686868790804460BD300F5947042
:20D3B00002F0BCFF606B216BE368091A2163626B28469847B80815D304F2291002F0AEFFD7
:20D3D0003168886B20F0200088633168086B20F480700863606A216A091A21622369626AC8
:20D3F00028469847F8BD70477FB503F0FDFD144C0646241F207801281AD0684603F0B0FB5D
:20D4100000254FF0FF3027216B4601900B4A8DF8085004F13C0001F06DFA201D012102F0D3
:20D43000BBFA04F12000294602F0B6FA01202070304604F0D5F800907FBDC04633C900004B
:20D45000E81500202DE9F04106465FEA010808BFDFF8408010480078C8B1104C0746002545
:20D47000B54204D02068C0698047064209D0206840684146024620469047002818BF201CC1
:20D4900006D17F1E04F10C0405F10105E8D10020BDE8F081072F010071300100CC30010042
:20D4B0002DE9F041044690460D460820FCF71AFE114B5E680746294622464046C7B13A8071
:20D4D000B9709C6878600C20FCF70CFE0146384661B18860204603F0EFFE26B130464FF07D
:20D4F0008041F3F789FC0120BDE8F081FFF75CFE0020BDE8F081C0460802002070B58668EC
:20D51000456813480024046040F80C4C11480460D5F8A40002F051FF7068FCF743F905F16E
:20D53000100003F05FFD05F12C0003F073FD05F1600003F06BFD287818B905F17C0003F070
:20D5500065FD05F1C80002F0E9FD85F8DC4070BD102800401004054270B5154D01284FF03B
:20D57000010410D002F09EFB297851B1491EC9B2297031B903F0B3F9062002F02BF9002424
:20D5900013E006460EE002F08DFB064629460878FF2807D0401CC0B20128087002D1062033
:20D5B00002F02FF9304603F09AF9204670BDC046F01A00201348144A14490078801E0A2824
:20D5D00007D8DFE800F019140F06140F06140F0607C0FEE710688008FCD250688008FCD289
:20D5F000F9F778B808688008FCD3F9F773B808688008FCD2F9F76EB810688008FCD3F9F77E
:20D6100069B8C046F010002034600C4038600C40F8B50546144800F15C010F68E7B1F968DD
:20D63000097B012401F00F01022918BF002015D110383969FA6890F89A614B8A9068C9685B
:20D650001922C91802FB061101F0ECFF054909682860B0FBF1F001E00020044628602046A2
:20D67000F8BDC046F0270020D01B002070B5124C124920700878C00003F0F2FA104908604F
:20D69000C8B100220D49002507E04FF6FF7320F8323000EBC206521C75600B789A42F4DB28
:20D6B000052003F005FE207803F0FEFDBDE87040044803F0F5BD70BD604F0020694F00209F
:20D6D000D84E002085FA00001549096821280ADC212819D00C380FD00D380FD0001F0FD000
:20D6F000C01E0FD01AE0253810D0401F10D0401E10D0401E10D011E00868704748687047EC
:20D7100088687047C8687047086970474869704788697047C8697047086A7047002070474B
:20D73000F00100202DE9F0410446256E1F461646884605B1A84704F1580003C806400F40C3
:20D7500008BF002E19D04046802102F0F9F804F1680181E8C00050B100F1200106C900F177
:20D770002003BA43B14383E80600216E81600020206604F1380003F04BFCBDE8F0817047CA
:20D790002DE9D8410F46064603F0F2FE114C804603F0EAFE002203463146384640F80C2CF8
:20D7B0000F682C409BB21FFA88F21204120C224363F31F4217B9086006E00F4657F80C1C5C
:20D7D0000029FAD147F80C0C104603F088F8BDE8D881C0460000FFFFC8B5074603F0CCFE9C
:20D7F000FFF7A0F8064603F057FB30F0010014BF002E6FF004001AD067B1B7F1FF3F06D0B7
:20D810003846694601F0AEFE30B107460EE04FF0FF3000E0002000907068009B00274FF03B
:20D8300000423946F3F710F800B901273846C8BD38B50C4620B141680122A240114201D15E
:20D85000022038BD914341600E480025031900EB8401C1F8985003F144010978FF291ABFC9
:20D87000806850F8211044F020410548FAF7CAFB20464FF0FF3102F027FB284638BDC0464D
:20D89000007FC767F80E0020024670B5084611464D6820381FD0401E1AD0401E18BF6FF0BB
:20D8B00001001CD18C6803F09FFB0646206803F046FAB0F1FF3FF9D100246C64286C401E53
:20D8D000A864EC643046AC6303F08AFE204670BD0021084601E00121002085F82D1070BDD0
:20D8F00078B50446200085B00D46164601D0022D01DB02201AE030464FF6FD72904205D0D4
:20D91000694603F0C9FC08B134200FE0012D06D14FF6FF71002003F077FA002403E03146D8
:20D93000034803F071FA03480460002006B070BD590A0100E827002038B505461348801CBA
:20D950000088001F84B2042C1EDB20466946042201F02AFABDF80000854204D19DF8020079
:20D97000241AA0B238BDBDF80210C80BC00307D1081D844203DA002002F022FE04E0641A81
:20D99000241FA4B2042CE0DA002038BD901B00202DE9F041134F4FF000080A25202607F1B7
:20D9B000E60430460E21224602F052FD58B12046FF210622FEF776FBE01DFF210622FEF7C8
:20D9D00071FB84F80D806D1E04F10E0406F10606E7D1B87B08B101F0C9FC02F02AFDBDE815
:20D9F000F081C046240C0020F8B5134E0546B068804707460F2D19DA104901EBC504241D4D
:20DA1000206898B1084600880F210123B5FBF1F14018C0B203FA05F101F032FB00253846EB
:20DA30002560F168656088472846F8BDF168384688470220F8BDC046C4130020F81400209B
:20DA50002DE9FE43134C06462068984617460D4603F01EFC814629463A463046FEF7D4FBA1
:20DA700007462068494603F00FFC5FB90848006800900196054C029521880022DD23404604
:20DA900003F0FEFB3846BDE8FE83C0468A120000281200002C12000070B506460C461546AE
:20DAB00003F072FD28B94FF6FE7086421AD0142070BDC16AA1B10279D00601D40F2070BD4E
:20DAD0000948007808B101251024930700D43DB9897EA14201D20C2070BD18B1900601D4AC
:20DAF000052070BD002070BD6A4F002070B505460C4603F0C1FB010006D14FF6FF7003F0AE
:20DB1000BBFB010017D00D80002200E0521C0B4B1D78D0B2A8420ED24B68D6B20C256E4306
:20DB3000334418880028F1D10C222146184602F083FE002070BD092070BD00BF614F00203C
:20DB500090B58C460027041CADF1140D48BF012700220A230DF1130120460A7090FBF3F2B8
:20DB70005A43821A48BF524290FBF3F03032002801F8012DF2D117B12D2001F8010DADEB2B
:20DB90000104604604F11402FCF7C8FF05B004F1130090BD124A10B5022310713C21136262
:20DBB000002482F82C10D01C54628023037002F11C0108609068946203F098F938B9094897
:20DBD00000680921224602A302F019F8FEE710BD4552524F52204F43435552454400C0462C
:20DBF0003408002020110020134B10B54024012A03F138031C700DD0CC10620102EB84125C
:20DC10001218D218537801F00701012404FA01F018430EE0CC10620102EB84121218D218E9
:20DC3000537801F00701012404FA01F080F0FF001840507010BDC04634080020F0B5154646
:20DC50000E4604461F1CADF1240D08BF00230DD0684600212422082303F0EAFB3B78ADF8D5
:20DC70001030B86806907A6805926B46204631462A4603F0D9FB0348034F0168204609B03B
:20DC90003960F0BD90310100F02700204FF0FF328262202101700B4A82604FF42B71418058
:20DCB000094AC26003210171084A026100210162416280F82C10064A4261064A8261064A43
:20DCD000C2617047089801102C980110509801107498011098980110BC980110F8B5DFF894
:20DCF00030C084680B4FC3680B4ECCF8004002693B600A4D326041692960094C8369094AA0
:20DD10002360C16911600079074B1870F8BDC0468C4F0020904F0020944F0020984F0020C3
:20DD3000804F0020844F00209C4F0020F8B50C46054603F021FC00F0C1F8071C18D001F0E7
:20DD5000B1FF84460C480021303030F80C6F66B929704FF6F872028047600021816078684F
:20DD70002060604602F0BBFDF8BD491C0629ECD303F060F9F8BDC046E8130020B0B50546E9
:20DD900003F0F6FB0F4C074603F0EEFB0E493440BAB2002380B21204120C3031224360F332
:20DDB0001F4231F80C0F30B1A84208BFDCB203D05B1C062BF5D3FF24104602F090FD2046ED
:20DDD000B0BDC0460000FFFFE8130020114990B504461122ADF1140D6846FCF79FFE0E4838
:20DDF000A41D30220627027078214170821C14F8013D21781B1101F00F011DF803301DF80C
:20DE1000011002F8013B7F1E02F8011BEFD105B090BDC046583001008427002038B50C469D
:20DE3000052C18BF132C05460AD0142C18BF152C06D01A2C1CBF292C3B2C01D0122032BD69
:20DE500003F016FA010010D1E8B202F0F3FD90F87710022901D13A2032BD0021C18380F81F
:20DE70001041022103F000FA002032BD70B540680C46054600F5827003F0AEF80D486A7FFA
:20DE90000168287F8018AA69C01D80B244430A4805F582766043B0FBF2F008186330B0FB4F
:20DEB000F1F1491C304603F093F8304603F092F870BDC046F027002040420F002DE9F843D8
:20DED000804601F0EFFE0F4C04250026814654F80C7F57B9C4F800803046A660014603F044
:20DEF000BFF9606018B903F0A5F8474501D1264601E06D1EEBD1484602F0F1FC3046BDE8BF
:20DF1000F883C046E8130020042838B51CD10F4C04F18805284602F00BFEA8B1284603F04F
:20DF300055F80B4909684843B0F5967F0CD2284603F052F8052001F05DFB012104F1D0009C
:20DF50006177042103F06CF8002038BDC01B0020F0270020F8B506460F4D104F7388002443
:20DF700017E0A20002EBC402921951689068D26852B9AF420BD00A7855F822200346491C19
:20DF900008461946904701E0FCF7C8FD7388641CA4B2A342E5DCF8BD88370100943701009C
:20DFB000114AB0B50A242146363202F10A0313F8015DA84202D0491EF9D101E0491ECCB278
:20DFD000092C09DA1019C4F109074178037801707F1E00F8013FF8D1092C03DA05200A2186
:20DFF000FAF7A6FAB0BDC046240C0020F8B5104C0546A06880470F4906460868A0B100270E
:20E0100000F10802AA4204D8828812180832AA4204D2074600680028F2D105E007B90F4663
:20E030000168396002F02CFEE16830468847F8BDC4130020A01B0020F8B505466C68AE68BB
:20E0500002F0D2FF31680746886B20F4FA60886304F5947002F062F9A06B18B9384603F024
:20E07000BFFAF8BD0020A063616B206B401A2063384603F0B5FAE368216B626B28469847BA
:20E09000F8BD7047104910B506C9ADF1180D03A880E80600684603A9FCF712FB142100228A
:20E0B000044600F0B9FE012002F071FF14210122204600F0B1FE4FF40C7002F068FF204601
:20E0D00002F07BF906B010BD182B010038B50D460E49144664390A68AA4205D301EB8501CD
:20E0F000D1F89810884201D0022038BD02F07CFF074B103B1A68AC400121A9408A43144346
:20E110001C6003F06DFA002038BDC0465C0F0020E0200240F0B50D4617461E46044600210D
:20E1300024220823ADF1240D684603F081F90A4800234FF47A710593BAB2ADF81030006880
:20E150000696B1FBF0F06B4680B229464243204603F06AF909B0F0BD90310100F8B5104CC3
:20E1700004F1080000688047054600F035FF06460948000BC0B2000302F0B2F90746304677
:20E1900002F002FA1FB10549012048700870E16828468847F8BDC04600E00100901B002025
:20E1B000C4130020F8B51446064602F047F80D46002818BF446016D1102002F051FD0A4934
:20E1D0000F68002808BF00200DD086720581446000220260C2602FB1394600E011460A68FC
:20E1F000002AFBD10860F8BD942700200CB54FEA41034FEA5353B3F54073FF3B44BF00204C
:20E210000CBDD3F11F030FD94FEAC12242F0004222FA03F20B2B3EBF1533D84002430029B5
:20E230004CBF5042101C0CBD00294FF0004058BF401E0CBD98B50C4602F0AAFD002700B146
:20E2500001270C480068C06A8047211AB1F1004F08D8011B891DC90F05D1801DA04288BF97
:20E27000041C00E0841D044804600FB902F096FD98BDC0468C0100101820094098B50146E3
:20E290004868896809688969C1F3C0070C490A6827B99830022102F0C3FE98BD4FF4FA71A7
:20E2B000B1FBF2F3012B8CBFB1FBF2F1012100F58274204602F08CFE204602F08BFE98BD92
:20E2D000F027002010B50446ADF1180D694602F0E3FF9DF80E00042812D102F0A1FC78B930
:20E2F000084AD079002100B10121907808B141F00401107B08B141F00801204602F0ACFF07
:20E3100006B010BD240C00203EB545688468684602F05AFE0A4BE968206853F821100022CA
:20E3300001B10122019900F09BFB064901200860054A106041F8180C41F80C0C3EBDC04692
:20E35000303101001C2800401004054238B50E4DD5F860014268002103209047D5F8600103
:20E3700001680120884710B1286801F0EBFCD5F80C01C06A8047054CD5F86C31083C606081
:20E3900018688047206138BD80000010782700202DE9B04399469046074602F025FE4946B2
:20E3B00042469FB107F1280318CB07F1280513430C4385E8180007F1200595E818001A4311
:20E3D00007F1200541EA040385E80C0003F008F9BDE8B08338B50D46044602F005FE63684F
:20E3F000A1688B4204D103F0FBF84FF0FF3038BDE168491CB1FBF3F25A432368891ACD54EE
:20E41000E1606269A168491C8A42A16038BF616103F0E6F8A06838BD0C4885460C488544E2
:20E430006F4607208743BD460A486F4607600A48002803D07946491D8E460047FCF730FA0B
:20E4500002F09AF902F004FFFEE7C0460040002000040000A41B00206110010038B50E484F
:20E470000178C91F012911D80C4B9878FF2811D002F0E0FA0025006F01F090FE0446E8B2E6
:20E49000A04207DAF8F7B4FA6D1CF8E7BDE83140F8F7AEBA31BD00BF6F4F0020684E0020D6
:20E4B00038B5040004BF002002F08AF80B4D287808B902F085F820680021216041702A785F
:20E4D000697800788143501E28706970C0B218B9034A68600021117031BD00BFA0270020A2
:20E4F0006F4F0020F8B5054600260E4C2178F0B2884213D26A68F3B20C214B43D7183888EB
:20E5100060B1B86808B1FFF771FD0C220021384602F096FD00203880761CE7E74FF6FF715E
:20E530002980F1BD614F00202DE9F04106460D48006817460D4608B9FCF702FA0A4CA06896
:20E550008047804629463A463046FFF72BFEE168074640468847002F14BF00200820BDE8C0
:20E57000F081C04694270020C41300200CB4F0B505AF061C0C4627F00303ADF1040D03F1F5
:20E59000040304D03068002818BF051C00D100253A68284602F0C4FB844298BF601E15B1C0
:20E5B00031680918316001B0BDE8F04002B0704770B50E464FF6FF71154681420FD002F0F4
:20E5D000E3FFA8B14279811D10460022FBF784FC0A280DDA31462A46FBF7DAFD70BD002493
:20E5F00031462A462046FBF7D3FD641C0A2CF7DB70BD024638B508461D46401E04D0C01E51
:20E6100018BFB0F1080012D1104602F01DFE041C0ED10498059902F013FE284601F032F85F
:20E6300002F00AFE02F004FE02F0FEFD00E00224204638BD70B5ADF1280D02F095FF0C4CB8
:20E650000646207878B901256846002124220823257002F009FF694600228DF81850284674
:20E6700002F0DEFD6060304602F0BAFF0AB070BD44190020B0B502F0B7FC05460A48017858
:20E6900001290DD00121094F0170387840B1084C07462068C168204688470C347F1EF8D1AA
:20E6B000284602F09DFFB0BDBA1B002072300100D83001000B4A08B5127800237AB10A4A02
:20E6D000127882420BDD01B90849094B0246900000EBC200C01802681269904703461846D5
:20E6F00008BDC046BA1B0020723001009C300100D83001002DE9F04102F090FC0C4D00248F
:20E7100001278046643D05F1980607FA04F018EA000F06D056F8240018B102680AB1214623
:20E7300090472868641CE4B28442EED9BDE8F0815C0F002070B502F057FC06460B48E03005
:20E75000007850B10A483C380068C56806480024342101222346A84700B10124304602F055
:20E770003FFF204670BDC04600A00C400C100020E0010010B0B502F037FC05460A480178F9
:20E7900001290DD00121094F0170387840B1084C074620688168204688470C347F1EF8D1E9
:20E7B000284602F01DFFB0BDBB1B002078300100E43001000B4A08B5127800237AB10A4A6E
:20E7D000127882420BDD01B90849094B0246900000EBC200C0180268D26890470346184615
:20E7F00008BDC046BB1B002078300100082F0100E430010038B504460D4D02F085FE2880A4
:20E810002946608802F008FD38B120892988884228BF08462880162032BD2189288881426E
:20E8300028BF0146608801F0F9F8002032BD00BFFC4C002038B50D46290417D50C4A107863
:20E85000FCF7F8FE04000ED02078B02808D1204602F0DEFC20B1217904F10800F1F7F8FF1B
:20E87000204601F00BFD85F4004032BD002032BD604F00201CB50A1C17D000230124E40792
:20E89000A04238BF041C944201D95200FBE790425B41904228BF801A914201D25208F6E7ED
:20E8B000191C021C081C111C1CBD00B1C84300F07AFA1CBDF8B502F0A7FC002808BF002081
:20E8D00013D00A480768002F0DDD0948046800250020294602F0F4F80646B068A0476D1C48
:20E8F0007F1E7060F4D14FF0FF30F8BD7431010088310100F0B514460D4606461F1CADF1DC
:20E91000340D08BF00230DD0684600213022082302F076FC7B680893386805903A7AADF823
:20E9300018206B4630462946224600F001FA0DB0F0BDB0B50D46044602F056FBA76897B1A0
:20E9500021692268515C297063682169A768491CB1FBF3F25A43891A2161791EA16002F0A7
:20E970003FFEA068B0BD02F03BFE4FF0FF30B0BD00B500213C220823ADF13C0D684602F0E9
:20E99000A7FC4FF421720121064808920023069100F160020449079210306A4602F02CFCE7
:20E9B0000FB000BD50050020251C000000B500213C220823ADF13C0D684602F089FC4FF467
:20E9D00021720221064808920023069100F1C4020449079274306A4602F00EFC0FB000BD66
:20E9F000080200203D00000000B500213C220823ADF13C0D684602F06BFC4FF4F071089116
:20EA100003200690044905480791054900236A4602F0F2FB0FB000BD60210020A80E002008
:20EA3000990800000C4B70B5DA68824212D985001A680A4CAE5C241FA219203221B9A4196A
:20EA5000FF2084F8200000E0107058684259914218BF415170BDC0461C3001007C170020C1
:20EA70000B460B4980B5012008600B491746A1F108021060074807B18000820002EB00125E
:20EA9000D018401EB0FBF2F0401E086080BDC04610040542A08601000C28004001460D48F8
:20EAB00038B5D0F8EC3202681B3901FB01F4120618060016121604FB00F543F30720484374
:20EAD000C010614300EBA5204A4300EBA24000EB234038BDA4100050B0B50C460546171C2C
:20EAF000ADF1280D08BF00220ED0684600212822082302F07DFBFA680792386804907B68AC
:20EB10000593B96806916A462846214601F090FD0AB0B0BD38B540F2024290421FBF40F226
:20EB300001418842002001F04BFD00220548064C815E064B2568186855F8143F01B0BDE86C
:20EB500030401847424F0020F04E0020EC4E002070B50020FF210B4A0B4B09E0182496683A
:20EB70004443264400257570401C95682955C0B21C78A41CA042F1DB0020917010805060DE
:20EB900070BD00BFA02700207B4F002080B50849084A08700020084910700870074A08494D
:20EBB0001070087002F020FB06490020087001BDFF2700200028002001280020022800207A
:20EBD00003280020624F00207CB505464FF6FF7601AC009402230A4A3146012002F05CFC37
:20EBF0000BE0E0680168284600F0D6FABDF8042000233146204602F0A7FC0400F1D173BDD7
:20EC1000A82D0100F8B50D4C0E462178FF290546174611D00A2001F0B1F968B1B121017049
:20EC30000022427002714580C680078101462078BDE8F44001F032BBF1BD00BFA7450020DB
:20EC50007CB54FF08056D6F8A4010B4D446800214FF040521C23032000902846A047D6F8E0
:20EC7000A401446800214FF400720923012000902846A0477CBDC04600A00C40F8B50D4CFA
:20EC9000054604F1080000688047064605F1080080B201F0EDFF071C05D00549BD800868A1
:20ECB0000F6038600837E168304688473846F8BDA01B0020C41300202DE9F0410C4D804605
:20ECD00005F10800006816460C4680470746214632464046FFF766FA041C18BFE660E968B3
:20ECF00038468847002C14BF00200820BDE8F081C413002038B50D4CA0684FF0FF3102F0B4
:20ED1000CBFCF7F73BFF084D002140F2E11205F13800FDF7C7F9402085F83800F7F72EFF47
:20ED3000A06802F0B5FC38BD3408002020110020F8B507460A480B4C0668E0698D0028580F
:20ED500086420AD108480090384602F049FAE0692858864218BF381C00D10020F8BDC04605
:20ED70001812000044010020D419002038B503681C695D6840F6C41202FB0144AC60816109
:20ED90004FF4C874428A5143B1FBF4F1491C41615A689468611A916059688A689A60BDE870
:20EDB0003240FDF76FBC7047F8B50E460A490B4C090BC9B200EB0135A0681746804703E091
:20EDD00015F8011B06F8011B39464A1E002997B2F6D1E1688847F8BD00E00100C41300201B
:20EDF00038B50C4B1D6802F0FF04A54209D31F2C07D202F0FF0403EB8403D3F89830984287
:20EE100001D0022038BD08461146F9F7FBF8002038BDC046F80E002080B517460A4A643AAD
:20EE300013688B4205D302EB8102D2F89820904201D0022080BD002207B101220348E0384E
:20EE50004254002080BDC0465C0F0020E02002400C48001D01688A6800E00246506818B167
:20EE700001F120038342F8D1507B10F00F0006D1488C40F60901814208BF012000D000207F
:20EE90007047C046C01B002038B5044602F0ACF8094A1178054684F0FF00014011701078F9
:20EEB000000904D205480821D03802F0B9F8284602F096FB38BDC046FE270020601D002074
:20EED00038B50C46054602F0C1F810B12846F1F7C7FC084800684FF47A71B1FBF0F080B26F
:20EEF00004FB00F1284602F08BFA2846F1F7C8FC38BDC04690310100B0B50B4C0546A06847
:20EF100080470A490F685FB107F10801A94204D8B988C9190831A94202D23F68002FF3D1C3
:20EF3000E16888473846B0BDC4130020A01B002030B500210A4A182394684B43E55C8542C5
:20EF500002BFE3185B78012B08D0064B1C78491CC9B2A41CA142EEDB002030BD012030BDC2
:20EF7000A02700207B4F002050B501460A4883680022182050431C5C8C4202BF1818467845
:20EF9000012E07D005480478521CD2B2A41CA242EFDB002050BD00BFA02700207B4F002075
:20EFB00070B504460D4616460C2000F0E7FF78B190210170FF220223427003714480C58061
:20EFD000866001460348007801F068F9002070BD132070BD654F0020B0B54FF0805000F5F5
:20EFF000EC74D0F8D801094D816828468847C7B257B12068426800212846904720688168FA
:20F01000284688470028F9D13846B0BD004003400C4A08B50021921C12F8013FFF2B04D118
:20F03000107041F08001C8B208BD9842F9D0491C0229F1D30248006880688047FF2008BD13
:20F050009C1B00201819002070B50C4C054604F108000068804706460648416AA94204D17F
:20F07000054909684069496A8847E1683046884770BDC046181900209C1B0020C4130020B6
:20F09000F8B50C4D074605F1080000680C46804706462146384601F0D1F8041C1CBF002088
:20F0B0002081E96830468847002C14BF00200620F8BDC046C413002038B50C4D044605F18C
:20F0D000080000684FF0FF3102F0E6FA012C19BF0024AE200124AF20FEF75CFD0248047078
:20F0F000A86802F0D5FA38BD3608002020110020ADF1080D2020EFF3118380F311880849C5
:20F1100008484A68001F0068096800900098801A4018009083F31188009802B07047C04625
:20F13000181B00200C2009402DE9F0410F46044601F0BCFC04F1280292E8600033462A4686
:20F15000FBF79CFF80460B4642462846314601F07FFB17B1303484E803004046BDE8F081EC
:20F1700070B5044604F1280090E80C000D460021284601F06DFB04F1300292E860002D18EE
:20F1900046EB0106290C30040143FFF753F8383484E8600070BD704710B54FF6FF748442DA
:20F1B00006D001F03BF868B104800021817010BD0548007830B10022091F21F8044F401E0F
:20F1D0008A70FAD110BDC046694F002010B504462088FEF7D3FDFF2808BF4FF0FF300BD0FC
:20F1F000064A810001EBC000105818B101462046884710BD6FF0010010BDC0462C14002075
:20F2100010B5044601F0F0FE094B083B1A1992F8E910491EC9B282F8E91021B99A68012150
:20F23000A1408A439A6002F0DBF9002010BDC04614100020F8B515460C46064601F0D4FEB0
:20F250000746084800683246904205D12046294600F08CFB044600E00324384602F0C0F9B3
:20F270002046F8BDC41B00202DE9F8430A4F044638680D46016816469846884781464346BB
:20F2900032462946204601F0A7FF396851F8042F4846BDE8F2431047D827002010B5144660
:20F2B000600548BF00F06AFF600348BFF6F796FF200248BFFFF7D2F814F0030F18BFF4F7CC
:20F2D000BFFB002C03D5BDE8104001F03FBB10BD30B50A4A92680021CBB218246343D55CCF
:20F2F000854208D0064C2578491CCBB2AD1CAB42F2DB002030BDD018407830BDA02700208A
:20F310007B4F002038B505462D2D0C460FDA4FF6FF7291420BD01D2804D13C20604380B277
:20F3300001F056FF034921F81540002032BD022032BD00BF3C16002008B50068416809484D
:20F3500001F0DBFB002808BF012009D00220FFF757FF0620FFF754FF034801F059FE00205D
:20F3700008BDC04604160020E815002038B501F02BFF0A4C0A25E634611E062011F8012FD6
:20F39000FF2A02D1401EF9D103E00020214601F017FF6D1E04F10E04EED138BD240C002032
:20F3B00098B504460A48006880B10746B868044209D0FB683A69204600219847002818BFC4
:20F3D0004FF0FF3003D13F68002FEFD1002098BD0C10002070B506460D460A2E0DDA084C5D
:20F3F000A068804707490A6832F81610A94322F81610E1688847002070BD032070BDC04635
:20F41000C4130020F4270020094910B50020094C08600120C86114342060216844F8280CAB
:20F43000054824300068016A14208847206810BD00002443182009408C01001038B5B1F1DC
:20F45000FF3F044608BF05212020EFF3118580F311880120054B61618840A061586901F0B5
:20F47000ABFEA06285F3118838BDC046C8010020BCB504461546FCF70FFB071C0FD120782E
:20F49000694600F087F828B1286801F07DFD6FF00500BCBDBDF80000208001F013F83846BE
:20F4B000BCBDFEE710B50C464FF4E02144F00042FFF796FC2046B0F10D01054803D0491EE9
:20F4D00004D1443000E02030F1F7DAF910BDC0466C14002038B50546104659B9084AB0FBD8
:20F4F000F2F15143401A294601F062FE041C05D0012100E00024284602F042F8204638BD5B
:20F5100040420F001CB5094C6078062818BF07280AD1207800F0E8F902461320044900907C
:20F53000238A1020F5F7EAFF1CBDC046980D0020E514011008B5094B581820300078FF28EB
:20F550000AD001228A40D968114205D00449091D096851F82010884708BDC04678170020C5
:20F570001C30010010B50C4609490A6800234FF47A71A1FB0001FBF781FD2246002908BF9D
:20F59000B0F1004F2EBF6FF002001060002010BD90310100062880B50BDA094B024690008A
:20F5B00000EBC2001F5AC0181FB14FF6F872BA4202D14FF0FF3080BD028800200A8080BDD3
:20F5D000241400200A4B10B51C688C4207D31F2905DA03EB8103D3F89830984201D0022084
:20F5F00010BD0846114600F06FFC002010BDC046F80E002038B5044601F0F6FC084A02F1B6
:20F6100008031D680121A140A4182943196094F8E910491C84F8E91001F0E2FF002038BD60
:20F630000C10002038B50C460546FDF795FC2A462146101A800801F57A72824203D26FF00C
:20F650005042824201D2002038BD401A012898BF012038BD38B50C46D0F8031021F07F4181
:20F6700000910568204601F0F3FF25F07F4538B96946204601F098FDA84201D1012032BD02
:20F69000002032BD10B50A4C60601022002101F005F8012803D16068102101F081FD606802
:20F6B00001F09EFCBDE81040012001F075BD00BF504C00200A4A1268D16E71B9926E92F83A
:20F6D00095100B0703D54168C1F3C00129B992F83310012901D11820704701F059BD00BF0D
:20F6F000304F00200A4938B50A220020E6314C1E062314F8015FFF2D02D15B1EF9D101E096
:20F71000401CC0B2521E01F10E01F0D138BDC046240C0020F8B50A4C074604F108000068D9
:20F730000D46804706462946384600F087FD00280CBF00254568E168304688472846F8BD7C
:20F75000C413002010B501F013FF01F0C5FD032001F01AFD06481030006830B1034C204670
:20F7700001F046FB204601F049FB10BDD3C40000A401002008B501F047FD012801D001F0A6
:20F79000FFFC074801F0F8FC00F01CFC01F0F0FC01F0EAFC01F0E4FC01F0DEFC08BDC04607
:20F7B00055F7000030B50025ADF1240D0848009502AA01930B46294601F0CAFC041C03D085
:20F7D00002A901F05DF82546284609B030BDC0464C2F010038B5044601250DE0C0F11F000D
:20F7F00005FA00F1052881EA040403DB401FF9F7D9FF01E0FFF704FDB4FA84F02028EDD164
:20F8100038BD38B5044601250DE0C0F11F0005FA00F1052881EA040403DB401FFAF7A8FA69
:20F8300001E0FFF7E7FEB4FA84F02028EDD138BD3EB54D681821144601916A880092AB885B
:20F85000AA6829884088FCF7A3FC162802D10021A9603EBD01001CBF298821803EBD0229F1
:20F8700008BF01780CD0032908BF017805D004290AD1C278017801EB0261827801EB0241E8
:20F89000407801EB0020704700787047B0B5446885680F4608E0216B0870206B636B7F1E79
:20F8B000401C2063581C60632FB1286801F047FAB0F1FF3FEFD13846B0BDB0B544688568F8
:20F8D0000F1C0FD0216A2868097801F03FFA48B1206A636A7F1E00F10100206203F10100F2
:20F8F0006062EFD13846B0BD0EB50949502300228DF806002C31ADF800300968ADF80220EC
:20F9100068468847002814BFFF209DF807000EBDC4130020094801684BF69A120901B2EB94
:20F93000114F07D100680B21B1EB107F14BF0020032070474FF0FF307047C046181300504D
:20F9500080B50F46014608480822B0F93C30994204D147B190F83F301F4204D1521E00F101
:20F970004000F2D1002080BD601D0020094A10B5103212780C46022A18BF012009D100F056
:20F99000A5F904B1206000F0FF0001280CBF8120022010BDC01B002030B50D46044624224E
:20F9B00008230021ADF1240D684601F05DFD012029466A468DF81800204601F051FD20463B
:20F9D00009B030BD10B50446002124220823ADF1280D684601F048FD01206946034A8DF877
:20F9F0001800204601F01CFC0AB010BDD419002010B50C4601462046491E07D0491E02D0A1
:20FA1000FFF73CF910BD01F09FFB10BD1946029B14460246204601F017FD10BD7CB5044635
:20FA30000D4601F08DFB06000AD101A821460090ADF804507F23034C2078002201F07CFB5D
:20FA5000304676BDA64500203EB504001D460FD0ADF800108DF802200194684601F068FBB6
:20FA7000010006D12DB16089294601F05DFB3EBD02203EBD10B50129044605D002290ED1EF
:20FA9000012101F04DFB50B9204601F0F5FB08B1FEF728FD2046BDE81040FFF795B810BD6D
:20FAB00010B5262000F08CFE0446C0B268B1022000F064FA48B110210170002242700146B6
:20FAD000E0B2BDE8104000F0E9BB10BD80B5094909684A78132A03D114204870002002BD98
:20FAF000152A05D101F018FBBDE8014001F010BB082002BD304F00201CB540F6FC742046D8
:20FB100069460422FFF750F90098B0F1FF3F03D1241FA4B2042CF2DA0148241D04801CBDFA
:20FB3000921B002070B5094C06460025E63420463146062200F092FB002818BF281C04D149
:20FB50006D1C0E340A2DF2DB0A2070BD240C002038B52020EFF3118580F31188064CA06814
:20FB7000002101F001FC6169081AA169814238BF002085F3118838BD7801002010B50C46E0
:20FB9000116801290FD9491E1160016839B901F0BFF8012807D1204601F0B2F810BD0C70A4
:20FBB0000168491C016010BD10B50B460446A18859B1206806A2FEF7D9FCA168A388091857
:20FBD000A160181AA080002010BD012010BDC0462573000010B5816844688968606800F046
:20FBF0008CFF38B9206804A1042201F09DF9606801F00EFA10BDC0461B5B324A00C009B49C
:20FC100090B503AFADF1040D48B103681B693C1D24F00304241D00941C467B68A04701B020
:20FC3000BDE8904002B0704738B50446EFF31185202080F31188A08A012806D101F090FC34
:20FC5000E168A368081A834200D2002085F3118838BD70470168064A0320106005480122EE
:20FC70000270C868407810B9034801F0D1B97047884702400428002004160020074898B5A1
:20FC9000007848B1064C0746206800680146204688470C347F1EF7D198BDC0467130010036
:20FCB000CC30010058B501F063FC074C064601F05BFC2C400146B0B289B20004000C204330
:20FCD00061F31F4058BDC0460000FFFF084980B5A1F108021768002FFCD1002314310B60D8
:20FCF0001060D769002FFCD00B60506880BDC0460810044010B50C4601461046224641B179
:20FD100038B1C8608A6004480B6100F0C5F9002010BD6FF0020010BD0C100020F0B505AFC2
:20FD300097E860000446ADF10C0D8DE86000F9F7C3F901460A224FF0E0432046F9F7EAF845
:20FD500003B0F0BD70B5054601F022F8002400B90124054E30680028FCD0A8470120306037
:20FD70000CB101F01BF870BD00800C4080B501F0FBFB06490F7880B22FB9054A12680023C1
:20FD9000137001270F7001F02BFC80BDB41B0020202B010010B5084C22685AB128B120688A
:20FDB000017902F10800F0F753FD206801F0ECF80020206010BDC0469426002038B50D469D
:20FDD0000446FFF799F858B1631B00F10801621B994205D8818809180831914228BF141C3F
:20FDF000204638BD07480068002808BF002107D005494268914288BF111C00680028F8D162
:20FE100008467047942700208EC2F528B0B5456884680F4606E005F13C02C1B21046FEF75A
:20FE3000D9FA7F1E2FB1206800F089FFB0F1FF3FF1D1B0BD410000B501EB8000ADF1140D33
:20FE500020300E216A46C0B200F002FB002814BF00209DF80D0005B000BD38B50C4605464B
:20FE700001F0C2F8216801B9294662684A60616801B9294622680A6001F0B2FB38BD704771
:20FE900008B5FFF747FD01460548026803294FF0FF3004D1C2F30331092908BF082008BD1F
:20FEB0009412005010B54FF08054D4F8E0014268012103209047D4F88C01C06A804701495D
:20FED000086010BD78270020002948BF0021064A521E02EB8000026801F03F0122F03F02B2
:20FEF000114301607047C0460110084028B1411E1ABF0021081C012100E00021024B034A14
:20FF100019701146087070475205002014120020014628B1401E1ABF0020011C012000E070
:20FF30000020024A1070024B19707047510500201412002080B50021C00706D5044B0548E8
:20FF500010220721FFF780FD0146084602BD00BF203201007415002010B50346002A08BFB6
:20FF700000200AD05B1E491E11F8014F13F8010F844201D1521EF7D1001B10BD10B5041C86
:20FF900005D004F10C0080B200F06AFE08B9002010BD002101600481FF2383720C3010BD1C
:20FFB00010B504466088002818BF6FF0010008D1A079FFF72DF8E071FF280CBF6FF0030029
:20FFD000002010BD074808B51030006828B1034800F00EFF024800F011FF08BD6D030100CF
:10FFF00079080100A4010020074810B510300068FE
:020000040001F9
:2000000030B1044C204600F0FBFE204600F0FEFE10BDC046A7F10000A40100202021EFF3BB
:20002000118381F31188044A04491060091F0968516083F311887047181B00200C2009403C
:20004000074908B5283090E80C000020FBF71EF8002908BFB0F1FF3F88BF4FF0FF3008BD46
:20006000907E0000F8B50D461F4616466946FFF781FA3B4632462946041C02D10098FAF7AD
:20008000F1FD2046F8BD38B5054600F0B5FF2C6834B121682960216801B9294600224A6072
:2000A00001F0A6FA204638BD38B50C46054600F0A3FF0021216069686160696801B929460A
:2000C0000C606C6001F094FA38BD70B51C4616460D4600F01BF8E900B1FBF6F1491CCA0987
:2000E0004262C1F345018162C46270BD064808380068410802D210F0120F01D1002070474F
:2001000000F01C007047C0460C28004081690909FCD2C16A044B21F01001C162026B03EABF
:20012000020101637047C046FEFCFFFF38B5054600F062FF044604482946FFF796FE204625
:2001400001F056FA38BDC0460C1000200648054A41698A4203D0D030042100F069BFFDF710
:200160008BB8C04645320000C01B002005480068400838BF002003D303480068C0F3C010A4
:200180007047C046402108400000044006488078FF2800D1704780B500F054FCBDE8044062
:2001A000002100F0B9BF00BF684E002020B5014600200A680860134615791268032D08BFB3
:2001C000401C9A42F8D10B60C0B220BD80B50021C00706D50023102201210348FFF73CFC7C
:2001E0000146084602BD00BF681A00201FB58DF80820FE23120A8DF8092001930024009492
:20020000022302AAFBF7CCFF04B010BD017A102908DA054A11688B6E93F83310012901D1AE
:200220000620704700F074BF304F0020064A127842B1091F31F8043F984208BF081C02D027
:20024000521EF7D100207047694F0020064A126842B11389994202D1937A984202D012687D
:20026000002AF6D1104670479427002010B5401E491E4AB111F8013F10F8014FA34218BFC3
:20028000002002D1521EF5D1012010BD08B5002808BF052009D010F8021CFF2918BF042054
:2002A00003D10C3800F0F4FC002008BD0A4608B530F07F0105D001460120FBF7B9FEC0B25C
:2002C00008BD11460022FAF75FF908BD10B580F08004022C03DB0448006880688047014861
:2002E000005D10BD1B1900209C1B0020002804BF00217047011C1F2111F58061491E4000FB
:20030000FCD3090541EA1031000570470246491E531E00E05B1C58780028FBD111F8010F84
:20032000002803F8010FF9D11046704738B5044600F062FE0546207820B10220FEF768FFFA
:2003400000202070284601F053F938BD38B5044600F052FE0546207820B90220FFF752F9B7
:2003600001202070284601F043F938BD10B5064C206900F0C9FE0146A06800B9E160A06894
:20038000401CA06010BDC046A4010020054808B54168054801220838026048698969884732
:2003A00008BDC046E40100200C20094038B5012014460D46F9F79EFE0246294620461AB1C9
:2003C00010700420FDF774F838BD10B5044607E090FAA0F0B0FA80F0C1B22046FDF730FA03
:2003E00060680028F4D110BD02294FF0000204D0012808BF4FF47A7203E0012808BF40F217
:20040000EE221046704710B5044600F009FC216800780A78824204D12046BDE8104000F054
:200420006FBE10BD011F4FF6FF73042031F8042F5A400A808A78401E82F0FF028A70F5D1B4
:20044000704708B5FFF756F90228B4BF0A20022001216A468DF800000520FBF72DFC08BD9E
:2004600038B515460C46FDF76FFA002808BF012004D029462246FEF79FFC002038BD000025
:2004800008B5F7F7E3F904482C30F5F7D7FD10B9FAF770FF08BDFEE7182B010010B5054C40
:2004A0002178A0612620FEF735FF207800F0D8FC10BDC046240C002008B548B1FFF73AFBD3
:2004C0000A2805DAFFF7BEFCC00828BF012000D2002008BD08B501F057F8FCF72BFA30B1DE
:2004E000816821B140684FF00041F0F78DFC08BD044908B5096849698847034A0021116009
:2005000008BDC046A8010010840460420348016803480160034800F08BBDC046E020024002
:20052000E02002605C0F00200548B0F98610B0F98400814202D10820FEF7AEBC7047C0463B
:20054000C01B0020054908B56A46FEF77BFE81280CBF9DF902006FF07F0008BD01000304C0
:2005600010B5044600F048FD03490A7814430C7001F03EF810BDC046FE27002010B500F0A2
:20058000FBFF044600F032F8A0B201F031F8014810BDC046202B010008B530B104483030DF
:2005A0000068426801480121904708BD00400340A801001010B5054CE06920B1E069FFF777
:2005C00065FE0020E0610A20207410BD240C0020054908B510B90A78012A03D0C91C0A68D1
:2005E0000021904708BDC046F91A0020054A1168087828B90120087050680068F9F7C0BBB8
:200600007047C046202B010070B50D460646A8B200F02EFB041C03D031462A4600F014F9C3
:20062000204670BD0346104609181A46491E28B111F80139401E02F8013BF9D11046704719
:20064000054B10B5044600F057FDA068002814BF201C002010BDC046D41900200146054824
:20066000006828B10289914203D000680028F9D100207047881B002010B501201C46F9F7DC
:2006800039FD021C04D0147008200021FCF710FF10BD0CB480B502AF3A6827F003031B1DF9
:2006A00000F046FBBDE8804002B0704728B142B1401E10F8013F994201D000207047521ED6
:2006C000F7D10120704710B50446002110202246FCF7EEFE10B92046FCF76EFD10BD000079
:2006E00004490968091A322998BF002001D9F9F701BD7047E013002004480068C0F302404C
:200700000628A8BF4FF0FF307047C0469412005010B500F0E9FD034C206000F031FF6060D9
:2007200010BDC046B827002010B5044C606800F037FF206800F0CCFD10BDC046B8270020D1
:20074000044908B591F8E60018B1D1F8100100B1804708BD0C10002010B5044C00F066FC9D
:200760000146204642694068904710BDC01B0020044910B51CC91CC01CC91CC00EC980E807
:200780000E0010BD082F01000449B1F1FF3F07BF0020011C0868091DF7F782B9FFFFFFFF5B
:2007A00010B504460846012C114602D1F0F758F810BDFDF723FC10BD38B504460D4600F027
:2007C00097FC012802BF142D1B21A4F87A1132BD2D2803DA034931F8100070474FF6FF70E7
:2007E000704700BF3C16002010B5044C012000F0D6FB20780028F9D0012010BD0428002057
:20080000091F042231F8043F984208BF081C02D0521EF7D100207047014611F8060C0328EB
:2008200003D102480078FFF741BD70470628002000F8011B0A0A00F8012B0A0C00F8012BA3
:20084000090E00F8011B7047034610461A4628B111F8013B401E02F8013BF9D1104670472E
:2008600030B502FB01F403FB00444FF00005E2FB00542146284630BD04498868401E8860A5
:2008800003D10869C96800F02FBC7047A401002010B50446086903490968A06088476060BF
:2008A00010BDC0467C3101002022EFF3118382F31188426A1143416283F3118800F010BC83
:2008C00010B50446FEF71CFC0249401A04B1206010BDC0468081557C10B54468206800F094
:2008E00021FB00202060606800F084FA10BD08B50090BDF8020000F07BFEBDF8000000F027
:200900004FFE08BD10F07F4F08B503D1FEF76AFF002008BD6FF0020008BD10F07F4F08B572
:2009200003D1FEF776FF002008BD6FF0020008BD10B50129044698BF012100F051FB20461A
:2009400000F050FB10BDADF1080D01208DF800009DF800000028FBD102B0704780B50020EF
:20096000FFF736FE822000F04FFEBDE8014000F0B3BBADF1080D01208DF800009DF800003C
:200980000028FBD102B0704710B50024204628B92046F6F729FE641C0A2CF8DB10BD08B53D
:2009A000C068B0F5803F04D1FFF726FB032000F0F3FB08BD10B50446FFF71EFB032000F0C8
:2009C000EBFB204600F04CFC10BD000008B5FCF713FD02480121017008BDC046B91B00206A
:2009E00010B5044600F008FB00216160216000F0FFFD10BD0146034840300068C84000F077
:200A00000100704780200240034938B53CC93CC00EC980E80E0038BD6C2F0100084608B519
:200A20008021FEF795FF002814BFC068002008BD0328BABF024901EB401000207047C0467C
:200A4000F81C0020034A53684FF4C07148431844704700BF684E002003490968002918BFF6
:200A6000084700F015B900BFE8270020012814BF002007200149086000207047000004604B
:200A8000034812300078012801D1FBF757B97047240C002008B54FF480100122694600905B
:200AA0000020FAF791F808BD4FF0FF31421E12F8010F491C0028FAD108467047034808B589
:200AC00008300068006B804708BDC0468401001000B903488A0002EBC10108187047C046CA
:200AE000D01A002008B500F0F3FA0248006800F0F7FA08BD84010020016042600021816050
:200B0000521EC26001614161704708B500F0CCFD002814BF00204FF0FF3008BD10B500F00F
:200B2000C3F90024012808BF0124204610BD00B50A21ADF12C0D684600F0C6FA0BB000BD00
:200B400010B500F08BFA002400B10124204610BD01460248001D0068F0F756B908020020F8
:200B600008B5FFF763FB002814BF8078002008BD002101604FF0FF314160012101727047AE
:200B800010B500F091F9002400B90124204610BD024910B51EC980E81E0010BD9C300100CA
:200BA0000246024808B5904708BDC046B02F010008B50221684600F083FABDF8000008BDEF
:200BC0000248006800F07F007047C04644130050002101604160C1604FF0FF318160704745
:200BE00008B500F03BFA002100B10121084608BD02490020087000F06DB9C0469416002043
:200C0000024A13680C21484318447047E027002002494FF6FF700880704700BFCA00002133
:200C20000249087800B14868704700BFA02700200249086800B10120704700BFA44E002016
:200C40000C281CBF11281A2801D100F035BA7047014602480068F0F7D7B8C046B00D002050
:200C6000042808B502D11046FDF756FB002008BD024908B50968496B884708BD9C1B0020A0
:200C8000024908B50968496C884708BD9C1B0020024908B50968896B884708BD9C1B0020E3
:200CA00008B50020012269460090F9F78DFF08BD102802D3014910380860704700EF00E027
:200CC00008B5024B40681B68984708BD7831010008B5024B40681B68984708BD8031010006
:200CE00008B5024A40681268904708BD8431010008B5024940680968884708BD8C31010004
:200D0000042808B502D11046F9F7F8FF002008BD024908B50968884708BDC0469831010018
:200D2000024808B50068804708BDC0469C3101000EB501930023009301ABF1F77DFC0EBDFF
:200D400008B54FF00041F0F75FF8002008BD816949092CBF4FF0FF300068704782699209F9
:200D60002EBF002001600120704780B500F0A0F91E2808BF002002BDD0F80320C31D08466A
:200D80001946F9F7D3BE08B5FFF798FE000C0904084308BD08B510B10368DB68984708BD31
:200DA000EFF3108072B6704700207047EFF3108062B670470020704700FB00F1C0EBA1506B
:200DC00000B2704700281ABF0160002002207047014800687047C046141000200149F03132
:200DE000085C70470C100020C2F3400302F00102F8F73EBD08B50090684600F055F908BDC7
:200E00000149091F086070470C1B0020014908607047C0460C1B0020014A106091807047C1
:200E2000C027002001480078704700BFA027002001484078704700BFA0270020014908706D
:200E4000704700BF0128002001490870704700BF0228002001490870704700BF03280020CE
:200E600001490870704700BFA7450020D0F8032008460021FBF71EB911780020422908BF30
:200E80000120704708B568460091FBF75BFB08BD08B5FBF7FDF94BF6BE2008BD1CB50024F3
:200EA0000094F9F7F5FD1CBD0148007D7047C046A4010020014880687047C046C8010020C4
:200EC00000218160017041607047014600222020FCF7EEBA002180200A46FCF7E9BA014615
:200EE00000220220FCF7E4BA014600220120FCF7DFBA4068002180F8DC10704708B50268FC
:200F00005269904708BD08B541688068884708BD10B10068EFF7ACBC704702F00102012351
:200F2000F8F7A6BC08B501680968884708BD08B503685B68984708BD08B50368DB6998475B
:200F400008BD4FF0FF310160704740687C3000F067B840680021017070474068E83000F041
:200F60005FB801698068401A70474068CC3000F057B84FF0FF30906070470022F2F7B2BEC4
:200F80000122F2F7AFBE6FF0010070474FF0884070476FF0010070470C38FCF70DB9401E91
:200FA000FDD170470022FEF74DB90022FEF74AB94FF0FF3070474FF0FF3070470020FFF715
:200FC00007BB0846F9F796B80846FCF7F5B881604260704700F064B800F05EB8FEF72CBEAA
:200FE00000F016BAEFF754BCEFF742BCFFF772BFFAF7A4BE00F04CB800F0BEBA00F044B895
:2010000000F03EB8FFF754BEFFF7E1BF00F034B8F9F770B800207047F9F708BB00F028B8FE
:2010200000F03EBB00F020B800F0AABAFFF742BFFFF73ABC00F054B8FEF708BAFFF778BEE9
:20104000EFF716BC00BFFEE70020704701207047FBF730B8FFF728BD00207047808A704738
:20106000F8F734BE01207047DFF800F015C10110DFF800F00DC10110DFF800F055BC01107A
:20108000DFF800F089AF0110DFF800F045AF0110DFF800F0A9C00110DFF800F091BE01100C
:2010A000DFF800F0DDC00110DFF800F009C10110DFF800F0BD660010DFF800F0DD930110D7
:2010C000DFF800F0C14A0010DFF800F029C10110DFF800F043B80110DFF800F071700010E1
:2010E000DFF800F011B00110DFF800F095C00110DFF800F0BD880010DFF800F079AD011010
:20110000DFF800F0718D0010DFF800F091C00110DFF800F061300110DFF800F0DD8600102E
:20112000DFF800F065330110DFF800F08DF10010DFF800F0B17F0110DFF800F08108011081
:20114000DFF800F009FB0010DFF800F0A9820110DFF800F0E9610110DFF800F02D54011036
:20116000DFF800F0C9C20110DFF800F025C10110DFF800F085C00110DFF800F04BC001104E
:20118000DFF800F0E9B40110DFF800F081C50110DFF800F083A60110DFF800F0A1BE011084
:2011A000DFF800F009F60010DFF800F04DB20010DFF800F0B1230110DFF800F0296D011069
:2011C000DFF800F029180110DFF800F079BB0110DFF800F0C9AD0010DFF800F0A9AD001070
:2011E000DFF800F06DB20010DFF800F061730110DFF800F0BDAA0110DFF800F041BA00103C
:20120000DFF800F015C00110DFF800F019AE0110DFF800F079BF0110DFF800F069C701106A
:20122000DFF800F011090110DFF800F0598E0110DFF800F0D1B20110DFF800F0FD2D0110A0
:20124000DFF800F00D930110DFF800F0B1460110DFF800F039850110DFF800F0058501104F
:20126000DFF800F0D5C60110DFF800F0BD920110DFF800F02DB40110DFF800F0697F00105C
:20128000DFF800F0615F0010DFF800F009140110DFF800F06DC60110DFF800F0CDC0011052
:2012A000DFF800F0C9C00110DFF800F0097F0110DFF800F0E57D0110DFF800F009FC001057
:2012C000DFF800F0D1070110DFF800F035BD0110DFF800F0F5B70110DFF800F0CDAC0110BF
:2012E000DFF800F021C00110DFF800F031BF0110DFF800F0B9860010DFF800F049C7001070
:20130000DFF800F099860010DFF800F0458E0010DFF800F07D180110DFF800F0991401103B
:20132000DFF800F0F57F0010DFF800F0B57F0010DFF800F0C11D0110DFF800F0F91B0110B5
:20134000DFF800F08D1C0110DFF800F0917E0110DFF800F0D57F0110DFF800F0A5850110F7
:20136000DFF800F0B1B10010DFF800F0A9BC0110DFF800F0F1A20110DFF800F0E1BE011015
:20138000DFF800F0AD710110DFF800F0FDB10110DFF800F0F5A40010DFF800F08574011090
:2013A000DFF800F045490010DFF800F009AC0010DFF800F069870110DFF800F0754C0110DB
:2013C000DFF800F0251E0110DFF800F085F90010DFF800F0AD160110DFF800F05D220110AB
:2013E000DFF800F055620110DFF800F069620110DFF800F0AD870110DFF800F0A5870110AB
:20140000DFF800F0F1F90010DFF800F0DD970110DFF800F0E5C00110DFF800F0F18E0110EB
:20142000DFF800F0D50C0110DFF800F011FC0010DFF800F01D620110DFF800F069B20110C5
:20144000DFF800F0C1BF0110DFF800F041830110DFF800F0818E0110DFF800F00584011050
:20146000DFF800F0B51C0110DFF800F0B1BE0110DFF800F05DB40110DFF800F009C00110F2
:20148000DFF800F0C5AB0110DFF800F0E5BF0110DFF800F01D6C0110DFF800F0694900109E
:2014A000DFF800F065940110DFF800F055FD0010DFF800F071930010DFF800F08D6F011083
:2014C000DFF800F0F9740110DFF800F0B1A50010DFF800F0A9A50010DFF800F0B56C01107C
:2014E000DFF800F021860010DFF800F0CD820010DFF800F079840010DFF800F0D94900107B
:20150000DFF800F0818B0110DFF800F0ED6F0010DFF800F001170110DFF800F09D920110BD
:20152000DFF800F051700110DFF800F0518C0110DFF800F06DB10010DFF800F091B100104F
:20154000DFF800F0656C0110DFF800F089140110DFF800F011610110DFF800F005FE001049
:20156000DFF800F0BDFD0010DFF800F0D5140110DFF800F09DB20110DFF800F085BF0110D6
:20158000DFF800F011BF0110DFF800F02DC00110DFF800F0C1170110DFF800F0557F011082
:2015A000DFF800F005B30110DFF800F0097F0010DFF800F009960010DFF800F0E5BE00104C
:2015C000DFF800F0AD7E0010DFF800F049890010DFF800F0497E0010DFF800F0FD88011065
:2015E000DFF800F005810110DFF800F051F50010DFF800F061C00110DFF800F0DD8F001034
:20160000DFF800F001830010DFF800F09D920010DFF800F071900010DFF800F0B997011069
:20162000DFF800F0B1970110DFF800F03D710010DFF800F0996F0010DFF800F0716D011070
:20164000DFF800F0B56E0110DFF800F0196F0110DFF800F0CD6E0110DFF800F0896E01104D
:20166000DFF800F0016F0110DFF800F0C9C10010DFF800F0A9850010DFF800F091860010CE
:20168000DFF800F069860010DFF800F035440110DFF800F0A5A50110DFF800F035A501105F
:2016A000DFF800F0E1A30110DFF800F0059B0110DFF800F04D710110DFF800F01D6E01105D
:2016C000DFF800F0E5710110DFF800F0518B0110DFF800F07D810110DFF800F0D97501102C
:1816E000DFF800F059880110DFF800F0C9790110DFF800F0B9920110FC
:2016F800FF27002002280020012800200328002000280020BC310100A0270020C41A002093
:20171800982D0100A22D0100BA2D01009A2D0100710C0100910C0100FDDF00004908010021
:2017380025060100511001008DFF00008D020100AD02010045B60000F59600008DEC000038
:20175800CDFD0000310801006FF80000AD06010039E5000091F00000C9EC0000E5F3000026
:20177800090601006D020100B10B01009D0E0100F9D9000001CF0000F7D30000D105010025
:20179800F1A7001091BB0010A5BC00108DBA001075A800103D0E0100BDBE0000B9A90010FF
:2017B800F1A90010490E0100B1BA001005AB00101DA900104594011079BD001051BD0010B0
:2017D80021BE001039A800107DA90010550E0100FDA700102DBC001041BA001021AE0010E0
:2017F800A9AF00108DAF001089AB001079B00010BDB0001041AC001081AC001009AC001024
:20181800E5AB001061AC0010F949001071BE0010955F0010D9490010615F001049C700103C
:2018380079520010FD5A0010855E0010BD4B0010E950001035CB0010E94F0010454E0010FF
:201858002DDE000095C6001001CA001069CA0010B55A0010615A001021C90010954A001009
:20187800494B001069490010B54A00105DB9001001570010C16100108D490010814C001058
:20189800594B00107D4B00104D61001025C80010D14B0010ADC80010B54C0010ED4A0010E0
:2018B800314C0010614A00108951001029520010E5BE0010254A001075680000659401103A
:2018D800F15500109D5500106D530010AD4900101959001095570010395700104D600010E7
:2018F80045490010814D0010FD610010F97201109D7201100DB900008574011079F200000F
:20191800217201100D72011035720110CD710110E571011059720110AD7101107D6D001008
:20193800C16D0010C1680010996D0010C5680010C9680010BD6C0010596B0010756D001085
:20195800596E0010796D0010B96C0010016A0010B56A001065690010256E0010A168001029
:20197800216E0010556D0010056D0010D9B90010ED6D0010996C00108D6B00102969001091
:20199800956C0010ED6800109D6C0010596800101D6C00104169001069680010A98C011055
:2019B800B18B0110ED8B0110F98D0110518C0110258C0110118C0110818B0110418D011048
:2019D800ADF2000051A500105DA50010A9A50010ADA5001065BF0010096300107D630010D8
:2019F8006962001035630010BD630010AD93001071930010898F0010DD930010B90701004F
:201A1800598F0010BDB2001089B2001019680010F9C00010D567001015C000106DB1001033
:201A38004DB200106DB2001025640010216500109D6500101D6600102566001085660010E6
:201A58006B0D010081670010296D011021700110196F0110716D0110896E0110016F0110A3
:201A780065F60000E56F011039710110FD6F011041EF000039BF0000F5A400100704010079
:201A9800F1800010B98000103D990110018B001035440110057200107984001085830010AB
:201AB800A9850010B986001099860010450A0100097F0010AD7E0010918600106986001009
:201AD800818B0010B1E4000035860010210C0100250E0100E1F2000047090100B197011093
:201AF800F57F0010E971001025EB00009D92001021860010D1920010B9950010E185001093
:201B1800B57F0010DD860010053F01108D820010697F0010ED6F0010996F0010B1700010D5
:201B38006D2C00002D9900004989001029C100009171001051720010DD940010297800104B
:201B580041A40000D589001009950010C5AE0000897C0010E5CA000059760010B9940010F9
:201B7800E91F0000AD7B0010FD8700105D880010397C0010A58A0010470901007594001016
:201B9800ED7A0010197B0010E57D0010497E00105D7D0010B9970110DD97011061C40000D4
:201BB800458E00106D870010057E0110A9DA0000557F01107D7F01107D7D01103D80011044
:201BD800F17F011019800110E57D0110917E0110D57F0110E5800110B17F01102180011061
:201BF800D57E01102D540110AD4F01109550011085910110C59101109D92011075920110EE
:201C180059500110D990011005910110B1EF000091920110319201103952011069520110C1
:201C3800A55001102D500110E54C011091530110B94E0110BD520110A9520110FD5301101C
:201C58002153011085530110895101104D530110DD510110ED4F0110514F0110995001102B
:201C7800D14C0110D97A0110C97C01103D7C0110317B0110BD7B0110754D0110694E0110F9
:201C98002D4E0110F94C0110E952011009530110054E0110495C01108D5C0110895D011086
:201CB800C95C01101D600110A15F0110F95E0110355F0110295E01102D5F01106D5E011019
:201CD8001161011079610110398E0110598E011025900110BD8E0110818E01101D620110DC
:201CF8006590011045900110815C0110FD5F0110BD5C0110415D0110E55B0110795F011072
:201D1800D15E0110E55D0110155F0110515E0110755E0110FD8F0110518F0110BD8F011004
:201D3800F18E0110918F01102D8F0110318E0110E9610110ED8F0110716001109990011029
:201D58004D8101100584011089840110BDFD001055FD001005FE001089FA0010CDFF001026
:201D780041830110BDFE0010ADFE00102DFA000011FC001059FC00105D0601101D0601109F
:201D9800B183011035060110A9820110190501106D020110190601109D0301102581000028
:201DB8009D040110C1030110F90301109D050110F5810110E1810110E90401102104011096
:201DD80021810110850601108D8301101D070110E1060110B9060110E90001109D060110D0
:201DF800AD0001100D83011021830110C9000110D50C0110F5E40000FDDA0000D514011041
:201E180009140110F90801104D13011005E80000D91201107D0A01100512011011570000E8
:201E3800DD0D011015880000D50F0110A90E01105D0D011031D00000A1C1000041F800001E
:201E58006511011099450110A5850110D1070100FD8801102918011071890110B58A01109D
:201E7800098B0110118A011009890110498B011041870110AD870110A58701107D87011001
:201E98007587011069870110858701100987011079860110BD860110E98701108D1C0110BF
:201EB800C11D0110011E0110F17D0000FD1E0110E1190110B5BF0000C11A0110F9200110BC
:201ED800251E0110351C0110811E01104D19011019190110B51C0110851B0110F91B011012
:201EF800AD950110499501102595011029950110A195011035950110DD930110410C0100FD
:201F18009993011001940110FD4901106D470110BD4A0110894A0110C9490110394A0110F7
:201F3800714A0110514C0110B5490110E54B01101D4C0110A14B0110999F00008148011036
:201F580051490110B1480110754C0110F3B700006524011027C1000091EB0010EDEA001043
:201F7800212501101577011065770110C1760110892701107D28011061280110E1230110FA
:201F98004524011059240110B12301107D210110A5210110092401105D220110252601108C
:201FB8009528011061290110012B0110452C0110652301104D2301104D28011019F8001020
:201FD800CDF9001085F9001011F9001015F200102993000029F10010B9F20010D9F00010DA
:201FF80049F1001065F4001065F50010A1EC0010F1EE00108DF5001055F80010C1F8001068
:2020180099F8001069F80010FDF80010EDEC0010ED9300005DF0001099EC0010C5F600007B
:202038008DF1001035F40010F9ED0010B1FA0000F1F90010BDF10010BDF00010DDEC0010D2
:202058005DF3001001F50010B58B00001DF0001065330110CD3401103D35011041360110DF
:20207800FD350110893501106531011051340110DDFA0000ED3101100D020100A1360110FB
:20209800AD6401107965011049650110E56401100D640110D96601107D6401106D66011056
:2020B80045640110556201107D6201106962011025660110ED650110C9640110C96501103E
:2020D8009D650110296701101165011029640110F56601108D6401109D66011061640110B7
:2020F8002D63011049660110096601103D67011002000200020303038080803838380000FB
:2021180000FE90906000FE4020102040FEFFC0A0908884848890A0C0FF80808080808080E7
:20213800808080808000FE82AAAAAAAAAAAA81FF000000000000000000000080001C22222B
:20215800221E02021E2222221C00000000000000000000000001034727140C14A4C7E70388
:20217800010000000000000000000000000000221408FF885522000000000000000080800A
:2021980000000000007DB8C0C0C0C0C0B87DF0E81818181818E8F000000000000000387D20
:2021B80000000000000000E0F00182C6C6C6C6C6BA7CF0E8181818181808000082C6C6C674
:2021D800C6C6BA7D00081818181818E8F07C3A06060606063A7D00000000000000E0F07CF5
:2021F800BAC6C6C6C6C6820100081818181818E8F07DBAC6C6C6C6C68201F0E81818181884
:2022180018E8F00080C0C0C0C0C0B87D00000000000000E0F07DBAC6C6C6C6C6BA7DF0E84D
:202238001818181818E8F07CBAC6C6C6C6C6BA7D00081818181818E8F0FFFFC0DFD0D0D086
:20225800D0D0D1D1D1D1D1D1D1D1D0D0D0D0D0D0D0D0DFC1FDFDFDFDFDFDFDFDFDFDFDFD42
:20227800FDFDFDFDFDFDFDFDFDFDFDFDFDFDFDFDFDFDFDFDFDFDFDFDFDFDFDFDFDFDFDFDA6
:20229800FDFDFDFDFDFDFDFDFDFDFDFDFDFDFDFDFDFDFDFDFDFDFEFFFFFFFF00FF00000768
:2022B8003FFFFFFFFFFFFCFCFC8C00000100000000000000000000000000003E4141412228
:2022D800003F4848483F007F01010101007F0101010100000000007F48484840007F4848E4
:2022F8004837003E4141413E007F2010207F000000000000000000FFFFFFFF00FF0000FFC0
:20231800FFFFFFFFFFFF000010387CFEFF3838383838000000000000000040404040404052
:20233800404040404040404040404040404040404040404040404040404040404040404085
:202358004040404040404040404040404040400000000000000000FFFFFFFF00FF0000C0EA
:20237800F8FEFFFFFFFF7F7F7F630000000000000000010101010101010101010101010165
:20239800010101010101010101010101010101010101010101010101010101010101010105
:2023B8000101010101010101010101010101010101010101010100FFFFFEFE06F6161616B7
:2023D800161616161616161616161616161616161616F6067E7E7E7E7E7E7E7E7E7E7E7E75
:2023F8007E7E7E7E7E7E7E7E7E7E7E7E7E7E7E7E7E7E7E7E7E7E7E7E7E7E7E7E7E7E7E7E05
:202418007E7E7E7E7E7E7E7E7E7E7E7E7E7E7E7E7E7E7E7E7E7EFEFEFEFFFFC0DFD0D0D0C9
:20243800D0D0D0D0D0D0D0D0D0D0D0D0D0D0D0D0D0D0DFC1FDFDFDFDFDFDFDFDFDFDFDFD68
:20245800FDFDFDFDFDFDFDFDFDFDFDFDFDFDFDFDFDFDFDFDFDFDFDFDFDFDFDFDFDFDFDFDC4
:20247800FDFDFDFDFDFDFDFDFDFDFDFDFDFDFDFDFDFDFDFDFDFDFEFFFFFFFF00FF000F1F5F
:202498003F7B7B7B7B7B7B7B7D7D7D7D7D7D3F1F0F0000000000000000000040407F4040AE
:2024B800007F494941410077080808770040407F404000000000007F48484840007F484846
:2024D8004837003E4141413E007F2010207F000000000000000000FFFFFFFF00FF00FFFFDF
:2024F800FFBBBBBBBBBBBBBBDDDDDDDDDDDDFFFFFF000000000000000000404040404040FD
:202518004040404040404040404040404040404040404040404040404040404040404040A3
:202538004040404040404040404040404040400000000000000000FFFFFFFF00FF00008048
:20255800C0E0E0E0E0E0E0E0E0E0F0F8FCFEE0C080000101010101010101010101010101B3
:20257800010101010101010101010101010101010101010101010101010101010101010123
:202598000101010101010101010101010101010101010101010100FFFFFEFE06F6161616D5
:2025B800161616161616161616161616161616161616F6067E7E7E7E7E7E7E7E7E7E7E7E93
:2025D8007E7E7E7E7E7E7E7E7E7E7E7E7E7E7E7E7E7E7E7E7E7E7E7E7E7E7E7E7E7E7E7E23
:2025F8007E7E7E7E7E7E7E7E7E7E7E7E7E7E7E7E7E7E7E7E7E7EFEFEFE00000000000000F5
:202618004F00000007000700147F147F14242A7F2A122313086462364955225000050300B0
:2026380000001C2241000041221C0014083E081408083E0808005030000008080808080008
:202658006060000020100804023E5149453E00427F400042615149462141454B3118141224
:202678007F1027494949313C4A49493001710905033649494936064949291E003636000023
:2026980000563600000814224100141414141400412214080201510906324979413E7E11CF
:2026B80011117E7F494949363E414141227F4141221C7F494949417F090909013E41494929
:2026D8007A7F0808087F00417F41002040413F017F081422417F404040407F020C027F7F66
:2026F8000408107F3E4141413E7F090909063E4151215E7F09192946464949493101017F16
:2027180001013F4040403F1F2040201F3F4038403F63140814630708700807615149454366
:202738007F4141000002040810200041417F00040201020440404040400001020400205479
:202758005454787F484444383844444420384444487F3854545418087E0901020C5252522F
:202778003E7F0804047800447D40002040443D007F1028440000417F40007C041804787C8F
:202798000804047838444444387C14141408081414187C7C080404084854545420043F445A
:2027B80040203C4040207C1C2040201C3C4030403C44281028440C5050503C4464544C44BD
:2027D800000000000000000000000000000000000000000000000000007FBFDFE0E0E0E044
:2027F800E0E0E0E0E0DFBF7FF7E3C1000000000000000000C1E3F7FFFEFD03030303030302
:20281800030303FDFEFF00808080808080808080808080800000000000000000000000001D
:20283800001F3F7F000000000000000000000000C1E3F7000000000000000000000000FC0C
:20285800FEFF0000000000000000000000000000000080C0E0E0E0E0E0E0E0E0E0DFBF7F26
:20287800070B1D1C1C1C1C1C1C1C1C1CDCE8F0FFFEFD0303030303030303030100000080CB
:20289800808080808080808080808080000080C0E0E0E0E0E0E0E0E0E0DFBF7F00081C1CA3
:2028B8001C1C1C1C1C1C1C1CDDEBF7000001030303030303030303FDFEFF008080808080CB
:2028D8008080808080808080007F3F1F0000000000000000001F3F7FF0E8DC1C1C1C1C1CE6
:2028F8001C1C1C1CDDEBF7000000000000000000000000FCFEFF0000000000000000000098
:2029180000000000007FBFDFE0E0E0E0E0E0E0E0E0C08000F0E8DC1C1C1C1C1C1C1C1C1CB2
:202938001D0B07000001030303030303030303FDFEFF0080808080808080808080808080BA
:20295800007FBFDFE0E0E0E0E0E0E0E0E0C08000F7EBDD1C1C1C1C1C1C1C1C1C1D0B07FF39
:20297800FEFD030303030303030303FDFEFF0080808080808080808080808080000080C06F
:20299800E0E0E0E0E0E0E0E0E0DFBF7F000000000000000000000000C1E3F7000000000087
:2029B80000000000000000FCFEFF0000000000000000000000000000007FBFDFE0E0E0E069
:2029D800E0E0E0E0E0DFBF7FF7EBDD1C1C1C1C1C1C1C1C1CDDEBF7FFFEFD030303030303DC
:2029F800030303FDFEFF0080808080808080808080808080007FBFDFE0E0E0E0E0E0E0E01F
:202A1800E0DFBF7FF0E8DC1C1C1C1C1C1C1C1C1CDDEBF7000001030303030303030303FD19
:202A3800FEFF008080808080808080808080808000000000D14E000073090100C99000000C
:202A5800730901002DFD0000E90D01001B0F010073090100090A0100AB0F0100A50F010094
:202A78007309010073090100730901007309010069CF000045050100C9CD00001D0A010009
:202A9800A59A00007309010073090100730901007309010073090100730901007309010074
:202AB8001F0000001C0000001F0000001E0000001F0000001E0000001F0000001F0000000B
:202AD8001E0000001F0000001E0000001F000000000000001F0000003B0000005A000000B0
:202AF8007800000097000000B5000000D4000000F300000011010000300100004E010000A1
:202B18001404C0A0FE000000F82700206831010000000000000000001404C0A00A0480A0A8
:202B3800090480A008400080FE00000006088080070880800D2007C00E2007C01400C08030
:202B5800024000800300808009400080084000800A400080FE000000B5B50000359600000A
:202B780000000000020013AC42023994EB118979F1B235FA020013AC42023994EB118979CB
:202B9800F2B235FA020013AC42023994EB118979F3B235FA020013AC42023994EB118979D6
:202BB800F4B235FA8F0000008F0001008F0002008F000300900000018F0001019000000232
:202BD800900000038F0001048F0000058F0008048F0000048A000006510000007F00010093
:202BF8003F0004003F0002003F0001007F0002007B756E6B6E6F776E2D696E7374616E63D0
:202C1800652D6E616D657D007B656D7074792D696E7374616E63652D6E616D657D00C0466F
:202C38007B7374617469632D696E7374616E63652D6E616D657D00C081B8000059D1000089
:202C58003F8500006500010065AC0000E9D700009DB20110A9BA0000110F0100410D01002E
:202C7800050901001B09010069D5000011100100B9D10000A1C9000045C50000E1060100C2
:202C980000000102030410000810182004040810181C10040810181C0000000008000000F6
:202CB8000000000020000000400000006000000000000000060000000200000086000000AE
:202CD8008200000000000080002000800040008000000080000400800008008000008080EE
:202CF8000000808400208084004080840000000000000580000006800000078000000000BE
:202D180000000000FCFFFFFFFFFFFFFFFFFFFFFF03000000000000000000000004000000A3
:202D3800FCFFFFFFDFBDC42962DF9CD890308478CD05F0ACD62E21F7AB20A2E534488704A5
:202D58001D0630DCE5A40000B194000000000000020013AC42023994EB118979F1A235FACC
:202D7800020013AC42023994EB118979F2A235FA020013AC42023994EB118979F3A235FA14
:202D9800002803280129001801180128022800290229032904290529002A012A022A032A91
:202DB800042A052A062907290829000073090100CD09010005B40000430F01007309010031
:202DD80025B10000730901007B0F0100810F01007309010029CC000035BC000099D8000098
:202DF800530F0100ED6C00007D730000B10F010049E00000998C0000B70F010065B700001D
:202E18000105450303000000881A00208C1A00203A0100000000000000000000901A0020BC
:202E3800981A0020000000001923000005C700005DAF0000517A011079880110157601100A
:202E5800AD81011045E80000496E000025C60000B4120000802E0100C10C0100D10C01002B
:202E7800F10C0100E10C0100B5F7000000000000000000003100000000100040060000001B
:202E980015000000FF000000000000000302FFFF3C2700202000000001030000000000005C
:202EB8008FC7011079BA0110CDAF01107FC0011005AA0110B5AE011045B8011019B901104D
:202ED8005DBE0110C5E80000EBC70CEEC90CF1CB0CF44B14F74E19FA521DFD582500613192
:202EF80001144202184E031C5A0424930530930300000000FFFFFFFFFFFFFFFF0000000004
:202F1800000000000101010100C201000300000000000000B3740000F5A20000E5FB000031
:202F380049A00000F1A90000D9080100870F01008D0F0100682E0100401B002004000000CA
:202F5800000000000000000014000000882F01001C000000FFFFFFFF000000000000000075
:202F7800000000003A01000000000000000000001C00000000000000000000009C2F010016
:202F98000000000008000000000000003113000005000000E8030000DDF10000B5FC00005E
:202FB800EF08010095B400000DD50000930F0100F30E0100E97000007B8D000000000000D0
:202FD8000189000019D200000000000000000001000100004C2A0100BC300100C42D01000C
:202FF800083101005031010000000000002000400700000011000000FF0000000000000086
:203018000504000028180020781A00200C00000004000000FFFFFFFF0000000000C20100AE
:20303800FFFFFFFF142600208000000001000000000000000000000000000100000001009F
:203058003031323334353637383941424344454600010B0101010101010101010208010294
:203078000101020013AC42023994EB118979F0B235FA020013AC42023994EB118979F0A233
:2030980035FA2A2A00000000000000000000000000000000004002400B00000027000000E1
:2030B800FF00000045E600009DDC00001D770000115900002C2F0100AC27002030300100A7
:2030D800BC2F01006C24002004300100F02D010040230020902E0100000000005818002017
:2030F8005F310100159C000000000000000000007DFD00007D0501005D9B000035B2011089
:2031180071A101106DB5011010270020AC300100FF0000000000000000000000010000000D
:2031380002000000B2310100100000007A300100100000008A30010011BF011005B3011061
:203158001B5B324B1B4500E02E01000D07262A000800000000000000000000000100000088
:20317800C30F010059100100C90F0100850E0100910E01004D1001000A000000410701003C
:203198008FFE0000651001003D830000730F0100272A292A242A502A252A0A18282A232A55
:0431B800FF7F004055
:2031BC00000000000000000044320100483201000000000054320100563201005832010066
:2031DC005A3201005E3201005C3201005F3201004C320100B81700200C0802170D010102E8
:2031FC00090901010602091818030101090903030500000004FF0517040017FC04FF0522DC
:20321C00040022FC4D44000039450000000000005032010001000000020000009E2D01000F
:20323C0002000000A02D0100EC0000210000D00210270000006131000A05000002010000E8
:04325C00000010005E
:2032600000DD000008E90E0100E20201FF060302F0A2007906CF0100AD03013302754639C7
:20328000FF31204B65706C6572F60391070900F02D5357057F1250002003020A02AAA400B5
:2032A000CFDC053268CB3474004FDA090E8480675F0A0020010D8510108336FFFE006578D7
:2032C00070657269FF6D656E74616C4D6FFF64656C204E756D62D483E387C25301E0610103
:2032E0005D4669FF726D7761726520527F65766973696F6E8A71EF48617264014E536F6667
:20330000FD74029E4D616E756661FF637475726572204EE7616D658D738EC0982D01AE5A0C
:20332000A238310100F29A00F4DC971A002001F1B6017090515F540CB001F9DD01F4AC0172
:20334000F47501FC55DE03F4B003F48A03FCDF05F4556505F49F05FCE007F4A807F455B4FB
:2033600007FCE109F4B409F4C909FC55E20BF4AA0BF4DE0BFCE30DF4A39A300FF31AB10FFC
:20338000F9E40FF4AE320FF4581CB06D3605771D129DE1FBE8039E3BB904010081790A6E8B
:2033A000FFBD0216363075FFFFB53F180F0600800C1A1F00B93F00BDF0B96FDF05F501B91A
:2033C0002F0D6D4C30BDCB0000F9496BB7F1A6182E0100EC2F2F0100F053B0586270EE5F49
:2033E000D201FA72B94072BC981B002010DEFFE07C2B01004700001C951273B39C75B4E545
:2034000066B576B499AA02F48C02F41602FCA802FC9AAA05F49C05F41405FCB605FC9B2A8F
:2034200008F4AC08F41508FC100AF0103F2E254882FC4582F010316884F054D155F0103CD3
:203440000C103C4602F47887F05508FFE0FC133C21133C4705F42D8802F41013163B332838
:2034600071E730FF2C110020B5FC0000DBEF08E73F0CDDF1FFEF7C0D201705800E0030FE76
:20348000FFEF5D74EF19353F4B8B3432A7FBB63530A3F2A9F4785519A7FBB701F4B2ABF441
:2034A0007401FC95B803F4B8ADF46C03F0FFEF48B4F700002800113075A000FC00132D40C4
:2034C00008E001F00010B200185000120111D007FFE30F8AB7B0058D50070270A3708DB25F
:2034E00001760410F000020400DF0EA4BF344FE016002000316039044DC83B601F5C7353A3
:20350000C0014CA1633F03D6017F0AC5A7FFE3E5AFB60100C1F41B300175027D017D2F7F3E
:20352000260308251BFFE22C23F0FFEF023445C1FFEF01F94C0E58D9D301000418008920C4
:20354000003101BF022001B00031DCE04096DDB0400F60601560A01C804056A3D0401E61CF
:2035600060140134186220F51662601762A003040102FF2040007F05400140FF18060C1C6F
:20358000A10104C0DF01010121410070D34AFF21004302980284607FF805438AFF00FF00CA
:2035A00000A98808300031900034980034A0AA0034A80034B00034B80034F585AFFFE705A3
:2035C000FFE0794D02F1FFE1E8540E300031F00034F800340031F10A363008003410003466
:2035E00041FF22D1250CF125FB0D40FE0D810DC0FD0E002731115031F1B97F11FFEF0E9CE9
:2036000019600031F5D1E6D719BFBD2C33C2BF168D0301E6C622FF001C10F6C1393120FF28
:203620004E6F746966696361BD74F6B020426172014249FF6E636F6D696E6720EF43616CBC
:203640006C011B546578DF74000A0808C9F160547F0000435354004400309AFF8594823095
:20366000502CF633F7353C8C2B3F05FF4193E013F3E48D09B154FF696D65205A6F6E65FE16
:2036800000D74D6F64650018003F8001A414140C78729A30C29EF502000503C5D1F6A103DB
:2036A0008FD746EC37D3C4003310310BF9208E30AA003128003430003438003440AA003429
:2036C00048003450003458003460AA00346800347000347800348034003469327FAA733BDA
:2036E00060F63000001E4CFF06000C0A0AFF31FFF000FD000000EE1A0020A81B670020AC7B
:20370000003000F100400070FD04009220010100004C012501740044FFF000F3010000070E
:2037200000B9E8180020EC01A80252B01B0133340100052000313C0034FFF0009D00000140
:203740006CDC02007200C00CEF1800200300C485F7001F00B5090100FFF000FD0000043079
:20376000170020B818C7002001010000310029B4190300200031FFF0007B0100000F0088DC
:20378000180020016100FFF099CE0000790D01006D0E0100003D00000030170020FFF000A3
:2037A00002000000470C0000000F08000000FFF00001000000FFF00001000004FFF00001C9
:2037C000000004FFF000030000FFF0006032010008020020F1360100440100201A37010068
:2037E000000100203B370100A40100205A3701007801002078370100C801002094370100E0
:20380000E4010020A0370100C01B0020A837010000020020B0370100EC010020B7370100EA
:14382000F0010020BE370100F8010020C53701000402002051
:20E00000FF0000000000000000000000000000000000000000000000000000000000000001
:20E020000000000000000000000000000000000000000000000000000000000000000000E0
:20E040000000000000000000000000000000000000000000000000000000000000000000C0
:20E060000000000000000000000000000000000000000000000000000000000000000000A0
:20E08000000000000000000000000000000000000000000000000000000000000000000080
:20E0A000000000000000000000000000000000000000000000000000000000000000000060
:20E0C000000000000000000000000000000000000000000000000000000000000000000040
:20E0E000000000000000000000000000000000000000000000000000000000000000000020
:20E100000000000000000000000000000000000000000000000000000000000000000000FF
:20E120000000000000000000000000000000000000000000000000000000000000000000DF
:20E140000000000000000000000000000000000000000000000000000000000000000000BF
:20E1600000000000000000000000000000000000000000000000000000000000000000009F
:20E1800000000000000000000000000000000000000000000000000000000000000000007F
:20E1A00000000000000000000000000000000000000000000000000000000000000000005F
:20E1C00000000000000000000000000000000000000000000000000000000000000000003F
:20E1E00000000000000000000000000000000000000000000000000000000000000000001F
:20E200000000000000000000000000000000000000000000000000000000000000000000FE
:20E220000000000000000000000000000000000000000000000000000000000000000000DE
:20E240000000000000000000000000000000000000000000000000000000000000000000BE
:20E2600000000000000000000000000000000000000000000000000000000000000000009E
:20E2800000000000000000000000000000000000000000000000000000000000000000007E
:20E2A00000000000000000000000000000000000000000000000000000000000000000005E
:20E2C00000000000000000000000000000000000000000000000000000000000000000003E
:20E2E00000000000000000000000000000000000000000000000000000000000000000001E
:20E300000000000000000000000000000000000000000000000000000000000000000000FD
:20E320000000000000000000000000000000000000000000000000000000000000000000DD
:20E340000000000000000000000000000000000000000000000000000000000000000000BD
:20E3600000000000000000000000000000000000000000000000000000000000000000009D
:20E3800000000000000000000000000000000000000000000000000000000000000000007D
:20E3A00000000000000000000000000000000000000000000000000000000000000000005D
:20E3C00000000000000000000000000000000000000000000000000000000000000000003D
:20E3E00000000000000000000000000000000000000000000000000000000000000000001D
:20E400000000000000000000000000000000000000000000000000000000000000000000FC
:20E420000000000000000000000000000000000000000000000000000000000000000000DC
:20E440000000000000000000000000000000000000000000000000000000000000000000BC
:20E4600000000000000000000000000000000000000000000000000000000000000000009C
:20E4800000000000000000000000000000000000000000000000000000000000000000007C
:20E4A00000000000000000000000000000000000000000000000000000000000000000005C
:20E4C00000000000000000000000000000000000000000000000000000000000000000003C
:20E4E00000000000000000000000000000000000000000000000000000000000000000001C
:20E500000000000000000000000000000000000000000000000000000000000000000000FB
:20E520000000000000000000000000000000000000000000000000000000000000000000DB
:20E540000000000000000000000000000000000000000000000000000000000000000000BB
:20E5600000000000000000000000000000000000000000000000000000000000000000009B
:20E5800000000000000000000000000000000000000000000000000000000000000000007B
:20E5A00000000000000000000000000000000000000000000000000000000000000000005B
:20E5C00000000000000000000000000000000000000000000000000000000000000000003B
:20E5E00000000000000000000000000000000000000000000000000000000000000000001B
:20E600000000000000000000000000000000000000000000000000000000000000000000FA
:20E620000000000000000000000000000000000000000000000000000000000000000000DA
:20E640000000000000000000000000000000000000000000000000000000000000000000BA
:20E6600000000000000000000000000000000000000000000000000000000000000000009A
:20E6800000000000000000000000000000000000000000000000000000000000000000007A
:20E6A00000000000000000000000000000000000000000000000000000000000000000005A
:20E6C00000000000000000000000000000000000000000000000000000000000000000003A
:20E6E00000000000000000000000000000000000000000000000000000000000000000001A
:20E700000000000000000000000000000000000000000000000000000000000000000000F9
:20E720000000000000000000000000000000000000000000000000000000000000000000D9
:20E740000000000000000000000000000000000000000000000000000000000000000000B9
:20E76000000000000000000000000000000000000000000000000000000000000000000099
:20E78000000000000000000000000000000000000000000000000000000000000000000079
:20E7A000000000000000000000000000000000000000000000000000000000000000000059
:20E7C000000000000000000000000000000000000000000000000000000000000000000039
:20E7E000000000000000000000000000000000000000000000000000000000000000000019
:20E800000000000000000000000000000000000000000000000000000000000000000000F8
:20E820000000000000000000000000000000000000000000000000000000000000000000D8
:20E840000000000000000000000000000000000000000000000000000000000000000000B8
:20E86000000000000000000000000000000000000000000000000000000000000000000098
:20E88000000000000000000000000000000000000000000000000000000000000000000078
:20E8A000000000000000000000000000000000000000000000000000000000000000000058
:20E8C000000000000000000000000000000000000000000000000000000000000000000038
:20E8E000000000000000000000000000000000000000000000000000000000000000000018
:20E900000000000000000000000000000000000000000000000000000000000000000000F7
:20E920000000000000000000000000000000000000000000000000000000000000000000D7
:20E940000000000000000000000000000000000000000000000000000000000000000000B7
:20E96000000000000000000000000000000000000000000000000000000000000000000097
:20E98000000000000000000000000000000000000000000000000000000000000000000077
:20E9A000000000000000000000000000000000000000000000000000000000000000000057
:20E9C000000000000000000000000000000000000000000000000000000000000000000037
:20E9E000000000000000000000000000000000000000000000000000000000000000000017
:20EA00000000000000000000000000000000000000000000000000000000000000000000F6
:20EA20000000000000000000000000000000000000000000000000000000000000000000D6
:20EA40000000000000000000000000000000000000000000000000000000000000000000B6
:20EA6000000000000000000000000000000000000000000000000000000000000000000096
:20EA8000000000000000000000000000000000000000000000000000000000000000000076
:20EAA000000000000000000000000000000000000000000000000000000000000000000056
:20EAC000000000000000000000000000000000000000000000000000000000000000000036
:20EAE000000000000000000000000000000000000000000000000000000000000000000016
:20EB00000000000000000000000000000000000000000000000000000000000000000000F5
:20EB20000000000000000000000000000000000000000000000000000000000000000000D5
:20EB40000000000000000000000000000000000000000000000000000000000000000000B5
:20EB6000000000000000000000000000000000000000000000000000000000000000000095
:20EB8000000000000000000000000000000000000000000000000000000000000000000075
:20EBA000000000000000000000000000000000000000000000000000000000000000000055
:20EBC000000000000000000000000000000000000000000000000000000000000000000035
:20EBE000000000000000000000000000000000000000000000000000000000000000000015
:20EC00000000000000000000000000000000000000000000000000000000000000000000F4
:20EC20000000000000000000000000000000000000000000000000000000000000000000D4
:20EC40000000000000000000000000000000000000000000000000000000000000000000B4
:20EC6000000000000000000000000000000000000000000000000000000000000000000094
:20EC8000000000000000000000000000000000000000000000000000000000000000000074
:20ECA000000000000000000000000000000000000000000000000000000000000000000054
:20ECC000000000000000000000000000000000000000000000000000000000000000000034
:20ECE000000000000000000000000000000000000000000000000000000000000000000014
:20ED00000000000000000000000000000000000000000000000000000000000000000000F3
:20ED20000000000000000000000000000000000000000000000000000000000000000000D3
:20ED40000000000000000000000000000000000000000000000000000000000000000000B3
:20ED6000000000000000000000000000000000000000000000000000000000000000000093
:20ED8000000000000000000000000000000000000000000000000000000000000000000073
:20EDA000000000000000000000000000000000000000000000000000000000000000000053
:20EDC000000000000000000000000000000000000000000000000000000000000000000033
:20EDE000000000000000000000000000000000000000000000000000000000000000000013
:20EE00000000000000000000000000000000000000000000000000000000000000000000F2
:20EE20000000000000000000000000000000000000000000000000000000000000000000D2
:20EE40000000000000000000000000000000000000000000000000000000000000000000B2
:20EE6000000000000000000000000000000000000000000000000000000000000000000092
:20EE8000000000000000000000000000000000000000000000000000000000000000000072
:20EEA000000000000000000000000000000000000000000000000000000000000000000052
:20EEC000000000000000000000000000000000000000000000000000000000000000000032
:20EEE000000000000000000000000000000000000000000000000000000000000000000012
:20EF00000000000000000000000000000000000000000000000000000000000000000000F1
:20EF20000000000000000000000000000000000000000000000000000000000000000000D1
:20EF40000000000000000000000000000000000000000000000000000000000000000000B1
:20EF6000000000000000000000000000000000000000000000000000000000000000000091
:20EF8000000000000000000000000000000000000000000000000000000000000000000071
:20EFA000000000000000000000000000000000000000000000000000000000000000000051
:20EFC000000000000000000000000000000000000000000000000000000000000000000031
:20EFE000000000000000000000000000000000000000000000000000000000000000000011
:20FFA80000008001100082FFFDFF58003AFFBFF3FFFFFFFFFFFFFFFFFFFFFFFFFFFFFFFFF8
:20FFC800FFFFFFFFFFFFFFFFFFFFFFFFFFFFFFFFFFFFFF00FFFFFFFF00FFFFFFC500C5FFAA
:18FFE800000000FF00000000FFFFFFFFFFFFFFFFFFFFFFFFFFFFFFFF12
:00000001FF
