** Drc report for f91_kepler_v2.kicad_pcb **
** Created on 2026-06-27T08:13:28 **
** Report includes: Errors, Warnings **

** Found 786 DRC violations **
[solder_mask_bridge]: Front solder mask aperture bridges items with different nets
    Rule: board setup solder mask min width; error
    @(19.1500 mm, 10.5250 mm): Pad 8 [FET_D] of Q1 on F.Cu
    @(19.0000 mm, 10.5200 mm): Pad 2 [GND] of C9 on F.Cu
[solder_mask_bridge]: Front solder mask aperture bridges items with different nets
    Rule: board setup solder mask min width; error
    @(19.1500 mm, 10.5250 mm): Pad 8 [FET_D] of Q1 on F.Cu
    @(18.2875 mm, 11.0000 mm): Pad 2 [VDDS] of FB1 on F.Cu
[solder_mask_bridge]: Front solder mask aperture bridges items with different nets
    Rule: board setup solder mask min width; error
    @(23.0000 mm, 9.4900 mm): Pad 2 [DW_VCC] of R10 on F.Cu
    @(23.3000 mm, 9.5500 mm): Pad 2 [+3V0] of SW2 on F.Cu
[solder_mask_bridge]: Front solder mask aperture bridges items with different nets
    Rule: board setup solder mask min width; error
    @(19.1500 mm, 11.1750 mm): Pad 7 [GND] of Q1 on F.Cu
    @(20.0000 mm, 11.0100 mm): Pad 1 [PROT_CS] of R11 on F.Cu
[solder_mask_bridge]: Front solder mask aperture bridges items with different nets
    Rule: board setup solder mask min width; error
    @(19.1500 mm, 11.1750 mm): Pad 7 [GND] of Q1 on F.Cu
    @(18.2875 mm, 11.0000 mm): Pad 2 [VDDS] of FB1 on F.Cu
[solder_mask_bridge]: Front solder mask aperture bridges items with different nets
    Rule: board setup solder mask min width; error
    @(19.1500 mm, 11.1750 mm): Pad 7 [GND] of Q1 on F.Cu
    @(19.0000 mm, 11.4800 mm): Pad 1 [VDDR] of C9 on F.Cu
[solder_mask_bridge]: Front solder mask aperture bridges items with different nets
    Rule: board setup solder mask min width; error
    @(15.5000 mm, 22.5000 mm): Pad 1 [PIEZO] of TP8 on F.Cu
    @(16.0000 mm, 21.8750 mm): Pad 1 [RECT] of C17 on F.Cu
[solder_mask_bridge]: Front solder mask aperture bridges items with different nets
    Rule: board setup solder mask min width; error
    @(12.5000 mm, 13.5000 mm): Pad 49 [GND] of U1 on F.Cu
    @(14.8500 mm, 12.4750 mm): Pad 4 [PROT_OD] of Q1 on F.Cu
[solder_mask_bridge]: Front solder mask aperture bridges items with different nets
    Rule: board setup solder mask min width; error
    @(19.1500 mm, 11.8250 mm): Pad 6 [GND] of Q1 on F.Cu
    @(19.0000 mm, 11.4800 mm): Pad 1 [VDDR] of C9 on F.Cu
[solder_mask_bridge]: Front solder mask aperture bridges items with different nets
    Rule: board setup solder mask min width; error
    @(12.7500 mm, 16.9375 mm): Pad 19 [LCD_EXTCOMIN] of U1 on F.Cu
    @(13.0000 mm, 17.5200 mm): Pad 2 [AC1] of C23 on F.Cu
[solder_mask_bridge]: Front solder mask aperture bridges items with different nets
    Rule: board setup solder mask min width; error
    @(4.0250 mm, 8.4050 mm): Pad 4 [GND] of U7 on F.Cu
    @(3.3000 mm, 8.9500 mm): Pad 1 [BTN_1] of SW1 on F.Cu
[solder_mask_bridge]: Front solder mask aperture bridges items with different nets
    Rule: board setup solder mask min width; error
    @(12.5000 mm, 13.5000 mm): Pad 49 [GND] of U1 on F.Cu
    @(14.8500 mm, 11.8250 mm): Pad 3 [BATN] of Q1 on F.Cu
[solder_mask_bridge]: Front solder mask aperture bridges items with different nets
    Rule: board setup solder mask min width; error
    @(14.8500 mm, 11.1750 mm): Pad 2 [BATN] of Q1 on F.Cu
    @(12.5000 mm, 13.5000 mm): Pad 49 [GND] of U1 on F.Cu
[solder_mask_bridge]: Front solder mask aperture bridges items with different nets
    Rule: board setup solder mask min width; error
    @(3.3000 mm, 13.0500 mm): Pad 1 [BTN_1] of SW1 on F.Cu
    @(3.3500 mm, 13.0000 mm): Pad 5 [HAPTIC_EN] of U6 on F.Cu
[solder_mask_bridge]: Front solder mask aperture bridges items with different nets
    Rule: board setup solder mask min width; error
    @(13.2500 mm, 16.9375 mm): Pad 20 [NFC_GPO] of U1 on F.Cu
    @(13.0000 mm, 17.5200 mm): Pad 2 [AC1] of C23 on F.Cu
[solder_mask_bridge]: Front solder mask aperture bridges items with different nets
    Rule: board setup solder mask min width; error
    @(12.5000 mm, 13.5000 mm): Pad 49 [GND] of U1 on F.Cu
    @(11.5000 mm, 12.0100 mm): Pad 1 [SCL] of R14 on F.Cu
[solder_mask_bridge]: Front solder mask aperture bridges items with different nets
    Rule: board setup solder mask min width; error
    @(4.0250 mm, 8.4050 mm): Pad 4 [GND] of U7 on F.Cu
    @(4.0000 mm, 7.5000 mm): Pad 1 [NFC_B] of TP16 on F.Cu
[solder_mask_bridge]: Front solder mask aperture bridges items with different nets
    Rule: board setup solder mask min width; error
    @(3.3000 mm, 13.0500 mm): Pad 1 [BTN_1] of SW1 on F.Cu
    @(3.3500 mm, 12.5000 mm): Pad 4 [GND] of U6 on F.Cu
[solder_mask_bridge]: Front solder mask aperture bridges items with different nets
    Rule: board setup solder mask min width; error
    @(2.5000 mm, 20.0000 mm): Pad 1 [MOT_N] of TP14 on F.Cu
    @(2.5000 mm, 18.5000 mm): Pad 1 [MOT_P] of TP13 on F.Cu
[solder_mask_bridge]: Front solder mask aperture bridges items with different nets
    Rule: board setup solder mask min width; error
    @(5.7500 mm, 14.5000 mm): Pad 2 [X32K_2] of Y2 on F.Cu
    @(5.5000 mm, 15.4900 mm): Pad 2 [ANT_FEED] of R2 on F.Cu
[solder_mask_bridge]: Front solder mask aperture bridges items with different nets
    Rule: board setup solder mask min width; error
    @(14.2500 mm, 16.9375 mm): Pad 22 [VDDS] of U1 on F.Cu
    @(14.5000 mm, 17.5200 mm): Pad 2 [AC2] of C24 on F.Cu
[solder_mask_bridge]: Front solder mask aperture bridges items with different nets
    Rule: board setup solder mask min width; error
    @(12.5000 mm, 13.5000 mm): Pad 49 [GND] of U1 on F.Cu
    @(11.5000 mm, 10.9900 mm): Pad 2 [+3V0] of R14 on F.Cu
[solder_mask_bridge]: Front solder mask aperture bridges items with different nets
    Rule: board setup solder mask min width; error
    @(14.8500 mm, 10.5250 mm): Pad 1 [FET_D] of Q1 on F.Cu
    @(15.2500 mm, 10.0625 mm): Pad 37 [HAPTIC_EN] of U1 on F.Cu
[solder_mask_bridge]: Front solder mask aperture bridges items with different nets
    Rule: board setup solder mask min width; error
    @(8.9750 mm, 8.4050 mm): Pad 5 [SDA] of U7 on F.Cu
    @(8.2625 mm, 8.7500 mm): Pad 10 [+3V0] of U5 on F.Cu
[solder_mask_bridge]: Front solder mask aperture bridges items with different nets
    Rule: board setup solder mask min width; error
    @(15.5000 mm, 22.5000 mm): Pad 1 [PIEZO] of TP8 on F.Cu
    @(14.5000 mm, 21.5800 mm): Pad 1 [CLAMP2] of C26 on F.Cu
[solder_mask_bridge]: Front solder mask aperture bridges items with different nets
    Rule: board setup solder mask min width; error
    @(14.5000 mm, 25.5000 mm): Pad 1 [SWD_TCK] of TP5 on F.Cu
    @(15.5000 mm, 25.5000 mm): Pad 1 [COIL1] of TP9 on F.Cu
[solder_mask_bridge]: Front solder mask aperture bridges items with different nets
    Rule: board setup solder mask min width; error
    @(8.2500 mm, 14.5000 mm): Pad 1 [X32K_1] of Y2 on F.Cu
    @(9.0625 mm, 15.2500 mm): Pad 10 [SDA] of U1 on F.Cu
[solder_mask_bridge]: Front solder mask aperture bridges items with different nets
    Rule: board setup solder mask min width; error
    @(3.3000 mm, 13.0500 mm): Pad 1 [BTN_1] of SW1 on F.Cu
    @(3.5000 mm, 12.4800 mm): Pad 1 [DRV_REG] of C36 on F.Cu
[solder_mask_bridge]: Front solder mask aperture bridges items with different nets
    Rule: board setup solder mask min width; error
    @(14.7500 mm, 16.9375 mm): Pad 23 [DCOUPL] of U1 on F.Cu
    @(14.5000 mm, 17.5200 mm): Pad 2 [AC2] of C24 on F.Cu
[solder_mask_bridge]: Front solder mask aperture bridges items with different nets
    Rule: board setup solder mask min width; error
    @(8.9750 mm, 5.8650 mm): Pad 7 [NFC_GPO] of U7 on F.Cu
    @(8.5000 mm, 5.4800 mm): Pad 1 [+3V0] of C38 on F.Cu
[solder_mask_bridge]: Front solder mask aperture bridges items with different nets
    Rule: board setup solder mask min width; error
    @(14.0000 mm, 22.0200 mm): Pad 2 [GND] of C32 on F.Cu
    @(14.5000 mm, 21.5800 mm): Pad 1 [CLAMP2] of C26 on F.Cu
[solder_mask_bridge]: Front solder mask aperture bridges items with different nets
    Rule: board setup solder mask min width; error
    @(14.5000 mm, 25.5000 mm): Pad 1 [SWD_TCK] of TP5 on F.Cu
    @(14.5000 mm, 24.6800 mm): Pad 1 [COMM2] of C28 on F.Cu
[solder_mask_bridge]: Front solder mask aperture bridges items with different nets
    Rule: board setup solder mask min width; error
    @(8.2500 mm, 14.5000 mm): Pad 1 [X32K_1] of Y2 on F.Cu
    @(9.0625 mm, 13.7500 mm): Pad 7 [UART_RX] of U1 on F.Cu
[solder_mask_bridge]: Front solder mask aperture bridges items with different nets
    Rule: board setup solder mask min width; error
    @(19.5000 mm, 25.5000 mm): Pad 1 [UART_RX] of TP7 on F.Cu
    @(19.5000 mm, 25.0100 mm): Pad 1 [TERM] of R7 on F.Cu
[solder_mask_bridge]: Front solder mask aperture bridges items with different nets
    Rule: board setup solder mask min width; error
    @(8.2500 mm, 14.5000 mm): Pad 1 [X32K_1] of Y2 on F.Cu
    @(9.0625 mm, 14.2500 mm): Pad 8 [UART_TX] of U1 on F.Cu
[solder_mask_bridge]: Front solder mask aperture bridges items with different nets
    Rule: board setup solder mask min width; error
    @(17.0000 mm, 25.5000 mm): Pad 1 [COIL2] of TP10 on F.Cu
    @(17.0000 mm, 25.5000 mm): Pad 1 [UART_TX] of TP6 on F.Cu
[solder_mask_bridge]: Front solder mask aperture bridges items with different nets
    Rule: board setup solder mask min width; error
    @(16.0000 mm, 24.6800 mm): Pad 1 [RECT] of C18 on F.Cu
    @(17.0000 mm, 25.5000 mm): Pad 1 [UART_TX] of TP6 on F.Cu
[solder_mask_bridge]: Front solder mask aperture bridges items with different nets
    Rule: board setup solder mask min width; error
    @(15.9375 mm, 16.2500 mm): Pad 25 [SWD_TCK] of U1 on F.Cu
    @(16.5000 mm, 15.9900 mm): Pad 2 [VDDS] of R9 on F.Cu
[solder_mask_bridge]: Front solder mask aperture bridges items with different nets
    Rule: board setup solder mask min width; error
    @(8.9750 mm, 4.5950 mm): Pad 8 [+3V0] of U7 on F.Cu
    @(8.5000 mm, 4.5200 mm): Pad 2 [GND] of C38 on F.Cu
[solder_mask_bridge]: Front solder mask aperture bridges items with different nets
    Rule: board setup solder mask min width; error
    @(18.5000 mm, 25.0100 mm): Pad 1 [COIL2] of W1 on F.Cu
    @(19.5000 mm, 25.5000 mm): Pad 1 [UART_RX] of TP7 on F.Cu
[solder_mask_bridge]: Front solder mask aperture bridges items with different nets
    Rule: board setup solder mask min width; error
    @(14.5000 mm, 24.6800 mm): Pad 1 [COMM2] of C28 on F.Cu
    @(15.5000 mm, 25.5000 mm): Pad 1 [COIL1] of TP9 on F.Cu
[solder_mask_bridge]: Front solder mask aperture bridges items with different nets
    Rule: board setup solder mask min width; error
    @(14.8500 mm, 10.5250 mm): Pad 1 [FET_D] of Q1 on F.Cu
    @(14.7500 mm, 10.0625 mm): Pad 38 [BTN_2] of U1 on F.Cu
[solder_mask_bridge]: Front solder mask aperture bridges items with different nets
    Rule: board setup solder mask min width; error
    @(17.0000 mm, 25.5000 mm): Pad 1 [COIL2] of TP10 on F.Cu
    @(15.5000 mm, 25.5000 mm): Pad 1 [COIL1] of TP9 on F.Cu
[solder_mask_bridge]: Front solder mask aperture bridges items with different nets
    Rule: board setup solder mask min width; error
    @(16.0000 mm, 24.6800 mm): Pad 1 [RECT] of C18 on F.Cu
    @(15.5000 mm, 25.5000 mm): Pad 1 [COIL1] of TP9 on F.Cu
[solder_mask_bridge]: Front solder mask aperture bridges items with different nets
    Rule: board setup solder mask min width; error
    @(15.9375 mm, 15.7500 mm): Pad 26 [<no net>] of U1 on F.Cu
    @(16.5000 mm, 15.9900 mm): Pad 2 [VDDS] of R9 on F.Cu
[solder_mask_bridge]: Front solder mask aperture bridges items with different nets
    Rule: board setup solder mask min width; error
    @(14.8500 mm, 10.5250 mm): Pad 1 [FET_D] of Q1 on F.Cu
    @(14.2500 mm, 10.0625 mm): Pad 39 [BTN_3] of U1 on F.Cu
[solder_mask_bridge]: Front solder mask aperture bridges items with different nets
    Rule: board setup solder mask min width; error
    @(18.5000 mm, 23.9900 mm): Pad 2 [AC2] of W1 on F.Cu
    @(18.5000 mm, 23.7000 mm): Pad 6 [COMM1] of U2 on F.Cu
[solder_mask_bridge]: Front solder mask aperture bridges items with different nets
    Rule: board setup solder mask min width; error
    @(21.7000 mm, 9.5500 mm): Pad 1 [BTN_2] of SW2 on F.Cu
    @(21.5000 mm, 9.4800 mm): Pad 1 [+3V0] of C33 on F.Cu
[solder_mask_bridge]: Front solder mask aperture bridges items with different nets
    Rule: board setup solder mask min width; error
    @(8.2500 mm, 14.5000 mm): Pad 1 [X32K_1] of Y2 on F.Cu
    @(9.0625 mm, 14.7500 mm): Pad 9 [<no net>] of U1 on F.Cu
[solder_mask_bridge]: Front solder mask aperture bridges items with different nets
    Rule: board setup solder mask min width; error
    @(16.0000 mm, 24.6800 mm): Pad 1 [RECT] of C18 on F.Cu
    @(17.0000 mm, 25.5000 mm): Pad 1 [COIL2] of TP10 on F.Cu
[solder_mask_bridge]: Front solder mask aperture bridges items with different nets
    Rule: board setup solder mask min width; error
    @(15.9375 mm, 14.7500 mm): Pad 28 [<no net>] of U1 on F.Cu
    @(16.4375 mm, 14.5000 mm): Pad 1 [DCDC_SW] of L2 on F.Cu
[solder_mask_bridge]: Front solder mask aperture bridges items with different nets
    Rule: board setup solder mask min width; error
    @(21.3625 mm, 12.5000 mm): Pad 2 [PROT_CS] of U3 on F.Cu
    @(20.4375 mm, 12.5500 mm): Pad 2 [+3V0] of U4 on F.Cu
[solder_mask_bridge]: Front solder mask aperture bridges items with different nets
    Rule: board setup solder mask min width; error
    @(17.0000 mm, 25.5000 mm): Pad 1 [UART_TX] of TP6 on F.Cu
    @(15.5000 mm, 25.5000 mm): Pad 1 [COIL1] of TP9 on F.Cu
[solder_mask_bridge]: Front solder mask aperture bridges items with different nets
    Rule: board setup solder mask min width; error
    @(15.9375 mm, 14.2500 mm): Pad 29 [<no net>] of U1 on F.Cu
    @(16.4375 mm, 14.5000 mm): Pad 1 [DCDC_SW] of L2 on F.Cu
[solder_mask_bridge]: Front solder mask aperture bridges items with different nets
    Rule: board setup solder mask min width; error
    @(4.0000 mm, 6.0000 mm): Pad 1 [NFC_A] of TP15 on F.Cu
    @(4.0000 mm, 7.5000 mm): Pad 1 [NFC_B] of TP16 on F.Cu
[solder_mask_bridge]: Front solder mask aperture bridges items with different nets
    Rule: board setup solder mask min width; error
    @(15.0000 mm, 9.2750 mm): Pad 1 [VDDS] of C5 on F.Cu
    @(15.2500 mm, 10.0625 mm): Pad 37 [HAPTIC_EN] of U1 on F.Cu
[solder_mask_bridge]: Front solder mask aperture bridges items with different nets
    Rule: board setup solder mask min width; error
    @(16.4375 mm, 14.5000 mm): Pad 1 [DCDC_SW] of L2 on F.Cu
    @(17.0000 mm, 14.7750 mm): Pad 1 [VDDR] of C7 on F.Cu
[solder_mask_bridge]: Front solder mask aperture bridges items with different nets
    Rule: board setup solder mask min width; error
    @(7.5000 mm, 10.0200 mm): Pad 2 [GND] of C35 on F.Cu
    @(7.2500 mm, 10.2625 mm): Pad 5 [<no net>] of U5 on F.Cu
[solder_mask_bridge]: Front solder mask aperture bridges items with different nets
    Rule: board setup solder mask min width; error
    @(8.9750 mm, 4.5950 mm): Pad 8 [+3V0] of U7 on F.Cu
    @(8.3500 mm, 3.6000 mm): Pad MP [<no net>] of J1 on F.Cu
[solder_mask_bridge]: Front solder mask aperture bridges items with different nets
    Rule: board setup solder mask min width; error
    @(5.0000 mm, 18.5000 mm): Pad 2 [BATN] of BT1 on F.Cu
    @(6.0000 mm, 19.5200 mm): Pad 2 [GND] of C14 on F.Cu
[solder_mask_bridge]: Front solder mask aperture bridges items with different nets
    Rule: board setup solder mask min width; error
    @(19.5000 mm, 23.7000 mm): Pad 8 [<no net>] of U2 on F.Cu
    @(19.5000 mm, 23.9900 mm): Pad 2 [GND] of R7 on F.Cu
[solder_mask_bridge]: Front solder mask aperture bridges items with different nets
    Rule: board setup solder mask min width; error
    @(15.9375 mm, 11.2500 mm): Pad 35 [nRESET] of U1 on F.Cu
    @(16.7125 mm, 11.0000 mm): Pad 1 [+3V0] of FB1 on F.Cu
[solder_mask_bridge]: Front solder mask aperture bridges items with different nets
    Rule: board setup solder mask min width; error
    @(18.5625 mm, 14.5000 mm): Pad 2 [VDDR] of L2 on F.Cu
    @(18.0000 mm, 15.0200 mm): Pad 2 [GND] of C11 on F.Cu
[solder_mask_bridge]: Front solder mask aperture bridges items with different nets
    Rule: board setup solder mask min width; error
    @(13.0000 mm, 21.5800 mm): Pad 1 [CLAMP1] of C25 on F.Cu
    @(12.5000 mm, 21.7750 mm): Pad 1 [COIL1] of C20 on F.Cu
[solder_mask_bridge]: Front solder mask aperture bridges items with different nets
    Rule: board setup solder mask min width; error
    @(21.7000 mm, 23.0000 mm): Pad 11 [GND] of U2 on F.Cu
    @(21.5000 mm, 23.0100 mm): Pad 1 [ILIM] of R5 on F.Cu
[solder_mask_bridge]: Front solder mask aperture bridges items with different nets
    Rule: board setup solder mask min width; error
    @(12.5000 mm, 24.5800 mm): Pad 1 [AC1] of C22 on F.Cu
    @(12.0000 mm, 25.5000 mm): Pad 1 [SWD_TMS] of TP4 on F.Cu
[solder_mask_bridge]: Front solder mask aperture bridges items with different nets
    Rule: board setup solder mask min width; error
    @(15.0000 mm, 9.2750 mm): Pad 1 [VDDS] of C5 on F.Cu
    @(14.7500 mm, 10.0625 mm): Pad 38 [BTN_2] of U1 on F.Cu
[solder_mask_bridge]: Front solder mask aperture bridges items with different nets
    Rule: board setup solder mask min width; error
    @(16.5000 mm, 3.9800 mm): Pad 1 [+3V0] of C40 on F.Cu
    @(16.6500 mm, 3.6000 mm): Pad MP [<no net>] of J1 on F.Cu
[solder_mask_bridge]: Front solder mask aperture bridges items with different nets
    Rule: board setup solder mask min width; error
    @(6.5000 mm, 23.0000 mm): Pad 1 [VBAT] of TP11 on F.Cu
    @(8.0000 mm, 23.5000 mm): Pad 1 [GND] of TP12 on F.Cu
[solder_mask_bridge]: Front solder mask aperture bridges items with different nets
    Rule: board setup solder mask min width; error
    @(21.7000 mm, 22.0000 mm): Pad 13 [TS] of U2 on F.Cu
    @(21.5000 mm, 21.9900 mm): Pad 2 [FOD_TAP] of R5 on F.Cu
[solder_mask_bridge]: Front solder mask aperture bridges items with different nets
    Rule: board setup solder mask min width; error
    @(16.5000 mm, 3.0200 mm): Pad 2 [GND] of C40 on F.Cu
    @(16.6500 mm, 3.6000 mm): Pad MP [<no net>] of J1 on F.Cu
[solder_mask_bridge]: Front solder mask aperture bridges items with different nets
    Rule: board setup solder mask min width; error
    @(12.5000 mm, 24.5800 mm): Pad 1 [AC1] of C22 on F.Cu
    @(13.0000 mm, 24.6800 mm): Pad 1 [COMM1] of C27 on F.Cu
[solder_mask_bridge]: Front solder mask aperture bridges items with different nets
    Rule: board setup solder mask min width; error
    @(16.0000 mm, 17.2250 mm): Pad 2 [GND] of C16 on F.Cu
    @(16.5000 mm, 17.0100 mm): Pad 1 [CHG_DET] of R9 on F.Cu
[solder_mask_bridge]: Front solder mask aperture bridges items with different nets
    Rule: board setup solder mask min width; error
    @(16.7125 mm, 11.0000 mm): Pad 1 [+3V0] of FB1 on F.Cu
    @(15.9375 mm, 10.7500 mm): Pad 36 [<no net>] of U1 on F.Cu
[solder_mask_bridge]: Front solder mask aperture bridges items with different nets
    Rule: board setup solder mask min width; error
    @(8.5000 mm, 4.5200 mm): Pad 2 [GND] of C38 on F.Cu
    @(8.3500 mm, 3.6000 mm): Pad MP [<no net>] of J1 on F.Cu
[solder_mask_bridge]: Front solder mask aperture bridges items with different nets
    Rule: board setup solder mask min width; error
    @(12.5000 mm, 23.6200 mm): Pad 2 [AC2] of C22 on F.Cu
    @(13.0000 mm, 23.7200 mm): Pad 2 [AC1] of C27 on F.Cu
[solder_mask_bridge]: Front solder mask aperture bridges items with different nets
    Rule: board setup solder mask min width; error
    @(8.0000 mm, 23.5000 mm): Pad 1 [GND] of TP12 on F.Cu
    @(9.0000 mm, 22.9800 mm): Pad 1 [VBAT] of C29 on F.Cu
[solder_mask_bridge]: Front solder mask aperture bridges items with different nets
    Rule: board setup solder mask min width; error
    @(3.5000 mm, 12.4800 mm): Pad 1 [DRV_REG] of C36 on F.Cu
    @(3.3500 mm, 12.5000 mm): Pad 4 [GND] of U6 on F.Cu
[solder_mask_bridge]: Front solder mask aperture bridges items with different nets
    Rule: board setup solder mask min width; error
    @(18.2875 mm, 11.0000 mm): Pad 2 [VDDS] of FB1 on F.Cu
    @(19.0000 mm, 11.4800 mm): Pad 1 [VDDR] of C9 on F.Cu
[solder_mask_bridge]: Front solder mask aperture bridges items with different nets
    Rule: board setup solder mask min width; error
    @(3.5000 mm, 11.5200 mm): Pad 2 [GND] of C36 on F.Cu
    @(3.3500 mm, 11.5000 mm): Pad 2 [SCL] of U6 on F.Cu
[solder_mask_bridge]: Front solder mask aperture bridges items with different nets
    Rule: board setup solder mask min width; error
    @(19.0000 mm, 10.5200 mm): Pad 2 [GND] of C9 on F.Cu
    @(18.2875 mm, 11.0000 mm): Pad 2 [VDDS] of FB1 on F.Cu
[solder_mask_bridge]: Front solder mask aperture bridges items with different nets
    Rule: board setup solder mask min width; error
    @(10.0000 mm, 24.5800 mm): Pad 1 [AC1] of C21 on F.Cu
    @(9.5000 mm, 25.5000 mm): Pad 1 [nRESET] of TP3 on F.Cu
[solder_mask_bridge]: Front solder mask aperture bridges items with different nets
    Rule: board setup solder mask min width; error
    @(8.0000 mm, 12.4800 mm): Pad 1 [X32K_2] of C13 on F.Cu
    @(7.6500 mm, 12.5000 mm): Pad 7 [MOT_P] of U6 on F.Cu
[solder_mask_bridge]: Front solder mask aperture bridges items with different nets
    Rule: board setup solder mask min width; error
    @(12.0000 mm, 25.5000 mm): Pad 1 [SWD_TMS] of TP4 on F.Cu
    @(13.0000 mm, 24.6800 mm): Pad 1 [COMM1] of C27 on F.Cu
[solder_mask_bridge]: Front solder mask aperture bridges items with different nets
    Rule: board setup solder mask min width; error
    @(17.0000 mm, 13.2250 mm): Pad 2 [GND] of C7 on F.Cu
    @(17.5000 mm, 12.9800 mm): Pad 1 [VDDR] of C8 on F.Cu
[solder_mask_bridge]: Front solder mask aperture bridges items with different nets
    Rule: board setup solder mask min width; error
    @(8.0000 mm, 11.5200 mm): Pad 2 [GND] of C13 on F.Cu
    @(7.6500 mm, 11.5000 mm): Pad 9 [MOT_N] of U6 on F.Cu
[solder_mask_bridge]: Front solder mask aperture bridges items with different nets
    Rule: board setup solder mask min width; error
    @(21.7000 mm, 21.0000 mm): Pad 15 [COMM2] of U2 on F.Cu
    @(21.7000 mm, 20.5500 mm): Pad 1 [BTN_3] of SW3 on F.Cu
[solder_mask_bridge]: Front solder mask aperture bridges items with different nets
    Rule: board setup solder mask min width; error
    @(15.0000 mm, 7.7250 mm): Pad 2 [GND] of C5 on F.Cu
    @(14.7500 mm, 6.8500 mm): Pad 1 [LCD_SCLK] of J1 on F.Cu
[copper_edge_clearance]: Board edge clearance violation (board setup constraints edge clearance 0.5000 mm; actual 0.0942 mm)
    Rule: board setup constraints edge; error
    @(23.0000 mm, 25.0000 mm): Arc on Edge.Cuts
    @(21.7000 mm, 23.0000 mm): Pad 11 [GND] of U2 on F.Cu
[copper_edge_clearance]: Board edge clearance violation (board setup constraints edge clearance 0.5000 mm; actual 0.1213 mm)
    Rule: board setup constraints edge; error
    @(2.0000 mm, 25.0000 mm): Arc on Edge.Cuts
    @(5.0000 mm, 22.5000 mm): Pad 1 [VBAT] of BT1 on F.Cu
[copper_edge_clearance]: Board edge clearance violation (board setup constraints edge clearance 0.5000 mm; actual 0.0000 mm)
    Rule: board setup constraints edge; error
    @(23.0000 mm, 25.0000 mm): Arc on Edge.Cuts
    @(21.0000 mm, 25.0100 mm): Pad 1 [TS] of R8 on F.Cu
[copper_edge_clearance]: Board edge clearance violation (board setup constraints edge clearance 0.5000 mm; actual 0.0000 mm)
    Rule: board setup constraints edge; error
    @(23.0000 mm, 25.0000 mm): Arc on Edge.Cuts
    @(21.0000 mm, 23.9900 mm): Pad 2 [GND] of R8 on F.Cu
[copper_edge_clearance]: Board edge clearance violation (board setup constraints edge clearance 0.5000 mm; actual 0.0000 mm)
    Rule: board setup constraints edge; error
    @(23.0000 mm, 25.0000 mm): Arc on Edge.Cuts
    @(23.0000 mm, 23.0100 mm): Pad 1 [FOD_TAP] of R6 on F.Cu
[copper_edge_clearance]: Board edge clearance violation (board setup constraints edge clearance 0.5000 mm; actual 0.0000 mm)
    Rule: board setup constraints edge; error
    @(2.0000 mm, 25.0000 mm): Arc on Edge.Cuts
    @(4.5000 mm, 25.5000 mm): Pad 1 [+3V0] of TP1 on F.Cu
[copper_edge_clearance]: Board edge clearance violation (board setup constraints edge clearance 0.5000 mm; actual 0.1388 mm)
    Rule: board setup constraints edge; error
    @(23.0000 mm, 25.0000 mm): Arc on Edge.Cuts
    @(21.5000 mm, 23.0100 mm): Pad 1 [ILIM] of R5 on F.Cu
[courtyards_overlap]: Courtyards overlap
    Rule: board setup constraints courtyard; error
    @(7.5000 mm, 16.0000 mm): Footprint FL1
    @(5.0000 mm, 20.5000 mm): Footprint BT1
[courtyards_overlap]: Courtyards overlap
    Rule: board setup constraints courtyard; error
    @(7.5000 mm, 16.0000 mm): Footprint FL1
    @(7.0000 mm, 14.5000 mm): Footprint Y2
[courtyards_overlap]: Courtyards overlap
    Rule: board setup constraints courtyard; error
    @(7.5000 mm, 16.0000 mm): Footprint FL1
    @(12.5000 mm, 13.5000 mm): Footprint U1
[courtyards_overlap]: Courtyards overlap
    Rule: board setup constraints courtyard; error
    @(5.0000 mm, 20.5000 mm): Footprint BT1
    @(5.5000 mm, 16.0000 mm): Footprint R2
[courtyards_overlap]: Courtyards overlap
    Rule: board setup constraints courtyard; error
    @(5.0000 mm, 20.5000 mm): Footprint BT1
    @(6.5000 mm, 23.0000 mm): Footprint TP11
[courtyards_overlap]: Courtyards overlap
    Rule: board setup constraints courtyard; error
    @(5.0000 mm, 20.5000 mm): Footprint BT1
    @(2.5000 mm, 18.5000 mm): Footprint TP13
[courtyards_overlap]: Courtyards overlap
    Rule: board setup constraints courtyard; error
    @(5.0000 mm, 20.5000 mm): Footprint BT1
    @(8.0000 mm, 23.5000 mm): Footprint TP12
[courtyards_overlap]: Courtyards overlap
    Rule: board setup constraints courtyard; error
    @(5.0000 mm, 20.5000 mm): Footprint BT1
    @(4.0000 mm, 16.5000 mm): Footprint C15
[courtyards_overlap]: Courtyards overlap
    Rule: board setup constraints courtyard; error
    @(5.0000 mm, 20.5000 mm): Footprint BT1
    @(6.0000 mm, 20.0000 mm): Footprint C14
[courtyards_overlap]: Courtyards overlap
    Rule: board setup constraints courtyard; error
    @(5.0000 mm, 20.5000 mm): Footprint BT1
    @(2.5000 mm, 20.0000 mm): Footprint TP14
[courtyards_overlap]: Courtyards overlap
    Rule: board setup constraints courtyard; error
    @(5.0000 mm, 20.5000 mm): Footprint BT1
    @(4.5000 mm, 25.5000 mm): Footprint TP1
[courtyards_overlap]: Courtyards overlap
    Rule: board setup constraints courtyard; error
    @(5.0000 mm, 20.5000 mm): Footprint BT1
    @(7.0000 mm, 25.5000 mm): Footprint TP2
[courtyards_overlap]: Courtyards overlap
    Rule: board setup constraints courtyard; error
    @(13.0000 mm, 21.1000 mm): Footprint C25
    @(12.5000 mm, 21.0000 mm): Footprint C20
[courtyards_overlap]: Courtyards overlap
    Rule: board setup constraints courtyard; error
    @(13.5000 mm, 8.5000 mm): Footprint C4
    @(12.5000 mm, 13.5000 mm): Footprint U1
[courtyards_overlap]: Courtyards overlap
    Rule: board setup constraints courtyard; error
    @(13.5000 mm, 8.5000 mm): Footprint C4
    @(12.5000 mm, 5.0000 mm): Footprint J1
[courtyards_overlap]: Courtyards overlap
    Rule: board setup constraints courtyard; error
    @(20.0000 mm, 10.5000 mm): Footprint R11
    @(17.0000 mm, 11.5000 mm): Footprint Q1
[courtyards_overlap]: Courtyards overlap
    Rule: board setup constraints courtyard; error
    @(20.0000 mm, 10.5000 mm): Footprint R11
    @(22.5000 mm, 12.5000 mm): Footprint U3
[courtyards_overlap]: Courtyards overlap
    Rule: board setup constraints courtyard; error
    @(5.5000 mm, 16.0000 mm): Footprint R2
    @(7.0000 mm, 14.5000 mm): Footprint Y2
[courtyards_overlap]: Courtyards overlap
    Rule: board setup constraints courtyard; error
    @(6.5000 mm, 23.0000 mm): Footprint TP11
    @(8.0000 mm, 23.5000 mm): Footprint TP12
[courtyards_overlap]: Courtyards overlap
    Rule: board setup constraints courtyard; error
    @(16.0000 mm, 18.0000 mm): Footprint C16
    @(12.5000 mm, 13.5000 mm): Footprint U1
[courtyards_overlap]: Courtyards overlap
    Rule: board setup constraints courtyard; error
    @(16.0000 mm, 18.0000 mm): Footprint C16
    @(16.5000 mm, 16.5000 mm): Footprint R9
[courtyards_overlap]: Courtyards overlap
    Rule: board setup constraints courtyard; error
    @(17.5000 mm, 9.0000 mm): Footprint C6
    @(17.0000 mm, 11.5000 mm): Footprint Q1
[courtyards_overlap]: Courtyards overlap
    Rule: board setup constraints courtyard; error
    @(2.5000 mm, 18.5000 mm): Footprint TP13
    @(4.0000 mm, 16.5000 mm): Footprint C15
[courtyards_overlap]: Courtyards overlap
    Rule: board setup constraints courtyard; error
    @(2.5000 mm, 18.5000 mm): Footprint TP13
    @(2.5000 mm, 20.0000 mm): Footprint TP14
[courtyards_overlap]: Courtyards overlap
    Rule: board setup constraints courtyard; error
    @(12.5000 mm, 21.0000 mm): Footprint C20
    @(11.5000 mm, 22.5000 mm): Footprint C30
[courtyards_overlap]: Courtyards overlap
    Rule: board setup constraints courtyard; error
    @(12.5000 mm, 21.0000 mm): Footprint C20
    @(10.5000 mm, 18.5000 mm): Footprint Y1
[courtyards_overlap]: Courtyards overlap
    Rule: board setup constraints courtyard; error
    @(8.0000 mm, 23.5000 mm): Footprint TP12
    @(9.0000 mm, 22.5000 mm): Footprint C29
[courtyards_overlap]: Courtyards overlap
    Rule: board setup constraints courtyard; error
    @(8.0000 mm, 23.5000 mm): Footprint TP12
    @(7.0000 mm, 25.5000 mm): Footprint TP2
[courtyards_overlap]: Courtyards overlap
    Rule: board setup constraints courtyard; error
    @(8.0000 mm, 23.5000 mm): Footprint TP12
    @(9.5000 mm, 25.5000 mm): Footprint TP3
[courtyards_overlap]: Courtyards overlap
    Rule: board setup constraints courtyard; error
    @(16.0000 mm, 21.1000 mm): Footprint C17
    @(15.5000 mm, 22.5000 mm): Footprint TP8
[courtyards_overlap]: Courtyards overlap
    Rule: board setup constraints courtyard; error
    @(16.0000 mm, 21.1000 mm): Footprint C17
    @(19.5000 mm, 22.0000 mm): Footprint U2
[courtyards_overlap]: Courtyards overlap
    Rule: board setup constraints courtyard; error
    @(23.0000 mm, 10.0000 mm): Footprint R10
    @(22.5000 mm, 7.5000 mm): Footprint SW2
[courtyards_overlap]: Courtyards overlap
    Rule: board setup constraints courtyard; error
    @(23.0000 mm, 10.0000 mm): Footprint R10
    @(22.5000 mm, 12.5000 mm): Footprint U3
[courtyards_overlap]: Courtyards overlap
    Rule: board setup constraints courtyard; error
    @(15.5000 mm, 22.5000 mm): Footprint TP8
    @(14.5000 mm, 21.1000 mm): Footprint C26
[courtyards_overlap]: Courtyards overlap
    Rule: board setup constraints courtyard; error
    @(15.5000 mm, 22.5000 mm): Footprint TP8
    @(16.0000 mm, 24.2000 mm): Footprint C18
[courtyards_overlap]: Courtyards overlap
    Rule: board setup constraints courtyard; error
    @(15.5000 mm, 22.5000 mm): Footprint TP8
    @(19.5000 mm, 22.0000 mm): Footprint U2
[courtyards_overlap]: Courtyards overlap
    Rule: board setup constraints courtyard; error
    @(15.5000 mm, 22.5000 mm): Footprint TP8
    @(14.0000 mm, 22.5000 mm): Footprint C32
[courtyards_overlap]: Courtyards overlap
    Rule: board setup constraints courtyard; error
    @(15.5000 mm, 22.5000 mm): Footprint TP8
    @(14.5000 mm, 24.2000 mm): Footprint C28
[courtyards_overlap]: Courtyards overlap
    Rule: board setup constraints courtyard; error
    @(14.5000 mm, 21.1000 mm): Footprint C26
    @(14.0000 mm, 22.5000 mm): Footprint C32
[courtyards_overlap]: Courtyards overlap
    Rule: board setup constraints courtyard; error
    @(18.5000 mm, 24.5000 mm): Footprint W1
    @(17.0000 mm, 25.5000 mm): Footprint TP6
[courtyards_overlap]: Courtyards overlap
    Rule: board setup constraints courtyard; error
    @(18.5000 mm, 24.5000 mm): Footprint W1
    @(19.5000 mm, 22.0000 mm): Footprint U2
[courtyards_overlap]: Courtyards overlap
    Rule: board setup constraints courtyard; error
    @(18.5000 mm, 24.5000 mm): Footprint W1
    @(17.0000 mm, 25.5000 mm): Footprint TP10
[courtyards_overlap]: Courtyards overlap
    Rule: board setup constraints courtyard; error
    @(18.5000 mm, 24.5000 mm): Footprint W1
    @(19.5000 mm, 25.5000 mm): Footprint TP7
[courtyards_overlap]: Courtyards overlap
    Rule: board setup constraints courtyard; error
    @(17.0000 mm, 25.5000 mm): Footprint TP6
    @(16.0000 mm, 24.2000 mm): Footprint C18
[courtyards_overlap]: Courtyards overlap
    Rule: board setup constraints courtyard; error
    @(17.0000 mm, 25.5000 mm): Footprint TP6
    @(19.5000 mm, 22.0000 mm): Footprint U2
[courtyards_overlap]: Courtyards overlap
    Rule: board setup constraints courtyard; error
    @(17.0000 mm, 25.5000 mm): Footprint TP6
    @(15.5000 mm, 25.5000 mm): Footprint TP9
[courtyards_overlap]: Courtyards overlap
    Rule: board setup constraints courtyard; error
    @(17.0000 mm, 25.5000 mm): Footprint TP6
    @(17.0000 mm, 25.5000 mm): Footprint TP10
[courtyards_overlap]: Courtyards overlap
    Rule: board setup constraints courtyard; error
    @(7.5000 mm, 10.5000 mm): Footprint C35
    @(8.0000 mm, 12.0000 mm): Footprint C13
[courtyards_overlap]: Courtyards overlap
    Rule: board setup constraints courtyard; error
    @(7.5000 mm, 10.5000 mm): Footprint C35
    @(5.5000 mm, 12.0000 mm): Footprint U6
[courtyards_overlap]: Courtyards overlap
    Rule: board setup constraints courtyard; error
    @(7.5000 mm, 10.5000 mm): Footprint C35
    @(7.5000 mm, 9.5000 mm): Footprint U5
[courtyards_overlap]: Courtyards overlap
    Rule: board setup constraints courtyard; error
    @(17.5000 mm, 11.0000 mm): Footprint FB1
    @(17.0000 mm, 11.5000 mm): Footprint Q1
[courtyards_overlap]: Courtyards overlap
    Rule: board setup constraints courtyard; error
    @(17.5000 mm, 11.0000 mm): Footprint FB1
    @(12.5000 mm, 13.5000 mm): Footprint U1
[courtyards_overlap]: Courtyards overlap
    Rule: board setup constraints courtyard; error
    @(17.5000 mm, 11.0000 mm): Footprint FB1
    @(19.0000 mm, 11.0000 mm): Footprint C9
[courtyards_overlap]: Courtyards overlap
    Rule: board setup constraints courtyard; error
    @(17.5000 mm, 11.0000 mm): Footprint FB1
    @(17.5000 mm, 12.5000 mm): Footprint C8
[courtyards_overlap]: Courtyards overlap
    Rule: board setup constraints courtyard; error
    @(14.5000 mm, 18.0000 mm): Footprint C24
    @(12.5000 mm, 13.5000 mm): Footprint U1
[courtyards_overlap]: Courtyards overlap
    Rule: board setup constraints courtyard; error
    @(8.0000 mm, 12.0000 mm): Footprint C13
    @(5.5000 mm, 12.0000 mm): Footprint U6
[courtyards_overlap]: Courtyards overlap
    Rule: board setup constraints courtyard; error
    @(8.0000 mm, 12.0000 mm): Footprint C13
    @(12.5000 mm, 13.5000 mm): Footprint U1
[courtyards_overlap]: Courtyards overlap
    Rule: board setup constraints courtyard; error
    @(4.5000 mm, 14.5000 mm): Footprint C12
    @(5.5000 mm, 12.0000 mm): Footprint U6
[courtyards_overlap]: Courtyards overlap
    Rule: board setup constraints courtyard; error
    @(4.5000 mm, 14.5000 mm): Footprint C12
    @(2.5000 mm, 11.0000 mm): Footprint SW1
[courtyards_overlap]: Courtyards overlap
    Rule: board setup constraints courtyard; error
    @(5.5000 mm, 12.0000 mm): Footprint U6
    @(6.0000 mm, 10.5000 mm): Footprint C34
[courtyards_overlap]: Courtyards overlap
    Rule: board setup constraints courtyard; error
    @(5.5000 mm, 12.0000 mm): Footprint U6
    @(3.5000 mm, 12.0000 mm): Footprint C36
[courtyards_overlap]: Courtyards overlap
    Rule: board setup constraints courtyard; error
    @(5.5000 mm, 12.0000 mm): Footprint U6
    @(2.5000 mm, 11.0000 mm): Footprint SW1
[courtyards_overlap]: Courtyards overlap
    Rule: board setup constraints courtyard; error
    @(5.5000 mm, 12.0000 mm): Footprint U6
    @(7.0000 mm, 14.5000 mm): Footprint Y2
[courtyards_overlap]: Courtyards overlap
    Rule: board setup constraints courtyard; error
    @(5.5000 mm, 12.0000 mm): Footprint U6
    @(6.5000 mm, 11.5000 mm): Footprint R13
[courtyards_overlap]: Courtyards overlap
    Rule: board setup constraints courtyard; error
    @(5.5000 mm, 12.0000 mm): Footprint U6
    @(7.5000 mm, 9.5000 mm): Footprint U5
[courtyards_overlap]: Courtyards overlap
    Rule: board setup constraints courtyard; error
    @(5.5000 mm, 12.0000 mm): Footprint U6
    @(12.5000 mm, 13.5000 mm): Footprint U1
[courtyards_overlap]: Courtyards overlap
    Rule: board setup constraints courtyard; error
    @(5.5000 mm, 12.0000 mm): Footprint U6
    @(5.0000 mm, 12.0000 mm): Footprint C37
[courtyards_overlap]: Courtyards overlap
    Rule: board setup constraints courtyard; error
    @(21.0000 mm, 24.5000 mm): Footprint R8
    @(19.5000 mm, 22.0000 mm): Footprint U2
[courtyards_overlap]: Courtyards overlap
    Rule: board setup constraints courtyard; error
    @(21.0000 mm, 24.5000 mm): Footprint R8
    @(19.5000 mm, 25.5000 mm): Footprint TP7
[courtyards_overlap]: Courtyards overlap
    Rule: board setup constraints courtyard; error
    @(22.5000 mm, 18.5000 mm): Footprint SW3
    @(19.5000 mm, 22.0000 mm): Footprint U2
[courtyards_overlap]: Courtyards overlap
    Rule: board setup constraints courtyard; error
    @(6.0000 mm, 10.5000 mm): Footprint C34
    @(6.5000 mm, 11.5000 mm): Footprint R13
[courtyards_overlap]: Courtyards overlap
    Rule: board setup constraints courtyard; error
    @(6.0000 mm, 10.5000 mm): Footprint C34
    @(7.5000 mm, 9.5000 mm): Footprint U5
[courtyards_overlap]: Courtyards overlap
    Rule: board setup constraints courtyard; error
    @(14.5000 mm, 25.5000 mm): Footprint TP5
    @(16.0000 mm, 24.2000 mm): Footprint C18
[courtyards_overlap]: Courtyards overlap
    Rule: board setup constraints courtyard; error
    @(14.5000 mm, 25.5000 mm): Footprint TP5
    @(15.5000 mm, 25.5000 mm): Footprint TP9
[courtyards_overlap]: Courtyards overlap
    Rule: board setup constraints courtyard; error
    @(14.5000 mm, 25.5000 mm): Footprint TP5
    @(14.5000 mm, 24.2000 mm): Footprint C28
[courtyards_overlap]: Courtyards overlap
    Rule: board setup constraints courtyard; error
    @(14.5000 mm, 25.5000 mm): Footprint TP5
    @(13.0000 mm, 24.2000 mm): Footprint C27
[courtyards_overlap]: Courtyards overlap
    Rule: board setup constraints courtyard; error
    @(16.0000 mm, 24.2000 mm): Footprint C18
    @(15.5000 mm, 25.5000 mm): Footprint TP9
[courtyards_overlap]: Courtyards overlap
    Rule: board setup constraints courtyard; error
    @(16.0000 mm, 24.2000 mm): Footprint C18
    @(17.0000 mm, 25.5000 mm): Footprint TP10
[courtyards_overlap]: Courtyards overlap
    Rule: board setup constraints courtyard; error
    @(4.0000 mm, 6.0000 mm): Footprint TP15
    @(6.5000 mm, 6.5000 mm): Footprint U7
[courtyards_overlap]: Courtyards overlap
    Rule: board setup constraints courtyard; error
    @(4.0000 mm, 6.0000 mm): Footprint TP15
    @(4.0000 mm, 7.5000 mm): Footprint TP16
[courtyards_overlap]: Courtyards overlap
    Rule: board setup constraints courtyard; error
    @(17.5000 mm, 14.5000 mm): Footprint L2
    @(18.0000 mm, 15.5000 mm): Footprint C11
[courtyards_overlap]: Courtyards overlap
    Rule: board setup constraints courtyard; error
    @(17.5000 mm, 14.5000 mm): Footprint L2
    @(19.5000 mm, 15.5000 mm): Footprint R1
[courtyards_overlap]: Courtyards overlap
    Rule: board setup constraints courtyard; error
    @(17.5000 mm, 14.5000 mm): Footprint L2
    @(12.5000 mm, 13.5000 mm): Footprint U1
[courtyards_overlap]: Courtyards overlap
    Rule: board setup constraints courtyard; error
    @(17.5000 mm, 14.5000 mm): Footprint L2
    @(17.0000 mm, 14.0000 mm): Footprint C7
[courtyards_overlap]: Courtyards overlap
    Rule: board setup constraints courtyard; error
    @(17.5000 mm, 14.5000 mm): Footprint L2
    @(19.5000 mm, 13.5000 mm): Footprint U4
[courtyards_overlap]: Courtyards overlap
    Rule: board setup constraints courtyard; error
    @(19.5000 mm, 22.0000 mm): Footprint U2
    @(19.5000 mm, 24.5000 mm): Footprint R7
[courtyards_overlap]: Courtyards overlap
    Rule: board setup constraints courtyard; error
    @(19.5000 mm, 22.0000 mm): Footprint U2
    @(17.0000 mm, 25.5000 mm): Footprint TP10
[courtyards_overlap]: Courtyards overlap
    Rule: board setup constraints courtyard; error
    @(19.5000 mm, 22.0000 mm): Footprint U2
    @(19.5000 mm, 25.5000 mm): Footprint TP7
[courtyards_overlap]: Courtyards overlap
    Rule: board setup constraints courtyard; error
    @(19.5000 mm, 22.0000 mm): Footprint U2
    @(21.5000 mm, 22.5000 mm): Footprint R5
[courtyards_overlap]: Courtyards overlap
    Rule: board setup constraints courtyard; error
    @(17.0000 mm, 11.5000 mm): Footprint Q1
    @(12.5000 mm, 13.5000 mm): Footprint U1
[courtyards_overlap]: Courtyards overlap
    Rule: board setup constraints courtyard; error
    @(17.0000 mm, 11.5000 mm): Footprint Q1
    @(15.0000 mm, 8.5000 mm): Footprint C5
[courtyards_overlap]: Courtyards overlap
    Rule: board setup constraints courtyard; error
    @(17.0000 mm, 11.5000 mm): Footprint Q1
    @(19.0000 mm, 11.0000 mm): Footprint C9
[courtyards_overlap]: Courtyards overlap
    Rule: board setup constraints courtyard; error
    @(17.0000 mm, 11.5000 mm): Footprint Q1
    @(17.0000 mm, 14.0000 mm): Footprint C7
[courtyards_overlap]: Courtyards overlap
    Rule: board setup constraints courtyard; error
    @(17.0000 mm, 11.5000 mm): Footprint Q1
    @(19.5000 mm, 13.5000 mm): Footprint U4
[courtyards_overlap]: Courtyards overlap
    Rule: board setup constraints courtyard; error
    @(17.0000 mm, 11.5000 mm): Footprint Q1
    @(17.5000 mm, 12.5000 mm): Footprint C8
[courtyards_overlap]: Courtyards overlap
    Rule: board setup constraints courtyard; error
    @(19.5000 mm, 24.5000 mm): Footprint R7
    @(19.5000 mm, 25.5000 mm): Footprint TP7
[courtyards_overlap]: Courtyards overlap
    Rule: board setup constraints courtyard; error
    @(18.0000 mm, 15.5000 mm): Footprint C11
    @(17.0000 mm, 14.0000 mm): Footprint C7
[courtyards_overlap]: Courtyards overlap
    Rule: board setup constraints courtyard; error
    @(16.5000 mm, 3.5000 mm): Footprint C40
    @(12.5000 mm, 5.0000 mm): Footprint J1
[courtyards_overlap]: Courtyards overlap
    Rule: board setup constraints courtyard; error
    @(10.0000 mm, 21.0000 mm): Footprint C19
    @(9.0000 mm, 22.5000 mm): Footprint C29
[courtyards_overlap]: Courtyards overlap
    Rule: board setup constraints courtyard; error
    @(10.0000 mm, 21.0000 mm): Footprint C19
    @(10.5000 mm, 18.5000 mm): Footprint Y1
[courtyards_overlap]: Courtyards overlap
    Rule: board setup constraints courtyard; error
    @(8.5000 mm, 5.0000 mm): Footprint C38
    @(12.5000 mm, 5.0000 mm): Footprint J1
[courtyards_overlap]: Courtyards overlap
    Rule: board setup constraints courtyard; error
    @(8.5000 mm, 5.0000 mm): Footprint C38
    @(6.5000 mm, 6.5000 mm): Footprint U7
[courtyards_overlap]: Courtyards overlap
    Rule: board setup constraints courtyard; error
    @(11.5000 mm, 11.5000 mm): Footprint R14
    @(12.5000 mm, 13.5000 mm): Footprint U1
[courtyards_overlap]: Courtyards overlap
    Rule: board setup constraints courtyard; error
    @(3.5000 mm, 12.0000 mm): Footprint C36
    @(2.5000 mm, 11.0000 mm): Footprint SW1
[courtyards_overlap]: Courtyards overlap
    Rule: board setup constraints courtyard; error
    @(10.5000 mm, 8.5000 mm): Footprint C2
    @(12.5000 mm, 13.5000 mm): Footprint U1
[courtyards_overlap]: Courtyards overlap
    Rule: board setup constraints courtyard; error
    @(10.5000 mm, 8.5000 mm): Footprint C2
    @(12.5000 mm, 5.0000 mm): Footprint J1
[courtyards_overlap]: Courtyards overlap
    Rule: board setup constraints courtyard; error
    @(10.5000 mm, 8.5000 mm): Footprint C2
    @(6.5000 mm, 6.5000 mm): Footprint U7
[courtyards_overlap]: Courtyards overlap
    Rule: board setup constraints courtyard; error
    @(12.0000 mm, 8.5000 mm): Footprint C3
    @(12.5000 mm, 13.5000 mm): Footprint U1
[courtyards_overlap]: Courtyards overlap
    Rule: board setup constraints courtyard; error
    @(12.0000 mm, 8.5000 mm): Footprint C3
    @(12.5000 mm, 5.0000 mm): Footprint J1
[courtyards_overlap]: Courtyards overlap
    Rule: board setup constraints courtyard; error
    @(12.0000 mm, 25.5000 mm): Footprint TP4
    @(13.0000 mm, 24.2000 mm): Footprint C27
[courtyards_overlap]: Courtyards overlap
    Rule: board setup constraints courtyard; error
    @(12.0000 mm, 25.5000 mm): Footprint TP4
    @(12.5000 mm, 24.1000 mm): Footprint C22
[courtyards_overlap]: Courtyards overlap
    Rule: board setup constraints courtyard; error
    @(15.5000 mm, 25.5000 mm): Footprint TP9
    @(17.0000 mm, 25.5000 mm): Footprint TP10
[courtyards_overlap]: Courtyards overlap
    Rule: board setup constraints courtyard; error
    @(15.5000 mm, 25.5000 mm): Footprint TP9
    @(14.5000 mm, 24.2000 mm): Footprint C28
[courtyards_overlap]: Courtyards overlap
    Rule: board setup constraints courtyard; error
    @(2.5000 mm, 11.0000 mm): Footprint SW1
    @(6.5000 mm, 6.5000 mm): Footprint U7
[courtyards_overlap]: Courtyards overlap
    Rule: board setup constraints courtyard; error
    @(2.5000 mm, 11.0000 mm): Footprint SW1
    @(4.0000 mm, 7.5000 mm): Footprint TP16
[courtyards_overlap]: Courtyards overlap
    Rule: board setup constraints courtyard; error
    @(7.0000 mm, 14.5000 mm): Footprint Y2
    @(12.5000 mm, 13.5000 mm): Footprint U1
[courtyards_overlap]: Courtyards overlap
    Rule: board setup constraints courtyard; error
    @(15.0000 mm, 3.5000 mm): Footprint C39
    @(12.5000 mm, 5.0000 mm): Footprint J1
[courtyards_overlap]: Courtyards overlap
    Rule: board setup constraints courtyard; error
    @(6.5000 mm, 11.5000 mm): Footprint R13
    @(7.5000 mm, 9.5000 mm): Footprint U5
[courtyards_overlap]: Courtyards overlap
    Rule: board setup constraints courtyard; error
    @(19.5000 mm, 15.5000 mm): Footprint R1
    @(19.5000 mm, 13.5000 mm): Footprint U4
[courtyards_overlap]: Courtyards overlap
    Rule: board setup constraints courtyard; error
    @(10.0000 mm, 24.1000 mm): Footprint C21
    @(9.5000 mm, 25.5000 mm): Footprint TP3
[courtyards_overlap]: Courtyards overlap
    Rule: board setup constraints courtyard; error
    @(7.5000 mm, 9.5000 mm): Footprint U5
    @(12.5000 mm, 13.5000 mm): Footprint U1
[courtyards_overlap]: Courtyards overlap
    Rule: board setup constraints courtyard; error
    @(7.5000 mm, 9.5000 mm): Footprint U5
    @(6.5000 mm, 6.5000 mm): Footprint U7
[courtyards_overlap]: Courtyards overlap
    Rule: board setup constraints courtyard; error
    @(12.5000 mm, 13.5000 mm): Footprint U1
    @(15.0000 mm, 8.5000 mm): Footprint C5
[courtyards_overlap]: Courtyards overlap
    Rule: board setup constraints courtyard; error
    @(12.5000 mm, 13.5000 mm): Footprint U1
    @(16.5000 mm, 16.5000 mm): Footprint R9
[courtyards_overlap]: Courtyards overlap
    Rule: board setup constraints courtyard; error
    @(12.5000 mm, 13.5000 mm): Footprint U1
    @(13.0000 mm, 18.0000 mm): Footprint C23
[courtyards_overlap]: Courtyards overlap
    Rule: board setup constraints courtyard; error
    @(12.5000 mm, 13.5000 mm): Footprint U1
    @(10.5000 mm, 18.5000 mm): Footprint Y1
[courtyards_overlap]: Courtyards overlap
    Rule: board setup constraints courtyard; error
    @(12.5000 mm, 13.5000 mm): Footprint U1
    @(17.0000 mm, 14.0000 mm): Footprint C7
[courtyards_overlap]: Courtyards overlap
    Rule: board setup constraints courtyard; error
    @(14.0000 mm, 22.5000 mm): Footprint C32
    @(14.5000 mm, 24.2000 mm): Footprint C28
[courtyards_overlap]: Courtyards overlap
    Rule: board setup constraints courtyard; error
    @(22.5000 mm, 7.5000 mm): Footprint SW2
    @(21.5000 mm, 9.0000 mm): Footprint C33
[courtyards_overlap]: Courtyards overlap
    Rule: board setup constraints courtyard; error
    @(15.0000 mm, 8.5000 mm): Footprint C5
    @(12.5000 mm, 5.0000 mm): Footprint J1
[courtyards_overlap]: Courtyards overlap
    Rule: board setup constraints courtyard; error
    @(13.0000 mm, 24.2000 mm): Footprint C27
    @(12.5000 mm, 24.1000 mm): Footprint C22
[courtyards_overlap]: Courtyards overlap
    Rule: board setup constraints courtyard; error
    @(12.5000 mm, 5.0000 mm): Footprint J1
    @(6.5000 mm, 6.5000 mm): Footprint U7
[courtyards_overlap]: Courtyards overlap
    Rule: board setup constraints courtyard; error
    @(12.5000 mm, 5.0000 mm): Footprint J1
    @(16.5000 mm, 8.5000 mm): Footprint C10
[courtyards_overlap]: Courtyards overlap
    Rule: board setup constraints courtyard; error
    @(12.5000 mm, 5.0000 mm): Footprint J1
    @(11.0000 mm, 4.5000 mm): Footprint R12
[courtyards_overlap]: Courtyards overlap
    Rule: board setup constraints courtyard; error
    @(6.5000 mm, 6.5000 mm): Footprint U7
    @(4.0000 mm, 7.5000 mm): Footprint TP16
[courtyards_overlap]: Courtyards overlap
    Rule: board setup constraints courtyard; error
    @(13.0000 mm, 18.0000 mm): Footprint C23
    @(10.5000 mm, 18.5000 mm): Footprint Y1
[courtyards_overlap]: Courtyards overlap
    Rule: board setup constraints courtyard; error
    @(22.5000 mm, 12.5000 mm): Footprint U3
    @(19.5000 mm, 13.5000 mm): Footprint U4
[courtyards_overlap]: Courtyards overlap
    Rule: board setup constraints courtyard; error
    @(19.0000 mm, 11.0000 mm): Footprint C9
    @(19.5000 mm, 13.5000 mm): Footprint U4
[courtyards_overlap]: Courtyards overlap
    Rule: board setup constraints courtyard; error
    @(17.0000 mm, 14.0000 mm): Footprint C7
    @(19.5000 mm, 13.5000 mm): Footprint U4
[courtyards_overlap]: Courtyards overlap
    Rule: board setup constraints courtyard; error
    @(17.0000 mm, 14.0000 mm): Footprint C7
    @(17.5000 mm, 12.5000 mm): Footprint C8
[courtyards_overlap]: Courtyards overlap
    Rule: board setup constraints courtyard; error
    @(19.5000 mm, 13.5000 mm): Footprint U4
    @(17.5000 mm, 12.5000 mm): Footprint C8
[shorting_items]: Items shorting two nets (nets ANT_FEED and X32K_2)
    Local override; error
    @(5.5000 mm, 15.4900 mm): Pad 2 [ANT_FEED] of R2 on F.Cu
    @(5.7500 mm, 14.5000 mm): Pad 2 [X32K_2] of Y2 on F.Cu
[shorting_items]: Items shorting two nets (nets CLAMP1 and COIL1)
    Local override; error
    @(13.0000 mm, 21.5800 mm): Pad 1 [CLAMP1] of C25 on F.Cu
    @(12.5000 mm, 21.7750 mm): Pad 1 [COIL1] of C20 on F.Cu
[shorting_items]: Items shorting two nets (nets BATN and GND)
    Local override; error
    @(5.0000 mm, 18.5000 mm): Pad 2 [BATN] of BT1 on F.Cu
    @(6.0000 mm, 19.5200 mm): Pad 2 [GND] of C14 on F.Cu
[clearance]: Clearance violation (footprint Q1 clearance 0.2000 mm; actual 0.1000 mm)
    Local override; error
    @(14.8500 mm, 12.4750 mm): Pad 4 [PROT_OD] of Q1 on F.Cu
    @(15.9375 mm, 12.2500 mm): Pad 33 [DCDC_SW] of U1 on F.Cu
[shorting_items]: Items shorting two nets (nets PROT_OD and GND)
    Local override; error
    @(14.8500 mm, 12.4750 mm): Pad 4 [PROT_OD] of Q1 on F.Cu
    @(12.5000 mm, 13.5000 mm): Pad 49 [GND] of U1 on F.Cu
[clearance]: Clearance violation (footprint Q1 clearance 0.2000 mm; actual 0.1005 mm)
    Local override; error
    @(14.8500 mm, 12.4750 mm): Pad 4 [PROT_OD] of Q1 on F.Cu
    @(15.9375 mm, 12.7500 mm): Pad 32 [BUZZER] of U1 on F.Cu
[shorting_items]: Items shorting two nets (nets UART_TX and COIL2)
    Local override; error
    @(17.0000 mm, 25.5000 mm): Pad 1 [UART_TX] of TP6 on F.Cu
    @(17.0000 mm, 25.5000 mm): Pad 1 [COIL2] of TP10 on F.Cu
[shorting_items]: Items shorting two nets (nets UART_TX and RECT)
    Local override; error
    @(17.0000 mm, 25.5000 mm): Pad 1 [UART_TX] of TP6 on F.Cu
    @(16.0000 mm, 24.6800 mm): Pad 1 [RECT] of C18 on F.Cu
[clearance]: Clearance violation (footprint Q1 clearance 0.2000 mm; actual 0.1673 mm)
    Local override; error
    @(14.8500 mm, 11.8250 mm): Pad 3 [BATN] of Q1 on F.Cu
    @(15.9375 mm, 12.2500 mm): Pad 33 [DCDC_SW] of U1 on F.Cu
[shorting_items]: Items shorting two nets (nets BATN and GND)
    Local override; error
    @(14.8500 mm, 11.8250 mm): Pad 3 [BATN] of Q1 on F.Cu
    @(12.5000 mm, 13.5000 mm): Pad 49 [GND] of U1 on F.Cu
[clearance]: Clearance violation (footprint Q1 clearance 0.2000 mm; actual 0.1000 mm)
    Local override; error
    @(14.8500 mm, 11.8250 mm): Pad 3 [BATN] of Q1 on F.Cu
    @(15.9375 mm, 11.7500 mm): Pad 34 [VDDS] of U1 on F.Cu
[shorting_items]: Items shorting two nets (nets nRESET and AC1)
    Local override; error
    @(9.5000 mm, 25.5000 mm): Pad 1 [nRESET] of TP3 on F.Cu
    @(10.0000 mm, 24.5800 mm): Pad 1 [AC1] of C21 on F.Cu
[shorting_items]: Items shorting two nets (nets BATN and GND)
    Local override; error
    @(14.8500 mm, 11.1750 mm): Pad 2 [BATN] of Q1 on F.Cu
    @(12.5000 mm, 13.5000 mm): Pad 49 [GND] of U1 on F.Cu
[clearance]: Clearance violation ( clearance 0.2000 mm; actual 0.0920 mm)
    Local override; error
    @(18.5625 mm, 13.5000 mm): Pad 3 [VBAT] of U4 on F.Cu
    @(17.5000 mm, 12.9800 mm): Pad 1 [VDDR] of C8 on F.Cu
[shorting_items]: Items shorting two nets (nets VDDR and DCDC_SW)
    Local override; error
    @(17.0000 mm, 14.7750 mm): Pad 1 [VDDR] of C7 on F.Cu
    @(16.4375 mm, 14.5000 mm): Pad 1 [DCDC_SW] of L2 on F.Cu
[clearance]: Clearance violation (footprint Q1 clearance 0.2000 mm; actual 0.1000 mm)
    Local override; error
    @(14.8500 mm, 11.1750 mm): Pad 2 [BATN] of Q1 on F.Cu
    @(15.9375 mm, 11.2500 mm): Pad 35 [nRESET] of U1 on F.Cu
[clearance]: Clearance violation (footprint Q1 clearance 0.2000 mm; actual 0.1673 mm)
    Local override; error
    @(14.8500 mm, 11.1750 mm): Pad 2 [BATN] of Q1 on F.Cu
    @(15.9375 mm, 10.7500 mm): Pad 36 [<no net>] of U1 on F.Cu
[shorting_items]: Items shorting two nets (nets COIL2 and UART_RX)
    Local override; error
    @(18.5000 mm, 25.0100 mm): Pad 1 [COIL2] of W1 on F.Cu
    @(19.5000 mm, 25.5000 mm): Pad 1 [UART_RX] of TP7 on F.Cu
[shorting_items]: Items shorting two nets (nets +3V0 and PROT_OC)
    Local override; error
    @(20.4375 mm, 12.5500 mm): Pad 2 [+3V0] of U4 on F.Cu
    @(19.1500 mm, 12.4750 mm): Pad 5 [PROT_OC] of Q1 on F.Cu
[shorting_items]: Items shorting two nets (nets +3V0 and PROT_CS)
    Local override; error
    @(20.4375 mm, 12.5500 mm): Pad 2 [+3V0] of U4 on F.Cu
    @(21.3625 mm, 12.5000 mm): Pad 2 [PROT_CS] of U3 on F.Cu
[shorting_items]: Items shorting two nets (nets AC2 and COMM1)
    Local override; error
    @(18.5000 mm, 23.9900 mm): Pad 2 [AC2] of W1 on F.Cu
    @(18.5000 mm, 23.7000 mm): Pad 6 [COMM1] of U2 on F.Cu
[clearance]: Clearance violation ( clearance 0.2000 mm; actual 0.0300 mm)
    Local override; error
    @(18.5000 mm, 23.9900 mm): Pad 2 [AC2] of W1 on F.Cu
    @(19.0000 mm, 23.7000 mm): Pad 7 [CHG_DET] of U2 on F.Cu
[clearance]: Clearance violation ( clearance 0.2000 mm; actual 0.1500 mm)
    Local override; error
    @(17.0000 mm, 13.2250 mm): Pad 2 [GND] of C7 on F.Cu
    @(15.9375 mm, 13.2500 mm): Pad 31 [CHG_DET] of U1 on F.Cu
[shorting_items]: Items shorting two nets (nets VDDR and GND)
    Local override; error
    @(19.0000 mm, 11.4800 mm): Pad 1 [VDDR] of C9 on F.Cu
    @(19.1500 mm, 11.1750 mm): Pad 7 [GND] of Q1 on F.Cu
[shorting_items]: Items shorting two nets (nets GND and VDDR)
    Local override; error
    @(17.0000 mm, 13.2250 mm): Pad 2 [GND] of C7 on F.Cu
    @(17.5000 mm, 12.9800 mm): Pad 1 [VDDR] of C8 on F.Cu
[shorting_items]: Items shorting two nets (nets VDDR and GND)
    Local override; error
    @(19.0000 mm, 11.4800 mm): Pad 1 [VDDR] of C9 on F.Cu
    @(19.1500 mm, 11.8250 mm): Pad 6 [GND] of Q1 on F.Cu
[shorting_items]: Items shorting two nets (nets AC1 and SWD_TMS)
    Local override; error
    @(12.5000 mm, 24.5800 mm): Pad 1 [AC1] of C22 on F.Cu
    @(12.0000 mm, 25.5000 mm): Pad 1 [SWD_TMS] of TP4 on F.Cu
[clearance]: Clearance violation ( clearance 0.2000 mm; actual 0.1885 mm)
    Local override; error
    @(17.0000 mm, 13.2250 mm): Pad 2 [GND] of C7 on F.Cu
    @(15.9375 mm, 12.7500 mm): Pad 32 [BUZZER] of U1 on F.Cu
[clearance]: Clearance violation ( clearance 0.2000 mm; actual 0.0900 mm)
    Local override; error
    @(21.5000 mm, 21.9900 mm): Pad 2 [FOD_TAP] of R5 on F.Cu
    @(21.7000 mm, 22.5000 mm): Pad 12 [ILIM] of U2 on F.Cu
[shorting_items]: Items shorting two nets (nets FOD_TAP and TS)
    Local override; error
    @(21.5000 mm, 21.9900 mm): Pad 2 [FOD_TAP] of R5 on F.Cu
    @(21.7000 mm, 22.0000 mm): Pad 13 [TS] of U2 on F.Cu
[shorting_items]: Items shorting two nets (nets GND and FET_D)
    Local override; error
    @(19.0000 mm, 10.5200 mm): Pad 2 [GND] of C9 on F.Cu
    @(19.1500 mm, 10.5250 mm): Pad 8 [FET_D] of Q1 on F.Cu
[shorting_items]: Items shorting two nets (nets +3V0 and BTN_2)
    Local override; error
    @(21.5000 mm, 9.4800 mm): Pad 1 [+3V0] of C33 on F.Cu
    @(21.7000 mm, 9.5500 mm): Pad 1 [BTN_2] of SW2 on F.Cu
[shorting_items]: Items shorting two nets (nets COMM1 and AC1)
    Local override; error
    @(13.0000 mm, 24.6800 mm): Pad 1 [COMM1] of C27 on F.Cu
    @(12.5000 mm, 24.5800 mm): Pad 1 [AC1] of C22 on F.Cu
[shorting_items]: Items shorting two nets (nets CHG_DET and GND)
    Local override; error
    @(16.5000 mm, 17.0100 mm): Pad 1 [CHG_DET] of R9 on F.Cu
    @(16.0000 mm, 17.2250 mm): Pad 2 [GND] of C16 on F.Cu
[clearance]: Clearance violation ( clearance 0.2000 mm; actual 0.1885 mm)
    Local override; error
    @(15.0000 mm, 9.2750 mm): Pad 1 [VDDS] of C5 on F.Cu
    @(14.2500 mm, 10.0625 mm): Pad 39 [BTN_3] of U1 on F.Cu
[shorting_items]: Items shorting two nets (nets COMM1 and SWD_TMS)
    Local override; error
    @(13.0000 mm, 24.6800 mm): Pad 1 [COMM1] of C27 on F.Cu
    @(12.0000 mm, 25.5000 mm): Pad 1 [SWD_TMS] of TP4 on F.Cu
[shorting_items]: Items shorting two nets (nets AC1 and LCD_EXTCOMIN)
    Local override; error
    @(13.0000 mm, 17.5200 mm): Pad 2 [AC1] of C23 on F.Cu
    @(12.7500 mm, 16.9375 mm): Pad 19 [LCD_EXTCOMIN] of U1 on F.Cu
[clearance]: Clearance violation ( clearance 0.2000 mm; actual 0.0850 mm)
    Local override; error
    @(4.0250 mm, 7.1350 mm): Pad 3 [NFC_B] of U7 on F.Cu
    @(4.0000 mm, 6.0000 mm): Pad 1 [NFC_A] of TP15 on F.Cu
[shorting_items]: Items shorting two nets (nets AC1 and NFC_GPO)
    Local override; error
    @(13.0000 mm, 17.5200 mm): Pad 2 [AC1] of C23 on F.Cu
    @(13.2500 mm, 16.9375 mm): Pad 20 [NFC_GPO] of U1 on F.Cu
[shorting_items]: Items shorting two nets (nets VDDS and HAPTIC_EN)
    Local override; error
    @(15.0000 mm, 9.2750 mm): Pad 1 [VDDS] of C5 on F.Cu
    @(15.2500 mm, 10.0625 mm): Pad 37 [HAPTIC_EN] of U1 on F.Cu
[shorting_items]: Items shorting two nets (nets GND and BTN_1)
    Local override; error
    @(4.0250 mm, 8.4050 mm): Pad 4 [GND] of U7 on F.Cu
    @(3.3000 mm, 8.9500 mm): Pad 1 [BTN_1] of SW1 on F.Cu
[clearance]: Clearance violation ( clearance 0.2000 mm; actual 0.0187 mm)
    Local override; error
    @(20.4375 mm, 14.4500 mm): Pad 1 [GND] of U4 on F.Cu
    @(19.5000 mm, 14.9900 mm): Pad 2 [VDDS] of R1 on F.Cu
[shorting_items]: Items shorting two nets (nets AC1 and AC2)
    Local override; error
    @(13.0000 mm, 23.7200 mm): Pad 2 [AC1] of C27 on F.Cu
    @(12.5000 mm, 23.6200 mm): Pad 2 [AC2] of C22 on F.Cu
[shorting_items]: Items shorting two nets (nets GND and NFC_B)
    Local override; error
    @(4.0250 mm, 8.4050 mm): Pad 4 [GND] of U7 on F.Cu
    @(4.0000 mm, 7.5000 mm): Pad 1 [NFC_B] of TP16 on F.Cu
[shorting_items]: Items shorting two nets (nets COMM2 and SWD_TCK)
    Local override; error
    @(14.5000 mm, 24.6800 mm): Pad 1 [COMM2] of C28 on F.Cu
    @(14.5000 mm, 25.5000 mm): Pad 1 [SWD_TCK] of TP5 on F.Cu
[shorting_items]: Items shorting two nets (nets VDDS and SWD_TCK)
    Local override; error
    @(16.5000 mm, 15.9900 mm): Pad 2 [VDDS] of R9 on F.Cu
    @(15.9375 mm, 16.2500 mm): Pad 25 [SWD_TCK] of U1 on F.Cu
[clearance]: Clearance violation ( clearance 0.2000 mm; actual 0.0000 mm)
    Local override; error
    @(16.5000 mm, 15.9900 mm): Pad 2 [VDDS] of R9 on F.Cu
    @(15.9375 mm, 15.7500 mm): Pad 26 [<no net>] of U1 on F.Cu
[shorting_items]: Items shorting two nets (nets VDDS and BTN_2)
    Local override; error
    @(15.0000 mm, 9.2750 mm): Pad 1 [VDDS] of C5 on F.Cu
    @(14.7500 mm, 10.0625 mm): Pad 38 [BTN_2] of U1 on F.Cu
[clearance]: Clearance violation ( clearance 0.2000 mm; actual 0.1500 mm)
    Local override; error
    @(6.7375 mm, 8.7500 mm): Pad 1 [SCL] of U5 on F.Cu
    @(6.7375 mm, 9.2500 mm): Pad 2 [+3V0] of U5 on F.Cu
[shorting_items]: Items shorting two nets (nets UART_RX and TERM)
    Local override; error
    @(19.5000 mm, 25.5000 mm): Pad 1 [UART_RX] of TP7 on F.Cu
    @(19.5000 mm, 25.0100 mm): Pad 1 [TERM] of R7 on F.Cu
[clearance]: Clearance violation ( clearance 0.2000 mm; actual 0.1500 mm)
    Local override; error
    @(6.7375 mm, 8.7500 mm): Pad 1 [SCL] of U5 on F.Cu
    @(7.2500 mm, 8.7375 mm): Pad 12 [ACC_INT1] of U5 on F.Cu
[shorting_items]: Items shorting two nets (nets SDA and +3V0)
    Local override; error
    @(8.9750 mm, 8.4050 mm): Pad 5 [SDA] of U7 on F.Cu
    @(8.2625 mm, 8.7500 mm): Pad 10 [+3V0] of U5 on F.Cu
[shorting_items]: Items shorting two nets (nets GND and LCD_SCLK)
    Local override; error
    @(15.0000 mm, 7.7250 mm): Pad 2 [GND] of C5 on F.Cu
    @(14.7500 mm, 6.8500 mm): Pad 1 [LCD_SCLK] of J1 on F.Cu
[clearance]: Clearance violation ( clearance 0.2000 mm; actual 0.1500 mm)
    Local override; error
    @(6.7375 mm, 9.2500 mm): Pad 2 [+3V0] of U5 on F.Cu
    @(6.7375 mm, 9.7500 mm): Pad 3 [GND] of U5 on F.Cu
[clearance]: Clearance violation ( clearance 0.2000 mm; actual 0.0750 mm)
    Local override; error
    @(8.9750 mm, 8.4050 mm): Pad 5 [SDA] of U7 on F.Cu
    @(7.7500 mm, 8.7375 mm): Pad 11 [ACC_INT2] of U5 on F.Cu
[clearance]: Clearance violation ( clearance 0.2000 mm; actual 0.1250 mm)
    Local override; error
    @(15.0000 mm, 7.7250 mm): Pad 2 [GND] of C5 on F.Cu
    @(14.2500 mm, 6.8500 mm): Pad 2 [LCD_MOSI] of J1 on F.Cu
[shorting_items]: Items shorting two nets (nets GND and CLAMP2)
    Local override; error
    @(14.0000 mm, 22.0200 mm): Pad 2 [GND] of C32 on F.Cu
    @(14.5000 mm, 21.5800 mm): Pad 1 [CLAMP2] of C26 on F.Cu
[shorting_items]: Items shorting two nets (nets COIL1 and UART_TX)
    Local override; error
    @(15.5000 mm, 25.5000 mm): Pad 1 [COIL1] of TP9 on F.Cu
    @(17.0000 mm, 25.5000 mm): Pad 1 [UART_TX] of TP6 on F.Cu
[clearance]: Clearance violation ( clearance 0.2000 mm; actual 0.1500 mm)
    Local override; error
    @(6.7375 mm, 9.7500 mm): Pad 3 [GND] of U5 on F.Cu
    @(6.7375 mm, 10.2500 mm): Pad 4 [SDA] of U5 on F.Cu
[shorting_items]: Items shorting two nets (nets COIL1 and SWD_TCK)
    Local override; error
    @(15.5000 mm, 25.5000 mm): Pad 1 [COIL1] of TP9 on F.Cu
    @(14.5000 mm, 25.5000 mm): Pad 1 [SWD_TCK] of TP5 on F.Cu
[shorting_items]: Items shorting two nets (nets COIL1 and COIL2)
    Local override; error
    @(15.5000 mm, 25.5000 mm): Pad 1 [COIL1] of TP9 on F.Cu
    @(17.0000 mm, 25.5000 mm): Pad 1 [COIL2] of TP10 on F.Cu
[shorting_items]: Items shorting two nets (nets COIL1 and RECT)
    Local override; error
    @(15.5000 mm, 25.5000 mm): Pad 1 [COIL1] of TP9 on F.Cu
    @(16.0000 mm, 24.6800 mm): Pad 1 [RECT] of C18 on F.Cu
[shorting_items]: Items shorting two nets (nets COIL1 and COMM2)
    Local override; error
    @(15.5000 mm, 25.5000 mm): Pad 1 [COIL1] of TP9 on F.Cu
    @(14.5000 mm, 24.6800 mm): Pad 1 [COMM2] of C28 on F.Cu
[clearance]: Clearance violation ( clearance 0.2000 mm; actual 0.1500 mm)
    Local override; error
    @(8.9750 mm, 7.1350 mm): Pad 6 [SCL] of U7 on F.Cu
    @(10.2500 mm, 6.8500 mm): Pad 10 [GND] of J1 on F.Cu
[clearance]: Clearance violation ( clearance 0.2000 mm; actual 0.1500 mm)
    Local override; error
    @(6.7375 mm, 10.2500 mm): Pad 4 [SDA] of U5 on F.Cu
    @(7.2500 mm, 10.2625 mm): Pad 5 [<no net>] of U5 on F.Cu
[shorting_items]: Items shorting two nets (nets NFC_GPO and +3V0)
    Local override; error
    @(8.9750 mm, 5.8650 mm): Pad 7 [NFC_GPO] of U7 on F.Cu
    @(8.5000 mm, 5.4800 mm): Pad 1 [+3V0] of C38 on F.Cu
[clearance]: Clearance violation ( clearance 0.2000 mm; actual 0.0000 mm)
    Local override; error
    @(8.5000 mm, 4.5200 mm): Pad 2 [GND] of C38 on F.Cu
    @(8.3500 mm, 3.6000 mm): Pad MP [<no net>] of J1 on F.Cu
[clearance]: Clearance violation ( clearance 0.2000 mm; actual 0.0000 mm)
    Local override; error
    @(7.2500 mm, 10.2625 mm): Pad 5 [<no net>] of U5 on F.Cu
    @(7.5000 mm, 10.0200 mm): Pad 2 [GND] of C35 on F.Cu
[shorting_items]: Items shorting two nets (nets SCL and GND)
    Local override; error
    @(11.5000 mm, 12.0100 mm): Pad 1 [SCL] of R14 on F.Cu
    @(12.5000 mm, 13.5000 mm): Pad 49 [GND] of U1 on F.Cu
[shorting_items]: Items shorting two nets (nets +3V0 and GND)
    Local override; error
    @(8.9750 mm, 4.5950 mm): Pad 8 [+3V0] of U7 on F.Cu
    @(8.5000 mm, 4.5200 mm): Pad 2 [GND] of C38 on F.Cu
[clearance]: Clearance violation ( clearance 0.2000 mm; actual 0.0500 mm)
    Local override; error
    @(3.5000 mm, 12.4800 mm): Pad 1 [DRV_REG] of C36 on F.Cu
    @(3.3500 mm, 12.0000 mm): Pad 3 [SDA] of U6 on F.Cu
[clearance]: Clearance violation ( clearance 0.2000 mm; actual 0.0000 mm)
    Local override; error
    @(8.9750 mm, 4.5950 mm): Pad 8 [+3V0] of U7 on F.Cu
    @(8.3500 mm, 3.6000 mm): Pad MP [<no net>] of J1 on F.Cu
[clearance]: Clearance violation ( clearance 0.2000 mm; actual 0.0000 mm)
    Local override; error
    @(16.5000 mm, 3.9800 mm): Pad 1 [+3V0] of C40 on F.Cu
    @(16.6500 mm, 3.6000 mm): Pad MP [<no net>] of J1 on F.Cu
[shorting_items]: Items shorting two nets (nets DRV_REG and GND)
    Local override; error
    @(3.5000 mm, 12.4800 mm): Pad 1 [DRV_REG] of C36 on F.Cu
    @(3.3500 mm, 12.5000 mm): Pad 4 [GND] of U6 on F.Cu
[clearance]: Clearance violation ( clearance 0.2000 mm; actual 0.1500 mm)
    Local override; error
    @(7.2500 mm, 10.2625 mm): Pad 5 [<no net>] of U5 on F.Cu
    @(7.7500 mm, 10.2625 mm): Pad 6 [GND] of U5 on F.Cu
[clearance]: Clearance violation ( clearance 0.2000 mm; actual 0.0000 mm)
    Local override; error
    @(16.5000 mm, 3.0200 mm): Pad 2 [GND] of C40 on F.Cu
    @(16.6500 mm, 3.6000 mm): Pad MP [<no net>] of J1 on F.Cu
[clearance]: Clearance violation ( clearance 0.2000 mm; actual 0.0900 mm)
    Local override; error
    @(3.5000 mm, 12.4800 mm): Pad 1 [DRV_REG] of C36 on F.Cu
    @(3.3500 mm, 13.0000 mm): Pad 5 [HAPTIC_EN] of U6 on F.Cu
[shorting_items]: Items shorting two nets (nets DRV_REG and BTN_1)
    Local override; error
    @(3.5000 mm, 12.4800 mm): Pad 1 [DRV_REG] of C36 on F.Cu
    @(3.3000 mm, 13.0500 mm): Pad 1 [BTN_1] of SW1 on F.Cu
[clearance]: Clearance violation ( clearance 0.2000 mm; actual 0.1000 mm)
    Local override; error
    @(18.5625 mm, 14.5000 mm): Pad 2 [VDDR] of L2 on F.Cu
    @(18.5625 mm, 13.5000 mm): Pad 3 [VBAT] of U4 on F.Cu
[shorting_items]: Items shorting two nets (nets +3V0 and GND)
    Local override; error
    @(11.5000 mm, 10.9900 mm): Pad 2 [+3V0] of R14 on F.Cu
    @(12.5000 mm, 13.5000 mm): Pad 49 [GND] of U1 on F.Cu
[shorting_items]: Items shorting two nets (nets NFC_A and NFC_B)
    Local override; error
    @(4.0000 mm, 6.0000 mm): Pad 1 [NFC_A] of TP15 on F.Cu
    @(4.0000 mm, 7.5000 mm): Pad 1 [NFC_B] of TP16 on F.Cu
[clearance]: Clearance violation ( clearance 0.2000 mm; actual 0.0900 mm)
    Local override; error
    @(3.5000 mm, 11.5200 mm): Pad 2 [GND] of C36 on F.Cu
    @(3.3500 mm, 11.0000 mm): Pad 1 [DRV_REG] of U6 on F.Cu
[shorting_items]: Items shorting two nets (nets VDDR and GND)
    Local override; error
    @(18.5625 mm, 14.5000 mm): Pad 2 [VDDR] of L2 on F.Cu
    @(18.0000 mm, 15.0200 mm): Pad 2 [GND] of C11 on F.Cu
[shorting_items]: Items shorting two nets (nets GND and SCL)
    Local override; error
    @(3.5000 mm, 11.5200 mm): Pad 2 [GND] of C36 on F.Cu
    @(3.3500 mm, 11.5000 mm): Pad 2 [SCL] of U6 on F.Cu
[shorting_items]: Items shorting two nets (nets RECT and COIL2)
    Local override; error
    @(16.0000 mm, 24.6800 mm): Pad 1 [RECT] of C18 on F.Cu
    @(17.0000 mm, 25.5000 mm): Pad 1 [COIL2] of TP10 on F.Cu
[clearance]: Clearance violation ( clearance 0.2000 mm; actual 0.0500 mm)
    Local override; error
    @(3.5000 mm, 11.5200 mm): Pad 2 [GND] of C36 on F.Cu
    @(3.3500 mm, 12.0000 mm): Pad 3 [SDA] of U6 on F.Cu
[clearance]: Clearance violation ( clearance 0.2000 mm; actual 0.1800 mm)
    Local override; error
    @(18.5625 mm, 14.5000 mm): Pad 2 [VDDR] of L2 on F.Cu
    @(19.5000 mm, 14.9900 mm): Pad 2 [VDDS] of R1 on F.Cu
[clearance]: Clearance violation ( clearance 0.2000 mm; actual 0.1500 mm)
    Local override; error
    @(8.2625 mm, 9.7500 mm): Pad 8 [GND] of U5 on F.Cu
    @(8.2625 mm, 9.2500 mm): Pad 9 [+3V0] of U5 on F.Cu
[clearance]: Clearance violation ( clearance 0.2000 mm; actual 0.0900 mm)
    Local override; error
    @(8.0000 mm, 12.4800 mm): Pad 1 [X32K_2] of C13 on F.Cu
    @(7.6500 mm, 13.0000 mm): Pad 6 [+3V0] of U6 on F.Cu
[shorting_items]: Items shorting two nets (nets X32K_2 and MOT_P)
    Local override; error
    @(8.0000 mm, 12.4800 mm): Pad 1 [X32K_2] of C13 on F.Cu
    @(7.6500 mm, 12.5000 mm): Pad 7 [MOT_P] of U6 on F.Cu
[clearance]: Clearance violation ( clearance 0.2000 mm; actual 0.0500 mm)
    Local override; error
    @(8.0000 mm, 12.4800 mm): Pad 1 [X32K_2] of C13 on F.Cu
    @(7.6500 mm, 12.0000 mm): Pad 8 [GND] of U6 on F.Cu
[clearance]: Clearance violation ( clearance 0.2000 mm; actual 0.0300 mm)
    Local override; error
    @(21.0000 mm, 23.9900 mm): Pad 2 [GND] of R8 on F.Cu
    @(20.5000 mm, 23.7000 mm): Pad 10 [TERM] of U2 on F.Cu
[clearance]: Clearance violation ( clearance 0.2000 mm; actual 0.1500 mm)
    Local override; error
    @(8.2625 mm, 8.7500 mm): Pad 10 [+3V0] of U5 on F.Cu
    @(7.7500 mm, 8.7375 mm): Pad 11 [ACC_INT2] of U5 on F.Cu
[clearance]: Clearance violation ( clearance 0.2000 mm; actual 0.1500 mm)
    Local override; error
    @(7.7500 mm, 8.7375 mm): Pad 11 [ACC_INT2] of U5 on F.Cu
    @(7.2500 mm, 8.7375 mm): Pad 12 [ACC_INT1] of U5 on F.Cu
[shorting_items]: Items shorting two nets (nets AC2 and DCOUPL)
    Local override; error
    @(14.5000 mm, 17.5200 mm): Pad 2 [AC2] of C24 on F.Cu
    @(14.7500 mm, 16.9375 mm): Pad 23 [DCOUPL] of U1 on F.Cu
[shorting_items]: Items shorting two nets (nets GND and BTN_1)
    Local override; error
    @(3.3500 mm, 12.5000 mm): Pad 4 [GND] of U6 on F.Cu
    @(3.3000 mm, 13.0500 mm): Pad 1 [BTN_1] of SW1 on F.Cu
[clearance]: Clearance violation ( clearance 0.2000 mm; actual 0.1865 mm)
    Local override; error
    @(16.7125 mm, 11.0000 mm): Pad 1 [+3V0] of FB1 on F.Cu
    @(15.9375 mm, 11.7500 mm): Pad 34 [VDDS] of U1 on F.Cu
[shorting_items]: Items shorting two nets (nets AC2 and VDDS)
    Local override; error
    @(14.5000 mm, 17.5200 mm): Pad 2 [AC2] of C24 on F.Cu
    @(14.2500 mm, 16.9375 mm): Pad 22 [VDDS] of U1 on F.Cu
[shorting_items]: Items shorting two nets (nets +3V0 and nRESET)
    Local override; error
    @(16.7125 mm, 11.0000 mm): Pad 1 [+3V0] of FB1 on F.Cu
    @(15.9375 mm, 11.2500 mm): Pad 35 [nRESET] of U1 on F.Cu
[clearance]: Clearance violation ( clearance 0.2000 mm; actual 0.0000 mm)
    Local override; error
    @(16.7125 mm, 11.0000 mm): Pad 1 [+3V0] of FB1 on F.Cu
    @(15.9375 mm, 10.7500 mm): Pad 36 [<no net>] of U1 on F.Cu
[shorting_items]: Items shorting two nets (nets CLAMP2 and PIEZO)
    Local override; error
    @(14.5000 mm, 21.5800 mm): Pad 1 [CLAMP2] of C26 on F.Cu
    @(15.5000 mm, 22.5000 mm): Pad 1 [PIEZO] of TP8 on F.Cu
[clearance]: Clearance violation ( clearance 0.2000 mm; actual 0.0253 mm)
    Local override; error
    @(8.0000 mm, 11.5200 mm): Pad 2 [GND] of C13 on F.Cu
    @(7.5000 mm, 10.9800 mm): Pad 1 [+3V0] of C35 on F.Cu
[shorting_items]: Items shorting two nets (nets HAPTIC_EN and BTN_1)
    Local override; error
    @(3.3500 mm, 13.0000 mm): Pad 5 [HAPTIC_EN] of U6 on F.Cu
    @(3.3000 mm, 13.0500 mm): Pad 1 [BTN_1] of SW1 on F.Cu
[shorting_items]: Items shorting two nets (nets GND and MOT_N)
    Local override; error
    @(8.0000 mm, 11.5200 mm): Pad 2 [GND] of C13 on F.Cu
    @(7.6500 mm, 11.5000 mm): Pad 9 [MOT_N] of U6 on F.Cu
[shorting_items]: Items shorting two nets (nets VDDS and VDDR)
    Local override; error
    @(18.2875 mm, 11.0000 mm): Pad 2 [VDDS] of FB1 on F.Cu
    @(19.0000 mm, 11.4800 mm): Pad 1 [VDDR] of C9 on F.Cu
[clearance]: Clearance violation ( clearance 0.2000 mm; actual 0.1900 mm)
    Local override; error
    @(15.5000 mm, 22.5000 mm): Pad 1 [PIEZO] of TP8 on F.Cu
    @(16.0000 mm, 23.7200 mm): Pad 2 [GND] of C18 on F.Cu
[shorting_items]: Items shorting two nets (nets VDDS and GND)
    Local override; error
    @(18.2875 mm, 11.0000 mm): Pad 2 [VDDS] of FB1 on F.Cu
    @(19.1500 mm, 11.1750 mm): Pad 7 [GND] of Q1 on F.Cu
[clearance]: Clearance violation (footprint Q1 clearance 0.2000 mm; actual 0.1617 mm)
    Local override; error
    @(18.2875 mm, 11.0000 mm): Pad 2 [VDDS] of FB1 on F.Cu
    @(19.1500 mm, 11.8250 mm): Pad 6 [GND] of Q1 on F.Cu
[clearance]: Clearance violation ( clearance 0.2000 mm; actual 0.0900 mm)
    Local override; error
    @(8.0000 mm, 11.5200 mm): Pad 2 [GND] of C13 on F.Cu
    @(7.6500 mm, 11.0000 mm): Pad 10 [+3V0] of U6 on F.Cu
[shorting_items]: Items shorting two nets (nets RECT and PIEZO)
    Local override; error
    @(16.0000 mm, 21.8750 mm): Pad 1 [RECT] of C17 on F.Cu
    @(15.5000 mm, 22.5000 mm): Pad 1 [PIEZO] of TP8 on F.Cu
[shorting_items]: Items shorting two nets (nets GND and VBAT)
    Local override; error
    @(8.0000 mm, 23.5000 mm): Pad 1 [GND] of TP12 on F.Cu
    @(6.5000 mm, 23.0000 mm): Pad 1 [VBAT] of TP11 on F.Cu
[shorting_items]: Items shorting two nets (nets GND and VBAT)
    Local override; error
    @(8.0000 mm, 23.5000 mm): Pad 1 [GND] of TP12 on F.Cu
    @(9.0000 mm, 22.9800 mm): Pad 1 [VBAT] of C29 on F.Cu
[shorting_items]: Items shorting two nets (nets DW_VCC and +3V0)
    Local override; error
    @(23.0000 mm, 9.4900 mm): Pad 2 [DW_VCC] of R10 on F.Cu
    @(23.3000 mm, 9.5500 mm): Pad 2 [+3V0] of SW2 on F.Cu
[shorting_items]: Items shorting two nets (nets MOT_P and MOT_N)
    Local override; error
    @(2.5000 mm, 18.5000 mm): Pad 1 [MOT_P] of TP13 on F.Cu
    @(2.5000 mm, 20.0000 mm): Pad 1 [MOT_N] of TP14 on F.Cu
[shorting_items]: Items shorting two nets (nets PROT_CS and GND)
    Local override; error
    @(20.0000 mm, 11.0100 mm): Pad 1 [PROT_CS] of R11 on F.Cu
    @(19.1500 mm, 11.1750 mm): Pad 7 [GND] of Q1 on F.Cu
[clearance]: Clearance violation (footprint Q1 clearance 0.2000 mm; actual 0.0540 mm)
    Local override; error
    @(20.0000 mm, 11.0100 mm): Pad 1 [PROT_CS] of R11 on F.Cu
    @(19.1500 mm, 10.5250 mm): Pad 8 [FET_D] of Q1 on F.Cu
[clearance]: Clearance violation ( clearance 0.2000 mm; actual 0.1000 mm)
    Local override; error
    @(8.2500 mm, 14.5000 mm): Pad 1 [X32K_1] of Y2 on F.Cu
    @(8.0000 mm, 15.6500 mm): Pad 3 [RF_N] of FL1 on F.Cu
[clearance]: Clearance violation ( clearance 0.2000 mm; actual 0.1500 mm)
    Local override; error
    @(15.2500 mm, 16.9375 mm): Pad 24 [SWD_TMS] of U1 on F.Cu
    @(16.0000 mm, 17.2250 mm): Pad 2 [GND] of C16 on F.Cu
[clearance]: Clearance violation ( clearance 0.2000 mm; actual 0.0000 mm)
    Local override; error
    @(8.2500 mm, 14.5000 mm): Pad 1 [X32K_1] of Y2 on F.Cu
    @(9.0625 mm, 14.7500 mm): Pad 9 [<no net>] of U1 on F.Cu
[shorting_items]: Items shorting two nets (nets X32K_1 and SDA)
    Local override; error
    @(8.2500 mm, 14.5000 mm): Pad 1 [X32K_1] of Y2 on F.Cu
    @(9.0625 mm, 15.2500 mm): Pad 10 [SDA] of U1 on F.Cu
[clearance]: Clearance violation (footprint Q1 clearance 0.2000 mm; actual 0.0957 mm)
    Local override; error
    @(20.0000 mm, 9.9900 mm): Pad 2 [GND] of R11 on F.Cu
    @(19.1500 mm, 10.5250 mm): Pad 8 [FET_D] of Q1 on F.Cu
[clearance]: Clearance violation ( clearance 0.2000 mm; actual 0.1000 mm)
    Local override; error
    @(7.5000 mm, 15.6500 mm): Pad 2 [GND] of FL1 on F.Cu
    @(8.0000 mm, 15.6500 mm): Pad 3 [RF_N] of FL1 on F.Cu
[shorting_items]: Items shorting two nets (nets X32K_1 and UART_RX)
    Local override; error
    @(8.2500 mm, 14.5000 mm): Pad 1 [X32K_1] of Y2 on F.Cu
    @(9.0625 mm, 13.7500 mm): Pad 7 [UART_RX] of U1 on F.Cu
[clearance]: Clearance violation ( clearance 0.2000 mm; actual 0.1000 mm)
    Local override; error
    @(7.5000 mm, 15.6500 mm): Pad 2 [GND] of FL1 on F.Cu
    @(7.0000 mm, 15.6500 mm): Pad 1 [RF_UNBAL] of FL1 on F.Cu
[shorting_items]: Items shorting two nets (nets X32K_1 and UART_TX)
    Local override; error
    @(8.2500 mm, 14.5000 mm): Pad 1 [X32K_1] of Y2 on F.Cu
    @(9.0625 mm, 14.2500 mm): Pad 8 [UART_TX] of U1 on F.Cu
[clearance]: Clearance violation ( clearance 0.2000 mm; actual 0.1401 mm)
    Local override; error
    @(7.5000 mm, 15.6500 mm): Pad 2 [GND] of FL1 on F.Cu
    @(8.2500 mm, 14.5000 mm): Pad 1 [X32K_1] of Y2 on F.Cu
[shorting_items]: Items shorting two nets (nets VDDS and FET_D)
    Local override; error
    @(18.2875 mm, 11.0000 mm): Pad 2 [VDDS] of FB1 on F.Cu
    @(19.1500 mm, 10.5250 mm): Pad 8 [FET_D] of Q1 on F.Cu
[shorting_items]: Items shorting two nets (nets VDDS and GND)
    Local override; error
    @(18.2875 mm, 11.0000 mm): Pad 2 [VDDS] of FB1 on F.Cu
    @(19.0000 mm, 10.5200 mm): Pad 2 [GND] of C9 on F.Cu
[clearance]: Clearance violation ( clearance 0.2000 mm; actual 0.1050 mm)
    Local override; error
    @(7.6500 mm, 12.0000 mm): Pad 8 [GND] of U6 on F.Cu
    @(6.5000 mm, 12.0100 mm): Pad 1 [SDA] of R13 on F.Cu
[clearance]: Clearance violation ( clearance 0.2000 mm; actual 0.1885 mm)
    Local override; error
    @(15.9375 mm, 15.2500 mm): Pad 27 [<no net>] of U1 on F.Cu
    @(17.0000 mm, 14.7750 mm): Pad 1 [VDDR] of C7 on F.Cu
[clearance]: Clearance violation ( clearance 0.2000 mm; actual 0.0250 mm)
    Local override; error
    @(15.9375 mm, 15.2500 mm): Pad 27 [<no net>] of U1 on F.Cu
    @(16.4375 mm, 14.5000 mm): Pad 1 [DCDC_SW] of L2 on F.Cu
[clearance]: Clearance violation ( clearance 0.2000 mm; actual 0.1000 mm)
    Local override; error
    @(7.0000 mm, 16.3500 mm): Pad 4 [RF_P] of FL1 on F.Cu
    @(7.5000 mm, 16.3500 mm): Pad 5 [GND] of FL1 on F.Cu
[clearance]: Clearance violation ( clearance 0.2000 mm; actual 0.1500 mm)
    Local override; error
    @(15.9375 mm, 14.7500 mm): Pad 28 [<no net>] of U1 on F.Cu
    @(17.0000 mm, 14.7750 mm): Pad 1 [VDDR] of C7 on F.Cu
[clearance]: Clearance violation ( clearance 0.2000 mm; actual 0.0000 mm)
    Local override; error
    @(15.9375 mm, 14.7500 mm): Pad 28 [<no net>] of U1 on F.Cu
    @(16.4375 mm, 14.5000 mm): Pad 1 [DCDC_SW] of L2 on F.Cu
[clearance]: Clearance violation ( clearance 0.2000 mm; actual 0.0900 mm)
    Local override; error
    @(7.6500 mm, 11.5000 mm): Pad 9 [MOT_N] of U6 on F.Cu
    @(7.5000 mm, 10.9800 mm): Pad 1 [+3V0] of C35 on F.Cu
[clearance]: Clearance violation ( clearance 0.2000 mm; actual 0.0000 mm)
    Local override; error
    @(15.9375 mm, 14.2500 mm): Pad 29 [<no net>] of U1 on F.Cu
    @(16.4375 mm, 14.5000 mm): Pad 1 [DCDC_SW] of L2 on F.Cu
[clearance]: Clearance violation ( clearance 0.2000 mm; actual 0.0300 mm)
    Local override; error
    @(19.0000 mm, 23.7000 mm): Pad 7 [CHG_DET] of U2 on F.Cu
    @(19.5000 mm, 23.9900 mm): Pad 2 [GND] of R7 on F.Cu
[clearance]: Clearance violation ( clearance 0.2000 mm; actual 0.0250 mm)
    Local override; error
    @(15.9375 mm, 13.7500 mm): Pad 30 [<no net>] of U1 on F.Cu
    @(16.4375 mm, 14.5000 mm): Pad 1 [DCDC_SW] of L2 on F.Cu
[clearance]: Clearance violation ( clearance 0.2000 mm; actual 0.0000 mm)
    Local override; error
    @(19.5000 mm, 23.7000 mm): Pad 8 [<no net>] of U2 on F.Cu
    @(19.5000 mm, 23.9900 mm): Pad 2 [GND] of R7 on F.Cu
[shorting_items]: Items shorting two nets (nets GND and ILIM)
    Local override; error
    @(21.7000 mm, 23.0000 mm): Pad 11 [GND] of U2 on F.Cu
    @(21.5000 mm, 23.0100 mm): Pad 1 [ILIM] of R5 on F.Cu
[shorting_items]: Items shorting two nets (nets COMM2 and BTN_3)
    Local override; error
    @(21.7000 mm, 21.0000 mm): Pad 15 [COMM2] of U2 on F.Cu
    @(21.7000 mm, 20.5500 mm): Pad 1 [BTN_3] of SW3 on F.Cu
[clearance]: Clearance violation (footprint Q1 clearance 0.2000 mm; actual 0.1000 mm)
    Local override; error
    @(15.9375 mm, 10.7500 mm): Pad 36 [<no net>] of U1 on F.Cu
    @(14.8500 mm, 10.5250 mm): Pad 1 [FET_D] of Q1 on F.Cu
[shorting_items]: Items shorting two nets (nets HAPTIC_EN and FET_D)
    Local override; error
    @(15.2500 mm, 10.0625 mm): Pad 37 [HAPTIC_EN] of U1 on F.Cu
    @(14.8500 mm, 10.5250 mm): Pad 1 [FET_D] of Q1 on F.Cu
[shorting_items]: Items shorting two nets (nets BTN_2 and FET_D)
    Local override; error
    @(14.7500 mm, 10.0625 mm): Pad 38 [BTN_2] of U1 on F.Cu
    @(14.8500 mm, 10.5250 mm): Pad 1 [FET_D] of Q1 on F.Cu
[shorting_items]: Items shorting two nets (nets BTN_3 and FET_D)
    Local override; error
    @(14.2500 mm, 10.0625 mm): Pad 39 [BTN_3] of U1 on F.Cu
    @(14.8500 mm, 10.5250 mm): Pad 1 [FET_D] of Q1 on F.Cu
[silk_overlap]: Silkscreen clearance
    Rule: board setup constraints silk; warning
    @(6.5000 mm, 15.5000 mm): Reference field of R2
    @(7.5000 mm, 14.6500 mm): Reference field of FL1
[silk_overlap]: Silkscreen clearance
    Rule: board setup constraints silk; warning
    @(6.0000 mm, 17.0000 mm): Reference field of C14
    @(6.5000 mm, 15.5000 mm): Reference field of R2
[silk_overlap]: Silkscreen clearance
    Rule: board setup constraints silk; warning
    @(6.5000 mm, 15.5000 mm): Reference field of R2
    @(6.3250 mm, 15.3750 mm): Segment of Y2 on F.Silkscreen
[silk_overlap]: Silkscreen clearance
    Rule: board setup constraints silk; warning
    @(6.5000 mm, 15.5000 mm): Reference field of R2
    @(5.8800 mm, 16.1536 mm): Segment of R2 on F.Silkscreen
[silk_overlap]: Silkscreen clearance
    Rule: board setup constraints silk; warning
    @(7.0500 mm, 15.4500 mm): Segment of FL1 on F.Silkscreen
    @(6.3250 mm, 15.3750 mm): Segment of Y2 on F.Silkscreen
[silk_overlap]: Silkscreen clearance
    Rule: board setup constraints silk; warning
    @(11.0700 mm, 21.0000 mm): Reference field of C20
    @(11.8400 mm, 21.1000 mm): Reference field of C25
[silk_overlap]: Silkscreen clearance
    Rule: board setup constraints silk; warning
    @(7.1100 mm, 13.4100 mm): Segment of U6 on F.Silkscreen
    @(6.3250 mm, 13.6250 mm): Segment of Y2 on F.Silkscreen
[silk_overlap]: Silkscreen clearance
    Rule: board setup constraints silk; warning
    @(6.3250 mm, 13.6250 mm): Segment of Y2 on F.Silkscreen
    @(7.1100 mm, 13.6100 mm): Segment of U6 on F.Silkscreen
[silk_overlap]: Silkscreen clearance
    Rule: board setup constraints silk; warning
    @(4.0000 mm, 13.5200 mm): Reference field of C15
    @(7.1100 mm, 13.6100 mm): Segment of U6 on F.Silkscreen
[silk_overlap]: Silkscreen clearance
    Rule: board setup constraints silk; warning
    @(3.8900 mm, 13.6100 mm): Segment of U6 on F.Silkscreen
    @(4.0000 mm, 13.5200 mm): Reference field of C15
[silk_overlap]: Silkscreen clearance
    Rule: board setup constraints silk; warning
    @(11.8400 mm, 18.0000 mm): Reference field of C23
    @(10.5000 mm, 16.5000 mm): Reference field of Y1
[silk_overlap]: Silkscreen clearance
    Rule: board setup constraints silk; warning
    @(12.8400 mm, 22.5000 mm): Reference field of C32
    @(11.8400 mm, 21.1000 mm): Reference field of C25
[silk_overlap]: Silkscreen clearance
    Rule: board setup constraints silk; warning
    @(11.9900 mm, 21.1406 mm): Segment of C20 on F.Silkscreen
    @(11.8400 mm, 21.1000 mm): Reference field of C25
[silk_overlap]: Silkscreen clearance
    Rule: board setup constraints silk; warning
    @(12.8400 mm, 22.5000 mm): Reference field of C32
    @(13.3400 mm, 21.1000 mm): Reference field of C26
[silk_overlap]: Silkscreen clearance
    Rule: board setup constraints silk; warning
    @(12.8400 mm, 22.5000 mm): Reference field of C32
    @(12.6400 mm, 21.2078 mm): Segment of C25 on F.Silkscreen
[silk_overlap]: Silkscreen clearance
    Rule: board setup constraints silk; warning
    @(13.0100 mm, 21.1406 mm): Segment of C20 on F.Silkscreen
    @(13.3400 mm, 21.1000 mm): Reference field of C26
[silk_overlap]: Silkscreen clearance
    Rule: board setup constraints silk; warning
    @(12.8400 mm, 22.5000 mm): Reference field of C32
    @(13.3600 mm, 21.2078 mm): Segment of C25 on F.Silkscreen
[silk_overlap]: Silkscreen clearance
    Rule: board setup constraints silk; warning
    @(11.0700 mm, 21.0000 mm): Reference field of C20
    @(10.3400 mm, 22.5000 mm): Reference field of C30
[silk_overlap]: Silkscreen clearance
    Rule: board setup constraints silk; warning
    @(10.5100 mm, 21.1406 mm): Segment of C19 on F.Silkscreen
    @(11.0700 mm, 21.0000 mm): Reference field of C20
[silk_overlap]: Silkscreen clearance
    Rule: board setup constraints silk; warning
    @(10.5100 mm, 21.1406 mm): Segment of C19 on F.Silkscreen
    @(10.3400 mm, 22.5000 mm): Reference field of C30
[silk_overlap]: Silkscreen clearance
    Rule: board setup constraints silk; warning
    @(13.3600 mm, 21.2078 mm): Segment of C25 on F.Silkscreen
    @(13.3400 mm, 21.1000 mm): Reference field of C26
[silk_overlap]: Silkscreen clearance
    Rule: board setup constraints silk; warning
    @(8.5700 mm, 21.0000 mm): Reference field of C19
    @(8.0000 mm, 21.8520 mm): Reference field of TP12
[silk_overlap]: Silkscreen clearance
    Rule: board setup constraints silk; warning
    @(8.0000 mm, 21.8520 mm): Reference field of TP12
    @(7.8400 mm, 22.5000 mm): Reference field of C29
[silk_overlap]: Silkscreen clearance
    Rule: board setup constraints silk; warning
    @(13.3600 mm, 18.1078 mm): Segment of C23 on F.Silkscreen
    @(13.3400 mm, 18.0000 mm): Reference field of C24
[silk_overlap]: Silkscreen clearance
    Rule: board setup constraints silk; warning
    @(3.4500 mm, 20.9500 mm): Segment of TP14 on F.Silkscreen
    @(2.0000 mm, 20.5000 mm): Reference field of BT1
[silk_overlap]: Silkscreen clearance
    Rule: board setup constraints silk; warning
    @(3.4500 mm, 19.4500 mm): Segment of TP13 on F.Silkscreen
    @(2.0000 mm, 20.5000 mm): Reference field of BT1
[silk_overlap]: Silkscreen clearance
    Rule: board setup constraints silk; warning
    @(8.0000 mm, 21.8520 mm): Reference field of TP12
    @(6.5000 mm, 21.3520 mm): Reference field of TP11
[silk_overlap]: Silkscreen clearance
    Rule: board setup constraints silk; warning
    @(8.0000 mm, 21.8520 mm): Reference field of TP12
    @(5.5500 mm, 22.0500 mm): Segment of TP11 on F.Silkscreen
[silk_overlap]: Silkscreen clearance
    Rule: board setup constraints silk; warning
    @(1.5500 mm, 20.9500 mm): Segment of TP14 on F.Silkscreen
    @(2.0000 mm, 20.5000 mm): Reference field of BT1
[silk_overlap]: Silkscreen clearance
    Rule: board setup constraints silk; warning
    @(1.5500 mm, 20.9500 mm): Segment of TP14 on F.Silkscreen
    @(1.5500 mm, 19.4500 mm): Segment of TP13 on F.Silkscreen
[silk_overlap]: Silkscreen clearance
    Rule: board setup constraints silk; warning
    @(1.5500 mm, 20.9500 mm): Segment of TP14 on F.Silkscreen
    @(3.4500 mm, 19.4500 mm): Segment of TP13 on F.Silkscreen
[silk_overlap]: Silkscreen clearance
    Rule: board setup constraints silk; warning
    @(3.4500 mm, 17.5500 mm): Segment of TP13 on F.Silkscreen
    @(3.4500 mm, 19.0500 mm): Segment of TP14 on F.Silkscreen
[silk_overlap]: Silkscreen clearance
    Rule: board setup constraints silk; warning
    @(3.4500 mm, 19.4500 mm): Segment of TP13 on F.Silkscreen
    @(3.4500 mm, 19.0500 mm): Segment of TP14 on F.Silkscreen
[silk_overlap]: Silkscreen clearance
    Rule: board setup constraints silk; warning
    @(2.5000 mm, 16.8520 mm): Reference field of TP13
    @(2.0000 mm, 16.0000 mm): Circle of AE1 on F.Silkscreen
[silk_overlap]: Silkscreen clearance
    Rule: board setup constraints silk; warning
    @(2.5000 mm, 18.3520 mm): Reference field of TP14
    @(1.5500 mm, 19.4500 mm): Segment of TP13 on F.Silkscreen
[silk_overlap]: Silkscreen clearance
    Rule: board setup constraints silk; warning
    @(1.5500 mm, 19.4500 mm): Segment of TP13 on F.Silkscreen
    @(1.5500 mm, 19.0500 mm): Segment of TP14 on F.Silkscreen
[silk_overlap]: Silkscreen clearance
    Rule: board setup constraints silk; warning
    @(3.4500 mm, 17.5500 mm): Segment of TP13 on F.Silkscreen
    @(1.5500 mm, 19.0500 mm): Segment of TP14 on F.Silkscreen
[silk_overlap]: Silkscreen clearance
    Rule: board setup constraints silk; warning
    @(3.4500 mm, 17.5500 mm): Segment of TP13 on F.Silkscreen
    @(2.5000 mm, 18.3520 mm): Reference field of TP14
[silk_overlap]: Silkscreen clearance
    Rule: board setup constraints silk; warning
    @(6.0000 mm, 17.0000 mm): Reference field of C14
    @(5.8800 mm, 16.1536 mm): Segment of R2 on F.Silkscreen
[silk_overlap]: Silkscreen clearance
    Rule: board setup constraints silk; warning
    @(2.5000 mm, 16.8520 mm): Reference field of TP13
    @(3.6400 mm, 16.6078 mm): Segment of C15 on F.Silkscreen
[silk_overlap]: Silkscreen clearance
    Rule: board setup constraints silk; warning
    @(3.7000 mm, 18.5000 mm): Footprint text of BT1 (-)
    @(2.5000 mm, 18.3520 mm): Reference field of TP14
[silk_overlap]: Silkscreen clearance
    Rule: board setup constraints silk; warning
    @(7.4500 mm, 22.0500 mm): Segment of TP11 on F.Silkscreen
    @(7.8400 mm, 22.5000 mm): Reference field of C29
[silk_overlap]: Silkscreen clearance
    Rule: board setup constraints silk; warning
    @(7.4500 mm, 22.0500 mm): Segment of TP11 on F.Silkscreen
    @(7.0500 mm, 22.5500 mm): Segment of TP12 on F.Silkscreen
[silk_overlap]: Silkscreen clearance
    Rule: board setup constraints silk; warning
    @(7.0000 mm, 23.8520 mm): Reference field of TP2
    @(7.4500 mm, 23.9500 mm): Segment of TP11 on F.Silkscreen
[silk_overlap]: Silkscreen clearance
    Rule: board setup constraints silk; warning
    @(7.0500 mm, 24.4500 mm): Segment of TP12 on F.Silkscreen
    @(7.4500 mm, 23.9500 mm): Segment of TP11 on F.Silkscreen
[silk_overlap]: Silkscreen clearance
    Rule: board setup constraints silk; warning
    @(7.0500 mm, 24.4500 mm): Segment of TP12 on F.Silkscreen
    @(7.0000 mm, 23.8520 mm): Reference field of TP2
[silk_overlap]: Silkscreen clearance
    Rule: board setup constraints silk; warning
    @(7.0500 mm, 24.4500 mm): Segment of TP12 on F.Silkscreen
    @(6.0500 mm, 24.5500 mm): Segment of TP2 on F.Silkscreen
[silk_overlap]: Silkscreen clearance
    Rule: board setup constraints silk; warning
    @(8.9500 mm, 24.4500 mm): Segment of TP12 on F.Silkscreen
    @(6.0500 mm, 24.5500 mm): Segment of TP2 on F.Silkscreen
[silk_overlap]: Silkscreen clearance
    Rule: board setup constraints silk; warning
    @(7.9500 mm, 24.5500 mm): Segment of TP2 on F.Silkscreen
    @(8.9500 mm, 24.4500 mm): Segment of TP12 on F.Silkscreen
[silk_overlap]: Silkscreen clearance
    Rule: board setup constraints silk; warning
    @(8.5500 mm, 26.4500 mm): Segment of TP3 on F.Silkscreen
    @(8.8400 mm, 24.1000 mm): Reference field of C21
[silk_overlap]: Silkscreen clearance
    Rule: board setup constraints silk; warning
    @(8.9500 mm, 24.4500 mm): Segment of TP12 on F.Silkscreen
    @(8.5500 mm, 26.4500 mm): Segment of TP3 on F.Silkscreen
[silk_overlap]: Silkscreen clearance
    Rule: board setup constraints silk; warning
    @(6.5000 mm, 21.3520 mm): Reference field of TP11
    @(7.8400 mm, 22.5000 mm): Reference field of C29
[silk_overlap]: Silkscreen clearance
    Rule: board setup constraints silk; warning
    @(8.5700 mm, 21.0000 mm): Reference field of C19
    @(6.5000 mm, 21.3520 mm): Reference field of TP11
[silk_overlap]: Silkscreen clearance
    Rule: board setup constraints silk; warning
    @(8.0000 mm, 21.8520 mm): Reference field of TP12
    @(9.3600 mm, 22.6078 mm): Segment of C29 on F.Silkscreen
[silk_overlap]: Silkscreen clearance
    Rule: board setup constraints silk; warning
    @(8.5700 mm, 21.0000 mm): Reference field of C19
    @(7.8400 mm, 22.5000 mm): Reference field of C29
[silk_overlap]: Silkscreen clearance
    Rule: board setup constraints silk; warning
    @(8.0000 mm, 21.8520 mm): Reference field of TP12
    @(8.6400 mm, 22.6078 mm): Segment of C29 on F.Silkscreen
[silk_overlap]: Silkscreen clearance
    Rule: board setup constraints silk; warning
    @(8.6400 mm, 22.6078 mm): Segment of C29 on F.Silkscreen
    @(7.0500 mm, 22.5500 mm): Segment of TP12 on F.Silkscreen
[silk_overlap]: Silkscreen clearance
    Rule: board setup constraints silk; warning
    @(9.5000 mm, 23.8520 mm): Reference field of TP3
    @(7.8400 mm, 22.5000 mm): Reference field of C29
[silk_overlap]: Silkscreen clearance
    Rule: board setup constraints silk; warning
    @(9.5000 mm, 23.8520 mm): Reference field of TP3
    @(8.8400 mm, 24.1000 mm): Reference field of C21
[silk_overlap]: Silkscreen clearance
    Rule: board setup constraints silk; warning
    @(7.8400 mm, 22.5000 mm): Reference field of C29
    @(8.8400 mm, 24.1000 mm): Reference field of C21
[silk_overlap]: Silkscreen clearance
    Rule: board setup constraints silk; warning
    @(7.0000 mm, 23.8520 mm): Reference field of TP2
    @(7.8400 mm, 22.5000 mm): Reference field of C29
[silk_overlap]: Silkscreen clearance
    Rule: board setup constraints silk; warning
    @(7.8400 mm, 22.5000 mm): Reference field of C29
    @(7.0500 mm, 22.5500 mm): Segment of TP12 on F.Silkscreen
[silk_overlap]: Silkscreen clearance
    Rule: board setup constraints silk; warning
    @(9.5000 mm, 23.8520 mm): Reference field of TP3
    @(10.3400 mm, 22.5000 mm): Reference field of C30
[silk_overlap]: Silkscreen clearance
    Rule: board setup constraints silk; warning
    @(8.9500 mm, 24.4500 mm): Segment of TP12 on F.Silkscreen
    @(8.8400 mm, 24.1000 mm): Reference field of C21
[silk_overlap]: Silkscreen clearance
    Rule: board setup constraints silk; warning
    @(8.5500 mm, 24.5500 mm): Segment of TP3 on F.Silkscreen
    @(8.9500 mm, 24.4500 mm): Segment of TP12 on F.Silkscreen
[silk_overlap]: Silkscreen clearance
    Rule: board setup constraints silk; warning
    @(8.9500 mm, 22.5500 mm): Segment of TP12 on F.Silkscreen
    @(8.8400 mm, 24.1000 mm): Reference field of C21
[silk_overlap]: Silkscreen clearance
    Rule: board setup constraints silk; warning
    @(8.5500 mm, 24.5500 mm): Segment of TP3 on F.Silkscreen
    @(8.9500 mm, 22.5500 mm): Segment of TP12 on F.Silkscreen
[silk_overlap]: Silkscreen clearance
    Rule: board setup constraints silk; warning
    @(12.0000 mm, 23.8520 mm): Reference field of TP4
    @(13.3400 mm, 24.2000 mm): Reference field of C28
[silk_overlap]: Silkscreen clearance
    Rule: board setup constraints silk; warning
    @(12.0000 mm, 23.8520 mm): Reference field of TP4
    @(12.6400 mm, 24.3078 mm): Segment of C27 on F.Silkscreen
[silk_overlap]: Silkscreen clearance
    Rule: board setup constraints silk; warning
    @(12.8600 mm, 24.2078 mm): Segment of C22 on F.Silkscreen
    @(12.0000 mm, 23.8520 mm): Reference field of TP4
[silk_overlap]: Silkscreen clearance
    Rule: board setup constraints silk; warning
    @(12.0000 mm, 23.8520 mm): Reference field of TP4
    @(12.8400 mm, 22.5000 mm): Reference field of C32
[silk_overlap]: Silkscreen clearance
    Rule: board setup constraints silk; warning
    @(12.8600 mm, 24.2078 mm): Segment of C22 on F.Silkscreen
    @(13.3400 mm, 24.2000 mm): Reference field of C28
[silk_overlap]: Silkscreen clearance
    Rule: board setup constraints silk; warning
    @(12.9500 mm, 24.5500 mm): Segment of TP4 on F.Silkscreen
    @(13.3400 mm, 24.2000 mm): Reference field of C28
[silk_overlap]: Silkscreen clearance
    Rule: board setup constraints silk; warning
    @(13.3600 mm, 24.3078 mm): Segment of C27 on F.Silkscreen
    @(13.3400 mm, 24.2000 mm): Reference field of C28
[silk_overlap]: Silkscreen clearance
    Rule: board setup constraints silk; warning
    @(14.5000 mm, 23.8520 mm): Reference field of TP5
    @(13.3400 mm, 24.2000 mm): Reference field of C28
[silk_overlap]: Silkscreen clearance
    Rule: board setup constraints silk; warning
    @(13.3400 mm, 24.2000 mm): Reference field of C28
    @(13.5500 mm, 24.5500 mm): Segment of TP5 on F.Silkscreen
[silk_overlap]: Silkscreen clearance
    Rule: board setup constraints silk; warning
    @(12.0000 mm, 23.8520 mm): Reference field of TP4
    @(11.3400 mm, 24.1000 mm): Reference field of C22
[silk_overlap]: Silkscreen clearance
    Rule: board setup constraints silk; warning
    @(11.8400 mm, 24.2000 mm): Reference field of C27
    @(11.3400 mm, 24.1000 mm): Reference field of C22
[silk_overlap]: Silkscreen clearance
    Rule: board setup constraints silk; warning
    @(11.8600 mm, 22.6078 mm): Segment of C30 on F.Silkscreen
    @(11.8400 mm, 21.1000 mm): Reference field of C25
[silk_overlap]: Silkscreen clearance
    Rule: board setup constraints silk; warning
    @(11.8400 mm, 24.2000 mm): Reference field of C27
    @(12.0000 mm, 23.8520 mm): Reference field of TP4
[silk_overlap]: Silkscreen clearance
    Rule: board setup constraints silk; warning
    @(11.8400 mm, 24.2000 mm): Reference field of C27
    @(12.8400 mm, 22.5000 mm): Reference field of C32
[silk_overlap]: Silkscreen clearance
    Rule: board setup constraints silk; warning
    @(12.8400 mm, 22.5000 mm): Reference field of C32
    @(13.3400 mm, 24.2000 mm): Reference field of C28
[silk_overlap]: Silkscreen clearance
    Rule: board setup constraints silk; warning
    @(14.5000 mm, 23.8520 mm): Reference field of TP5
    @(12.8400 mm, 22.5000 mm): Reference field of C32
[silk_overlap]: Silkscreen clearance
    Rule: board setup constraints silk; warning
    @(13.6400 mm, 22.6078 mm): Segment of C32 on F.Silkscreen
    @(13.3400 mm, 21.1000 mm): Reference field of C26
[silk_overlap]: Silkscreen clearance
    Rule: board setup constraints silk; warning
    @(11.8400 mm, 24.2000 mm): Reference field of C27
    @(12.1400 mm, 24.2078 mm): Segment of C22 on F.Silkscreen
[silk_overlap]: Silkscreen clearance
    Rule: board setup constraints silk; warning
    @(11.0500 mm, 24.5500 mm): Segment of TP4 on F.Silkscreen
    @(13.3400 mm, 24.2000 mm): Reference field of C28
[silk_overlap]: Silkscreen clearance
    Rule: board setup constraints silk; warning
    @(11.8400 mm, 24.2000 mm): Reference field of C27
    @(11.0500 mm, 24.5500 mm): Segment of TP4 on F.Silkscreen
[silk_overlap]: Silkscreen clearance
    Rule: board setup constraints silk; warning
    @(9.5000 mm, 23.8520 mm): Reference field of TP3
    @(11.3400 mm, 24.1000 mm): Reference field of C22
[silk_overlap]: Silkscreen clearance
    Rule: board setup constraints silk; warning
    @(11.3400 mm, 24.1000 mm): Reference field of C22
    @(11.0500 mm, 26.4500 mm): Segment of TP4 on F.Silkscreen
[silk_overlap]: Silkscreen clearance
    Rule: board setup constraints silk; warning
    @(11.3400 mm, 24.1000 mm): Reference field of C22
    @(10.3400 mm, 22.5000 mm): Reference field of C30
[silk_overlap]: Silkscreen clearance
    Rule: board setup constraints silk; warning
    @(12.0000 mm, 23.8520 mm): Reference field of TP4
    @(10.3400 mm, 22.5000 mm): Reference field of C30
[silk_overlap]: Silkscreen clearance
    Rule: board setup constraints silk; warning
    @(9.5000 mm, 23.8520 mm): Reference field of TP3
    @(12.0000 mm, 23.8520 mm): Reference field of TP4
[silk_overlap]: Silkscreen clearance
    Rule: board setup constraints silk; warning
    @(9.5000 mm, 23.8520 mm): Reference field of TP3
    @(10.3600 mm, 24.2078 mm): Segment of C21 on F.Silkscreen
[silk_overlap]: Silkscreen clearance
    Rule: board setup constraints silk; warning
    @(16.3400 mm, 9.0000 mm): Reference field of C6
    @(17.0000 mm, 8.9500 mm): Reference field of Q1
[silk_overlap]: Silkscreen clearance
    Rule: board setup constraints silk; warning
    @(17.5000 mm, 9.5700 mm): Reference field of FB1
    @(17.0000 mm, 8.9500 mm): Reference field of Q1
[silk_overlap]: Silkscreen clearance
    Rule: board setup constraints silk; warning
    @(17.5000 mm, 9.5700 mm): Reference field of FB1
    @(15.3750 mm, 9.8750 mm): Segment of Q1 on F.Silkscreen
[silk_overlap]: Silkscreen clearance
    Rule: board setup constraints silk; warning
    @(16.3400 mm, 9.0000 mm): Reference field of C6
    @(17.5000 mm, 9.5700 mm): Reference field of FB1
[silk_overlap]: Silkscreen clearance
    Rule: board setup constraints silk; warning
    @(17.5000 mm, 9.5700 mm): Reference field of FB1
    @(17.1400 mm, 9.1078 mm): Segment of C6 on F.Silkscreen
[silk_overlap]: Silkscreen clearance
    Rule: board setup constraints silk; warning
    @(16.8600 mm, 8.6078 mm): Segment of C10 on F.Silkscreen
    @(17.0000 mm, 8.9500 mm): Reference field of Q1
[silk_overlap]: Silkscreen clearance
    Rule: board setup constraints silk; warning
    @(16.3400 mm, 9.0000 mm): Reference field of C6
    @(16.8600 mm, 8.6078 mm): Segment of C10 on F.Silkscreen
[silk_overlap]: Silkscreen clearance
    Rule: board setup constraints silk; warning
    @(17.8400 mm, 11.0000 mm): Reference field of C9
    @(18.8300 mm, 10.5000 mm): Reference field of R11
[silk_overlap]: Silkscreen clearance
    Rule: board setup constraints silk; warning
    @(18.8300 mm, 10.5000 mm): Reference field of R11
    @(18.6400 mm, 11.1078 mm): Segment of C9 on F.Silkscreen
[silk_overlap]: Silkscreen clearance
    Rule: board setup constraints silk; warning
    @(18.8300 mm, 10.5000 mm): Reference field of R11
    @(17.5000 mm, 9.5700 mm): Reference field of FB1
[silk_overlap]: Silkscreen clearance
    Rule: board setup constraints silk; warning
    @(18.6250 mm, 9.8750 mm): Segment of Q1 on F.Silkscreen
    @(18.8300 mm, 10.5000 mm): Reference field of R11
[silk_overlap]: Silkscreen clearance
    Rule: board setup constraints silk; warning
    @(18.8300 mm, 10.5000 mm): Reference field of R11
    @(15.3750 mm, 9.8750 mm): Segment of Q1 on F.Silkscreen
[silk_overlap]: Silkscreen clearance
    Rule: board setup constraints silk; warning
    @(17.8600 mm, 12.6078 mm): Segment of C8 on F.Silkscreen
    @(17.5000 mm, 12.9500 mm): Reference field of L2
[silk_overlap]: Silkscreen clearance
    Rule: board setup constraints silk; warning
    @(18.6250 mm, 9.8750 mm): Segment of Q1 on F.Silkscreen
    @(17.5000 mm, 9.5700 mm): Reference field of FB1
[silk_overlap]: Silkscreen clearance
    Rule: board setup constraints silk; warning
    @(14.9000 mm, 10.0500 mm): Polygon of Q1 on F.Silkscreen
    @(15.3400 mm, 8.5000 mm): Reference field of C10
[silk_overlap]: Silkscreen clearance
    Rule: board setup constraints silk; warning
    @(15.6350 mm, 9.8900 mm): Segment of U1 on F.Silkscreen
    @(15.3750 mm, 9.8750 mm): Segment of Q1 on F.Silkscreen
[silk_overlap]: Silkscreen clearance
    Rule: board setup constraints silk; warning
    @(15.3750 mm, 9.8750 mm): Segment of Q1 on F.Silkscreen
    @(16.1100 mm, 9.8900 mm): Segment of U1 on F.Silkscreen
[silk_overlap]: Silkscreen clearance
    Rule: board setup constraints silk; warning
    @(16.3400 mm, 9.0000 mm): Reference field of C6
    @(15.3750 mm, 9.8750 mm): Segment of Q1 on F.Silkscreen
[silk_overlap]: Silkscreen clearance
    Rule: board setup constraints silk; warning
    @(15.3400 mm, 8.5000 mm): Reference field of C10
    @(15.3750 mm, 9.8750 mm): Segment of Q1 on F.Silkscreen
[silk_overlap]: Silkscreen clearance
    Rule: board setup constraints silk; warning
    @(15.3400 mm, 8.5000 mm): Reference field of C10
    @(15.3750 mm, 9.8750 mm): Segment of Q1 on F.Silkscreen
[silk_overlap]: Silkscreen clearance
    Rule: board setup constraints silk; warning
    @(16.3400 mm, 9.0000 mm): Reference field of C6
    @(15.3400 mm, 8.5000 mm): Reference field of C10
[silk_overlap]: Silkscreen clearance
    Rule: board setup constraints silk; warning
    @(16.3400 mm, 9.0000 mm): Reference field of C6
    @(15.6350 mm, 9.8900 mm): Segment of U1 on F.Silkscreen
[silk_overlap]: Silkscreen clearance
    Rule: board setup constraints silk; warning
    @(16.3400 mm, 9.0000 mm): Reference field of C6
    @(16.1100 mm, 9.8900 mm): Segment of U1 on F.Silkscreen
[silk_overlap]: Silkscreen clearance
    Rule: board setup constraints silk; warning
    @(15.3400 mm, 8.5000 mm): Reference field of C10
    @(15.5100 mm, 8.6406 mm): Segment of C5 on F.Silkscreen
[silk_overlap]: Silkscreen clearance
    Rule: board setup constraints silk; warning
    @(15.3400 mm, 8.5000 mm): Reference field of C10
    @(15.1600 mm, 6.3000 mm): Segment of J1 on F.Silkscreen
[silk_overlap]: Silkscreen clearance
    Rule: board setup constraints silk; warning
    @(16.1400 mm, 8.6078 mm): Segment of C10 on F.Silkscreen
    @(17.0000 mm, 8.9500 mm): Reference field of Q1
[silk_overlap]: Silkscreen clearance
    Rule: board setup constraints silk; warning
    @(16.3400 mm, 9.0000 mm): Reference field of C6
    @(16.1400 mm, 8.6078 mm): Segment of C10 on F.Silkscreen
[silk_overlap]: Silkscreen clearance
    Rule: board setup constraints silk; warning
    @(17.8400 mm, 11.0000 mm): Reference field of C9
    @(17.3372 mm, 10.4900 mm): Segment of FB1 on F.Silkscreen
[silk_overlap]: Silkscreen clearance
    Rule: board setup constraints silk; warning
    @(17.3372 mm, 11.5100 mm): Segment of FB1 on F.Silkscreen
    @(17.8400 mm, 11.0000 mm): Reference field of C9
[silk_overlap]: Silkscreen clearance
    Rule: board setup constraints silk; warning
    @(17.5000 mm, 12.9500 mm): Reference field of L2
    @(15.3750 mm, 13.1250 mm): Segment of Q1 on F.Silkscreen
[silk_overlap]: Silkscreen clearance
    Rule: board setup constraints silk; warning
    @(16.3400 mm, 12.5000 mm): Reference field of C8
    @(15.3750 mm, 13.1250 mm): Segment of Q1 on F.Silkscreen
[silk_overlap]: Silkscreen clearance
    Rule: board setup constraints silk; warning
    @(17.1004 mm, 13.9400 mm): Segment of L2 on F.Silkscreen
    @(17.5100 mm, 14.1406 mm): Segment of C7 on F.Silkscreen
[silk_overlap]: Silkscreen clearance
    Rule: board setup constraints silk; warning
    @(18.6250 mm, 12.9500 mm): Segment of Q1 on F.Silkscreen
    @(18.7400 mm, 12.9400 mm): Segment of U4 on F.Silkscreen
[silk_overlap]: Silkscreen clearance
    Rule: board setup constraints silk; warning
    @(16.3400 mm, 12.5000 mm): Reference field of C8
    @(17.5000 mm, 12.9500 mm): Reference field of L2
[silk_overlap]: Silkscreen clearance
    Rule: board setup constraints silk; warning
    @(19.5000 mm, 15.9000 mm): Reference field of U4
    @(18.3300 mm, 15.5000 mm): Reference field of R1
[silk_overlap]: Silkscreen clearance
    Rule: board setup constraints silk; warning
    @(19.8800 mm, 15.6536 mm): Segment of R1 on F.Silkscreen
    @(19.5000 mm, 15.9000 mm): Reference field of U4
[silk_overlap]: Silkscreen clearance
    Rule: board setup constraints silk; warning
    @(20.2600 mm, 15.0600 mm): Segment of U4 on F.Silkscreen
    @(18.3300 mm, 15.5000 mm): Reference field of R1
[silk_overlap]: Silkscreen clearance
    Rule: board setup constraints silk; warning
    @(18.3300 mm, 15.5000 mm): Reference field of R1
    @(18.7400 mm, 15.0600 mm): Segment of U4 on F.Silkscreen
[silk_overlap]: Silkscreen clearance
    Rule: board setup constraints silk; warning
    @(18.3300 mm, 15.5000 mm): Reference field of R1
    @(17.1004 mm, 15.0600 mm): Segment of L2 on F.Silkscreen
[silk_overlap]: Silkscreen clearance
    Rule: board setup constraints silk; warning
    @(17.1004 mm, 15.0600 mm): Segment of L2 on F.Silkscreen
    @(16.8400 mm, 15.5000 mm): Reference field of C11
[silk_overlap]: Silkscreen clearance
    Rule: board setup constraints silk; warning
    @(19.5000 mm, 18.8000 mm): Reference field of U2
    @(18.8300 mm, 17.5000 mm): Reference field of R4
[silk_overlap]: Silkscreen clearance
    Rule: board setup constraints silk; warning
    @(16.8800 mm, 21.0000 mm): Polygon of U2 on F.Silkscreen
    @(15.5000 mm, 20.8520 mm): Reference field of TP8
[silk_overlap]: Silkscreen clearance
    Rule: board setup constraints silk; warning
    @(16.8400 mm, 15.5000 mm): Reference field of C11
    @(17.3300 mm, 17.5000 mm): Reference field of R3
[silk_overlap]: Silkscreen clearance
    Rule: board setup constraints silk; warning
    @(18.8800 mm, 17.6536 mm): Segment of R3 on F.Silkscreen
    @(18.8300 mm, 17.5000 mm): Reference field of R4
[silk_overlap]: Silkscreen clearance
    Rule: board setup constraints silk; warning
    @(20.0500 mm, 18.5000 mm): Reference field of SW3
    @(19.6200 mm, 17.6536 mm): Segment of R4 on F.Silkscreen
[silk_overlap]: Silkscreen clearance
    Rule: board setup constraints silk; warning
    @(20.0500 mm, 18.5000 mm): Reference field of SW3
    @(19.5000 mm, 18.8000 mm): Reference field of U2
[silk_overlap]: Silkscreen clearance
    Rule: board setup constraints silk; warning
    @(20.0500 mm, 18.5000 mm): Reference field of SW3
    @(20.3800 mm, 17.6536 mm): Segment of R4 on F.Silkscreen
[silk_overlap]: Silkscreen clearance
    Rule: board setup constraints silk; warning
    @(16.8800 mm, 16.6536 mm): Segment of R9 on F.Silkscreen
    @(17.3300 mm, 17.5000 mm): Reference field of R3
[silk_overlap]: Silkscreen clearance
    Rule: board setup constraints silk; warning
    @(16.8800 mm, 16.6536 mm): Segment of R9 on F.Silkscreen
    @(16.8400 mm, 15.5000 mm): Reference field of C11
[silk_overlap]: Silkscreen clearance
    Rule: board setup constraints silk; warning
    @(16.1100 mm, 16.6350 mm): Segment of U1 on F.Silkscreen
    @(16.1200 mm, 16.6536 mm): Segment of R9 on F.Silkscreen
[silk_overlap]: Silkscreen clearance
    Rule: board setup constraints silk; warning
    @(15.5000 mm, 20.8520 mm): Reference field of TP8
    @(14.5700 mm, 21.1000 mm): Reference field of C17
[silk_overlap]: Silkscreen clearance
    Rule: board setup constraints silk; warning
    @(14.5700 mm, 21.1000 mm): Reference field of C17
    @(14.1400 mm, 21.2078 mm): Segment of C26 on F.Silkscreen
[silk_overlap]: Silkscreen clearance
    Rule: board setup constraints silk; warning
    @(15.4900 mm, 21.2406 mm): Segment of C17 on F.Silkscreen
    @(15.5000 mm, 20.8520 mm): Reference field of TP8
[silk_overlap]: Silkscreen clearance
    Rule: board setup constraints silk; warning
    @(15.5000 mm, 20.8520 mm): Reference field of TP8
    @(16.5100 mm, 21.2406 mm): Segment of C17 on F.Silkscreen
[silk_overlap]: Silkscreen clearance
    Rule: board setup constraints silk; warning
    @(14.8600 mm, 21.2078 mm): Segment of C26 on F.Silkscreen
    @(14.5700 mm, 21.1000 mm): Reference field of C17
[silk_overlap]: Silkscreen clearance
    Rule: board setup constraints silk; warning
    @(14.5500 mm, 23.4500 mm): Segment of TP8 on F.Silkscreen
    @(14.5700 mm, 21.1000 mm): Reference field of C17
[silk_overlap]: Silkscreen clearance
    Rule: board setup constraints silk; warning
    @(14.5700 mm, 21.1000 mm): Reference field of C17
    @(14.3600 mm, 22.6078 mm): Segment of C32 on F.Silkscreen
[silk_overlap]: Silkscreen clearance
    Rule: board setup constraints silk; warning
    @(14.5500 mm, 23.4500 mm): Segment of TP8 on F.Silkscreen
    @(14.8400 mm, 24.2000 mm): Reference field of C18
[silk_overlap]: Silkscreen clearance
    Rule: board setup constraints silk; warning
    @(14.5500 mm, 23.4500 mm): Segment of TP8 on F.Silkscreen
    @(14.5000 mm, 23.8520 mm): Reference field of TP5
[silk_overlap]: Silkscreen clearance
    Rule: board setup constraints silk; warning
    @(14.5500 mm, 23.4500 mm): Segment of TP8 on F.Silkscreen
    @(15.5000 mm, 23.8520 mm): Reference field of TP9
[silk_overlap]: Silkscreen clearance
    Rule: board setup constraints silk; warning
    @(14.8400 mm, 24.2000 mm): Reference field of C18
    @(14.5000 mm, 23.8520 mm): Reference field of TP5
[silk_overlap]: Silkscreen clearance
    Rule: board setup constraints silk; warning
    @(14.5000 mm, 23.8520 mm): Reference field of TP5
    @(15.5000 mm, 23.8520 mm): Reference field of TP9
[silk_overlap]: Silkscreen clearance
    Rule: board setup constraints silk; warning
    @(14.8400 mm, 24.2000 mm): Reference field of C18
    @(15.5000 mm, 23.8520 mm): Reference field of TP9
[silk_overlap]: Silkscreen clearance
    Rule: board setup constraints silk; warning
    @(14.8400 mm, 24.2000 mm): Reference field of C18
    @(16.4500 mm, 23.4500 mm): Segment of TP8 on F.Silkscreen
[silk_overlap]: Silkscreen clearance
    Rule: board setup constraints silk; warning
    @(15.5000 mm, 23.8520 mm): Reference field of TP9
    @(16.4500 mm, 23.4500 mm): Segment of TP8 on F.Silkscreen
[silk_overlap]: Silkscreen clearance
    Rule: board setup constraints silk; warning
    @(14.5000 mm, 23.8520 mm): Reference field of TP5
    @(16.4500 mm, 23.4500 mm): Segment of TP8 on F.Silkscreen
[silk_overlap]: Silkscreen clearance
    Rule: board setup constraints silk; warning
    @(16.4500 mm, 23.4500 mm): Segment of TP8 on F.Silkscreen
    @(17.0000 mm, 23.8520 mm): Reference field of TP10
[silk_overlap]: Silkscreen clearance
    Rule: board setup constraints silk; warning
    @(17.0000 mm, 23.8520 mm): Reference field of TP6
    @(16.4500 mm, 23.4500 mm): Segment of TP8 on F.Silkscreen
[silk_overlap]: Silkscreen clearance
    Rule: board setup constraints silk; warning
    @(17.0000 mm, 23.8520 mm): Reference field of TP6
    @(15.5000 mm, 23.8520 mm): Reference field of TP9
[silk_overlap]: Silkscreen clearance
    Rule: board setup constraints silk; warning
    @(17.0000 mm, 23.8520 mm): Reference field of TP6
    @(17.0000 mm, 23.8520 mm): Reference field of TP10
[silk_overlap]: Silkscreen clearance
    Rule: board setup constraints silk; warning
    @(17.0000 mm, 23.8520 mm): Reference field of TP6
    @(14.5000 mm, 23.8520 mm): Reference field of TP5
[silk_overlap]: Silkscreen clearance
    Rule: board setup constraints silk; warning
    @(15.5000 mm, 23.8520 mm): Reference field of TP9
    @(17.0000 mm, 23.8520 mm): Reference field of TP10
[silk_overlap]: Silkscreen clearance
    Rule: board setup constraints silk; warning
    @(14.5500 mm, 24.5500 mm): Segment of TP9 on F.Silkscreen
    @(16.0500 mm, 26.4500 mm): Segment of TP10 on F.Silkscreen
[silk_overlap]: Silkscreen clearance
    Rule: board setup constraints silk; warning
    @(14.5500 mm, 24.5500 mm): Segment of TP9 on F.Silkscreen
    @(13.5500 mm, 24.5500 mm): Segment of TP5 on F.Silkscreen
[silk_overlap]: Silkscreen clearance
    Rule: board setup constraints silk; warning
    @(14.8400 mm, 24.2000 mm): Reference field of C18
    @(14.5500 mm, 24.5500 mm): Segment of TP9 on F.Silkscreen
[silk_overlap]: Silkscreen clearance
    Rule: board setup constraints silk; warning
    @(15.4500 mm, 24.5500 mm): Segment of TP5 on F.Silkscreen
    @(14.5500 mm, 24.5500 mm): Segment of TP9 on F.Silkscreen
[silk_overlap]: Silkscreen clearance
    Rule: board setup constraints silk; warning
    @(16.0500 mm, 26.4500 mm): Segment of TP6 on F.Silkscreen
    @(14.5500 mm, 24.5500 mm): Segment of TP9 on F.Silkscreen
[silk_overlap]: Silkscreen clearance
    Rule: board setup constraints silk; warning
    @(16.0500 mm, 24.5500 mm): Segment of TP6 on F.Silkscreen
    @(14.5500 mm, 24.5500 mm): Segment of TP9 on F.Silkscreen
[silk_overlap]: Silkscreen clearance
    Rule: board setup constraints silk; warning
    @(14.5500 mm, 24.5500 mm): Segment of TP9 on F.Silkscreen
    @(16.0500 mm, 24.5500 mm): Segment of TP10 on F.Silkscreen
[silk_overlap]: Silkscreen clearance
    Rule: board setup constraints silk; warning
    @(14.5000 mm, 23.8520 mm): Reference field of TP5
    @(17.0000 mm, 23.8520 mm): Reference field of TP10
[silk_overlap]: Silkscreen clearance
    Rule: board setup constraints silk; warning
    @(14.8400 mm, 24.2000 mm): Reference field of C18
    @(17.0000 mm, 23.8520 mm): Reference field of TP10
[silk_overlap]: Silkscreen clearance
    Rule: board setup constraints silk; warning
    @(14.5000 mm, 23.8520 mm): Reference field of TP5
    @(15.6400 mm, 24.3078 mm): Segment of C18 on F.Silkscreen
[silk_overlap]: Silkscreen clearance
    Rule: board setup constraints silk; warning
    @(15.6400 mm, 24.3078 mm): Segment of C18 on F.Silkscreen
    @(17.0000 mm, 23.8520 mm): Reference field of TP10
[silk_overlap]: Silkscreen clearance
    Rule: board setup constraints silk; warning
    @(16.4500 mm, 24.5500 mm): Segment of TP9 on F.Silkscreen
    @(17.9500 mm, 26.4500 mm): Segment of TP6 on F.Silkscreen
[silk_overlap]: Silkscreen clearance
    Rule: board setup constraints silk; warning
    @(16.4500 mm, 24.5500 mm): Segment of TP9 on F.Silkscreen
    @(17.9500 mm, 26.4500 mm): Segment of TP10 on F.Silkscreen
[silk_overlap]: Silkscreen clearance
    Rule: board setup constraints silk; warning
    @(16.0500 mm, 24.5500 mm): Segment of TP6 on F.Silkscreen
    @(16.4500 mm, 24.5500 mm): Segment of TP9 on F.Silkscreen
[silk_overlap]: Silkscreen clearance
    Rule: board setup constraints silk; warning
    @(16.4500 mm, 24.5500 mm): Segment of TP9 on F.Silkscreen
    @(16.0500 mm, 24.5500 mm): Segment of TP10 on F.Silkscreen
[silk_overlap]: Silkscreen clearance
    Rule: board setup constraints silk; warning
    @(16.0500 mm, 26.4500 mm): Segment of TP10 on F.Silkscreen
    @(16.4500 mm, 26.4500 mm): Segment of TP9 on F.Silkscreen
[silk_overlap]: Silkscreen clearance
    Rule: board setup constraints silk; warning
    @(15.4500 mm, 24.5500 mm): Segment of TP5 on F.Silkscreen
    @(16.4500 mm, 26.4500 mm): Segment of TP9 on F.Silkscreen
[silk_overlap]: Silkscreen clearance
    Rule: board setup constraints silk; warning
    @(15.4500 mm, 26.4500 mm): Segment of TP5 on F.Silkscreen
    @(16.4500 mm, 26.4500 mm): Segment of TP9 on F.Silkscreen
[silk_overlap]: Silkscreen clearance
    Rule: board setup constraints silk; warning
    @(16.0500 mm, 26.4500 mm): Segment of TP6 on F.Silkscreen
    @(16.4500 mm, 26.4500 mm): Segment of TP9 on F.Silkscreen
[silk_overlap]: Silkscreen clearance
    Rule: board setup constraints silk; warning
    @(17.9500 mm, 26.4500 mm): Segment of TP6 on F.Silkscreen
    @(16.4500 mm, 26.4500 mm): Segment of TP9 on F.Silkscreen
[silk_overlap]: Silkscreen clearance
    Rule: board setup constraints silk; warning
    @(17.9500 mm, 26.4500 mm): Segment of TP10 on F.Silkscreen
    @(16.4500 mm, 26.4500 mm): Segment of TP9 on F.Silkscreen
[silk_overlap]: Silkscreen clearance
    Rule: board setup constraints silk; warning
    @(16.0500 mm, 26.4500 mm): Segment of TP6 on F.Silkscreen
    @(16.0500 mm, 26.4500 mm): Segment of TP10 on F.Silkscreen
[silk_overlap]: Silkscreen clearance
    Rule: board setup constraints silk; warning
    @(16.0500 mm, 26.4500 mm): Segment of TP10 on F.Silkscreen
    @(17.9500 mm, 26.4500 mm): Segment of TP6 on F.Silkscreen
[silk_overlap]: Silkscreen clearance
    Rule: board setup constraints silk; warning
    @(16.0500 mm, 24.5500 mm): Segment of TP6 on F.Silkscreen
    @(16.0500 mm, 26.4500 mm): Segment of TP10 on F.Silkscreen
[silk_overlap]: Silkscreen clearance
    Rule: board setup constraints silk; warning
    @(14.5000 mm, 23.8520 mm): Reference field of TP5
    @(14.1400 mm, 24.3078 mm): Segment of C28 on F.Silkscreen
[silk_overlap]: Silkscreen clearance
    Rule: board setup constraints silk; warning
    @(14.8400 mm, 24.2000 mm): Reference field of C18
    @(13.5500 mm, 24.5500 mm): Segment of TP5 on F.Silkscreen
[silk_overlap]: Silkscreen clearance
    Rule: board setup constraints silk; warning
    @(14.5500 mm, 26.4500 mm): Segment of TP9 on F.Silkscreen
    @(13.5500 mm, 24.5500 mm): Segment of TP5 on F.Silkscreen
[silk_overlap]: Silkscreen clearance
    Rule: board setup constraints silk; warning
    @(14.8400 mm, 24.2000 mm): Reference field of C18
    @(14.8600 mm, 24.3078 mm): Segment of C28 on F.Silkscreen
[silk_overlap]: Silkscreen clearance
    Rule: board setup constraints silk; warning
    @(14.8400 mm, 24.2000 mm): Reference field of C18
    @(14.5500 mm, 26.4500 mm): Segment of TP9 on F.Silkscreen
[silk_overlap]: Silkscreen clearance
    Rule: board setup constraints silk; warning
    @(14.5500 mm, 26.4500 mm): Segment of TP9 on F.Silkscreen
    @(15.4500 mm, 26.4500 mm): Segment of TP5 on F.Silkscreen
[silk_overlap]: Silkscreen clearance
    Rule: board setup constraints silk; warning
    @(13.3400 mm, 24.2000 mm): Reference field of C28
    @(13.5500 mm, 26.4500 mm): Segment of TP5 on F.Silkscreen
[silk_overlap]: Silkscreen clearance
    Rule: board setup constraints silk; warning
    @(16.3600 mm, 24.3078 mm): Segment of C18 on F.Silkscreen
    @(15.5000 mm, 23.8520 mm): Reference field of TP9
[silk_overlap]: Silkscreen clearance
    Rule: board setup constraints silk; warning
    @(15.5000 mm, 23.8520 mm): Reference field of TP9
    @(16.4500 mm, 21.5500 mm): Segment of TP8 on F.Silkscreen
[silk_overlap]: Silkscreen clearance
    Rule: board setup constraints silk; warning
    @(17.0000 mm, 23.8520 mm): Reference field of TP10
    @(16.4500 mm, 21.5500 mm): Segment of TP8 on F.Silkscreen
[silk_over_copper]: Silkscreen clipped by solder mask
    Local override; warning
    @(10.5000 mm, 16.5000 mm): Reference field of Y1
    @(12.5000 mm, 13.5000 mm): Pad 49 [GND] of U1 on F.Cu
[silk_over_copper]: Silkscreen clipped by solder mask
    Local override; warning
    @(10.5000 mm, 16.5000 mm): Reference field of Y1
    @(10.7500 mm, 16.9375 mm): Pad 15 [LCD_MOSI] of U1 on F.Cu
[silk_over_copper]: Silkscreen clipped by solder mask
    Local override; warning
    @(7.5000 mm, 14.6500 mm): Reference field of FL1
    @(8.2500 mm, 14.5000 mm): Pad 1 [X32K_1] of Y2 on F.Cu
[silk_over_copper]: Silkscreen clipped by solder mask
    Local override; warning
    @(7.5000 mm, 14.6500 mm): Reference field of FL1
    @(9.0625 mm, 15.2500 mm): Pad 10 [SDA] of U1 on F.Cu
[silk_over_copper]: Silkscreen clipped by solder mask
    Local override; warning
    @(6.5000 mm, 15.5000 mm): Reference field of R2
    @(5.7500 mm, 14.5000 mm): Pad 2 [X32K_2] of Y2 on F.Cu
[silk_over_copper]: Silkscreen clipped by solder mask
    Local override; warning
    @(6.5000 mm, 15.5000 mm): Reference field of R2
    @(7.0000 mm, 15.6500 mm): Pad 1 [RF_UNBAL] of FL1 on F.Cu
[silk_over_copper]: Silkscreen clipped by solder mask
    Local override; warning
    @(6.5000 mm, 15.5000 mm): Reference field of R2
    @(7.0000 mm, 16.3500 mm): Pad 4 [RF_P] of FL1 on F.Cu
[silk_over_copper]: Silkscreen clipped by solder mask
    Local override; warning
    @(7.0500 mm, 15.4500 mm): Segment of FL1 on F.Silkscreen
    @(8.0000 mm, 15.6500 mm): Pad 3 [RF_N] of FL1 on F.Cu
[silk_over_copper]: Silkscreen clipped by solder mask
    Local override; warning
    @(7.0500 mm, 15.4500 mm): Segment of FL1 on F.Silkscreen
    @(7.0000 mm, 15.6500 mm): Pad 1 [RF_UNBAL] of FL1 on F.Cu
[silk_over_copper]: Silkscreen clipped by solder mask
    Local override; warning
    @(7.0500 mm, 15.4500 mm): Segment of FL1 on F.Silkscreen
    @(8.2500 mm, 14.5000 mm): Pad 1 [X32K_1] of Y2 on F.Cu
[silk_over_copper]: Silkscreen clipped by solder mask
    Local override; warning
    @(7.0500 mm, 15.4500 mm): Segment of FL1 on F.Silkscreen
    @(7.5000 mm, 15.6500 mm): Pad 2 [GND] of FL1 on F.Cu
[silk_over_copper]: Silkscreen clipped by solder mask
    Local override; warning
    @(7.0500 mm, 16.5500 mm): Segment of FL1 on F.Silkscreen
    @(7.0000 mm, 16.3500 mm): Pad 4 [RF_P] of FL1 on F.Cu
[silk_over_copper]: Silkscreen clipped by solder mask
    Local override; warning
    @(7.0500 mm, 16.5500 mm): Segment of FL1 on F.Silkscreen
    @(7.5000 mm, 16.3500 mm): Pad 5 [GND] of FL1 on F.Cu
[silk_over_copper]: Silkscreen clipped by solder mask
    Local override; warning
    @(7.0500 mm, 16.5500 mm): Segment of FL1 on F.Silkscreen
    @(8.0000 mm, 16.3500 mm): Pad 6 [GND] of FL1 on F.Cu
[silk_over_copper]: Silkscreen clipped by solder mask
    Local override; warning
    @(11.8400 mm, 21.1000 mm): Reference field of C25
    @(12.5000 mm, 20.2250 mm): Pad 2 [AC1] of C20 on F.Cu
[silk_over_copper]: Silkscreen clipped by solder mask
    Local override; warning
    @(11.0700 mm, 21.0000 mm): Reference field of C20
    @(10.0000 mm, 20.2250 mm): Pad 2 [AC1] of C19 on F.Cu
[silk_over_copper]: Silkscreen clipped by solder mask
    Local override; warning
    @(4.0000 mm, 13.5200 mm): Reference field of C15
    @(4.5000 mm, 14.0200 mm): Pad 2 [GND] of C12 on F.Cu
[silk_over_copper]: Silkscreen clipped by solder mask
    Local override; warning
    @(4.0000 mm, 13.5200 mm): Reference field of C15
    @(4.5000 mm, 14.9800 mm): Pad 1 [X32K_1] of C12 on F.Cu
[silk_over_copper]: Silkscreen clipped by solder mask
    Local override; warning
    @(4.0000 mm, 13.5200 mm): Reference field of C15
    @(3.3000 mm, 13.0500 mm): Pad 1 [BTN_1] of SW1 on F.Cu
[silk_over_copper]: Silkscreen clipped by solder mask
    Local override; warning
    @(10.5000 mm, 16.5000 mm): Reference field of Y1
    @(11.2500 mm, 16.9375 mm): Pad 16 [LCD_SCLK] of U1 on F.Cu
[silk_over_copper]: Silkscreen clipped by solder mask
    Local override; warning
    @(11.8400 mm, 18.0000 mm): Reference field of C23
    @(11.2500 mm, 16.9375 mm): Pad 16 [LCD_SCLK] of U1 on F.Cu
[silk_over_copper]: Silkscreen clipped by solder mask
    Local override; warning
    @(11.8400 mm, 18.0000 mm): Reference field of C23
    @(11.7500 mm, 16.9375 mm): Pad 17 [LCD_CS] of U1 on F.Cu
[silk_over_copper]: Silkscreen clipped by solder mask
    Local override; warning
    @(13.3400 mm, 18.0000 mm): Reference field of C24
    @(13.2500 mm, 16.9375 mm): Pad 20 [NFC_GPO] of U1 on F.Cu
[silk_over_copper]: Silkscreen clipped by solder mask
    Local override; warning
    @(13.3400 mm, 18.0000 mm): Reference field of C24
    @(13.7500 mm, 16.9375 mm): Pad 21 [BTN_1] of U1 on F.Cu
[silk_over_copper]: Silkscreen clipped by solder mask
    Local override; warning
    @(13.3400 mm, 18.0000 mm): Reference field of C24
    @(12.7500 mm, 16.9375 mm): Pad 19 [LCD_EXTCOMIN] of U1 on F.Cu
[silk_over_copper]: Silkscreen clipped by solder mask
    Local override; warning
    @(13.3400 mm, 18.0000 mm): Reference field of C24
    @(13.0000 mm, 17.5200 mm): Pad 2 [AC1] of C23 on F.Cu
[silk_over_copper]: Silkscreen clipped by solder mask
    Local override; warning
    @(11.8400 mm, 18.0000 mm): Reference field of C23
    @(12.2500 mm, 16.9375 mm): Pad 18 [LCD_DISP] of U1 on F.Cu
[silk_over_copper]: Silkscreen clipped by solder mask
    Local override; warning
    @(11.8400 mm, 21.1000 mm): Reference field of C25
    @(12.5000 mm, 21.7750 mm): Pad 1 [COIL1] of C20 on F.Cu
[silk_over_copper]: Silkscreen clipped by solder mask
    Local override; warning
    @(11.8400 mm, 21.1000 mm): Reference field of C25
    @(11.5000 mm, 22.0200 mm): Pad 2 [GND] of C30 on F.Cu
[silk_over_copper]: Silkscreen clipped by solder mask
    Local override; warning
    @(11.0700 mm, 21.0000 mm): Reference field of C20
    @(11.5000 mm, 22.0200 mm): Pad 2 [GND] of C30 on F.Cu
[silk_over_copper]: Silkscreen clipped by solder mask
    Local override; warning
    @(12.8400 mm, 22.5000 mm): Reference field of C32
    @(12.5000 mm, 21.7750 mm): Pad 1 [COIL1] of C20 on F.Cu
[silk_over_copper]: Silkscreen clipped by solder mask
    Local override; warning
    @(13.3400 mm, 21.1000 mm): Reference field of C26
    @(12.5000 mm, 21.7750 mm): Pad 1 [COIL1] of C20 on F.Cu
[silk_over_copper]: Silkscreen clipped by solder mask
    Local override; warning
    @(13.3400 mm, 21.1000 mm): Reference field of C26
    @(13.0000 mm, 21.5800 mm): Pad 1 [CLAMP1] of C25 on F.Cu
[silk_over_copper]: Silkscreen clipped by solder mask
    Local override; warning
    @(13.3400 mm, 21.1000 mm): Reference field of C26
    @(13.0000 mm, 20.6200 mm): Pad 2 [AC1] of C25 on F.Cu
[silk_over_copper]: Silkscreen clipped by solder mask
    Local override; warning
    @(12.8400 mm, 22.5000 mm): Reference field of C32
    @(13.0000 mm, 21.5800 mm): Pad 1 [CLAMP1] of C25 on F.Cu
[silk_over_copper]: Silkscreen clipped by solder mask
    Local override; warning
    @(11.0700 mm, 21.0000 mm): Reference field of C20
    @(10.0000 mm, 21.7750 mm): Pad 1 [COIL1] of C19 on F.Cu
[silk_over_copper]: Silkscreen clipped by solder mask
    Local override; warning
    @(10.3400 mm, 22.5000 mm): Reference field of C30
    @(10.0000 mm, 21.7750 mm): Pad 1 [COIL1] of C19 on F.Cu
[silk_over_copper]: Silkscreen clipped by solder mask
    Local override; warning
    @(13.0100 mm, 21.1406 mm): Segment of C20 on F.Silkscreen
    @(13.0000 mm, 20.6200 mm): Pad 2 [AC1] of C25 on F.Cu
[silk_over_copper]: Silkscreen clipped by solder mask
    Local override; warning
    @(13.3400 mm, 21.1000 mm): Reference field of C26
    @(12.5000 mm, 20.2250 mm): Pad 2 [AC1] of C20 on F.Cu
[silk_over_copper]: Silkscreen clipped by solder mask
    Local override; warning
    @(13.3400 mm, 18.0000 mm): Reference field of C24
    @(13.0000 mm, 18.4800 mm): Pad 1 [BOOT1] of C23 on F.Cu
[silk_over_copper]: Silkscreen clipped by solder mask
    Local override; warning
    @(11.8400 mm, 18.0000 mm): Reference field of C23
    @(11.5000 mm, 18.9500 mm): Pad 2 [GND] of Y1 on F.Cu
[silk_over_copper]: Silkscreen clipped by solder mask
    Local override; warning
    @(11.8400 mm, 18.0000 mm): Reference field of C23
    @(11.5000 mm, 18.0500 mm): Pad 3 [X48M_P] of Y1 on F.Cu
[silk_over_copper]: Silkscreen clipped by solder mask
    Local override; warning
    @(2.0000 mm, 20.5000 mm): Reference field of BT1
    @(2.5000 mm, 20.0000 mm): Pad 1 [MOT_N] of TP14 on F.Cu
[silk_over_copper]: Silkscreen clipped by solder mask
    Local override; warning
    @(6.5000 mm, 21.3520 mm): Reference field of TP11
    @(6.0000 mm, 20.4800 mm): Pad 1 [RF_UNBAL] of C14 on F.Cu
[silk_over_copper]: Silkscreen clipped by solder mask
    Local override; warning
    @(5.5500 mm, 22.0500 mm): Segment of TP11 on F.Silkscreen
    @(5.0000 mm, 22.5000 mm): Pad 1 [VBAT] of BT1 on F.Cu
[silk_over_copper]: Silkscreen clipped by solder mask
    Local override; warning
    @(3.4500 mm, 19.0500 mm): Segment of TP14 on F.Silkscreen
    @(5.0000 mm, 18.5000 mm): Pad 2 [BATN] of BT1 on F.Cu
[silk_over_copper]: Silkscreen clipped by solder mask
    Local override; warning
    @(2.5000 mm, 16.8520 mm): Reference field of TP13
    @(2.0000 mm, 16.0000 mm): Pad 1 [ANT_FEED] of AE1 on F.Cu
[silk_over_copper]: Silkscreen clipped by solder mask
    Local override; warning
    @(2.5000 mm, 18.3520 mm): Reference field of TP14
    @(2.5000 mm, 18.5000 mm): Pad 1 [MOT_P] of TP13 on F.Cu
[silk_over_copper]: Silkscreen clipped by solder mask
    Local override; warning
    @(1.5500 mm, 17.5500 mm): Segment of TP13 on F.Silkscreen
    @(5.0000 mm, 18.5000 mm): Pad 2 [BATN] of BT1 on F.Cu
[silk_over_copper]: Silkscreen clipped by solder mask
    Local override; warning
    @(3.4500 mm, 17.5500 mm): Segment of TP13 on F.Silkscreen
    @(5.0000 mm, 18.5000 mm): Pad 2 [BATN] of BT1 on F.Cu
[silk_over_copper]: Silkscreen clipped by solder mask
    Local override; warning
    @(3.4500 mm, 19.4500 mm): Segment of TP13 on F.Silkscreen
    @(2.5000 mm, 20.0000 mm): Pad 1 [MOT_N] of TP14 on F.Cu
[silk_over_copper]: Silkscreen clipped by solder mask
    Local override; warning
    @(3.4500 mm, 19.4500 mm): Segment of TP13 on F.Silkscreen
    @(5.0000 mm, 18.5000 mm): Pad 2 [BATN] of BT1 on F.Cu
[silk_over_copper]: Silkscreen clipped by solder mask
    Local override; warning
    @(1.5500 mm, 19.0500 mm): Segment of TP14 on F.Silkscreen
    @(2.5000 mm, 18.5000 mm): Pad 1 [MOT_P] of TP13 on F.Cu
[silk_over_copper]: Silkscreen clipped by solder mask
    Local override; warning
    @(1.5500 mm, 19.0500 mm): Segment of TP14 on F.Silkscreen
    @(5.0000 mm, 18.5000 mm): Pad 2 [BATN] of BT1 on F.Cu
[silk_over_copper]: Silkscreen clipped by solder mask
    Local override; warning
    @(6.0000 mm, 17.0000 mm): Reference field of C14
    @(5.5000 mm, 16.5100 mm): Pad 1 [RF_UNBAL] of R2 on F.Cu
[silk_over_copper]: Silkscreen clipped by solder mask
    Local override; warning
    @(2.5000 mm, 16.8520 mm): Reference field of TP13
    @(4.0000 mm, 16.9800 mm): Pad 1 [ANT_FEED] of C15 on F.Cu
[silk_over_copper]: Silkscreen clipped by solder mask
    Local override; warning
    @(2.5000 mm, 16.8520 mm): Reference field of TP13
    @(4.0000 mm, 16.0200 mm): Pad 2 [GND] of C15 on F.Cu
[silk_over_copper]: Silkscreen clipped by solder mask
    Local override; warning
    @(3.7000 mm, 18.5000 mm): Footprint text of BT1 (-)
    @(5.0000 mm, 18.5000 mm): Pad 2 [BATN] of BT1 on F.Cu
[silk_over_copper]: Silkscreen clipped by solder mask
    Local override; warning
    @(6.0000 mm, 17.0000 mm): Reference field of C14
    @(5.0000 mm, 18.5000 mm): Pad 2 [BATN] of BT1 on F.Cu
[silk_over_copper]: Silkscreen clipped by solder mask
    Local override; warning
    @(2.5000 mm, 18.3520 mm): Reference field of TP14
    @(5.0000 mm, 18.5000 mm): Pad 2 [BATN] of BT1 on F.Cu
[silk_over_copper]: Silkscreen clipped by solder mask
    Local override; warning
    @(3.7000 mm, 22.5000 mm): Footprint text of BT1 (+)
    @(5.0000 mm, 22.5000 mm): Pad 1 [VBAT] of BT1 on F.Cu
[silk_over_copper]: Silkscreen clipped by solder mask
    Local override; warning
    @(6.5000 mm, 21.3520 mm): Reference field of TP11
    @(5.0000 mm, 22.5000 mm): Pad 1 [VBAT] of BT1 on F.Cu
[silk_over_copper]: Silkscreen clipped by solder mask
    Local override; warning
    @(7.4500 mm, 22.0500 mm): Segment of TP11 on F.Silkscreen
    @(8.0000 mm, 23.5000 mm): Pad 1 [GND] of TP12 on F.Cu
[silk_over_copper]: Silkscreen clipped by solder mask
    Local override; warning
    @(7.4500 mm, 23.9500 mm): Segment of TP11 on F.Silkscreen
    @(8.0000 mm, 23.5000 mm): Pad 1 [GND] of TP12 on F.Cu
[silk_over_copper]: Silkscreen clipped by solder mask
    Local override; warning
    @(8.0000 mm, 21.8520 mm): Reference field of TP12
    @(5.0000 mm, 22.5000 mm): Pad 1 [VBAT] of BT1 on F.Cu
[silk_over_copper]: Silkscreen clipped by solder mask
    Local override; warning
    @(8.0000 mm, 21.8520 mm): Reference field of TP12
    @(6.5000 mm, 23.0000 mm): Pad 1 [VBAT] of TP11 on F.Cu
[silk_over_copper]: Silkscreen clipped by solder mask
    Local override; warning
    @(7.0000 mm, 23.8520 mm): Reference field of TP2
    @(6.5000 mm, 23.0000 mm): Pad 1 [VBAT] of TP11 on F.Cu
[silk_over_copper]: Silkscreen clipped by solder mask
    Local override; warning
    @(4.5000 mm, 23.8520 mm): Reference field of TP1
    @(5.0000 mm, 22.5000 mm): Pad 1 [VBAT] of BT1 on F.Cu
[silk_over_copper]: Silkscreen clipped by solder mask
    Local override; warning
    @(5.5500 mm, 23.9500 mm): Segment of TP11 on F.Silkscreen
    @(5.0000 mm, 22.5000 mm): Pad 1 [VBAT] of BT1 on F.Cu
[silk_over_copper]: Silkscreen clipped by solder mask
    Local override; warning
    @(7.0500 mm, 24.4500 mm): Segment of TP12 on F.Silkscreen
    @(6.5000 mm, 23.0000 mm): Pad 1 [VBAT] of TP11 on F.Cu
[silk_over_copper]: Silkscreen clipped by solder mask
    Local override; warning
    @(7.0000 mm, 23.8520 mm): Reference field of TP2
    @(5.0000 mm, 22.5000 mm): Pad 1 [VBAT] of BT1 on F.Cu
[silk_over_copper]: Silkscreen clipped by solder mask
    Local override; warning
    @(8.0000 mm, 21.8520 mm): Reference field of TP12
    @(10.0000 mm, 21.7750 mm): Pad 1 [COIL1] of C19 on F.Cu
[silk_over_copper]: Silkscreen clipped by solder mask
    Local override; warning
    @(8.0000 mm, 21.8520 mm): Reference field of TP12
    @(9.0000 mm, 22.0200 mm): Pad 2 [GND] of C29 on F.Cu
[silk_over_copper]: Silkscreen clipped by solder mask
    Local override; warning
    @(8.5700 mm, 21.0000 mm): Reference field of C19
    @(9.0000 mm, 22.0200 mm): Pad 2 [GND] of C29 on F.Cu
[silk_over_copper]: Silkscreen clipped by solder mask
    Local override; warning
    @(9.5000 mm, 23.8520 mm): Reference field of TP3
    @(8.0000 mm, 23.5000 mm): Pad 1 [GND] of TP12 on F.Cu
[silk_over_copper]: Silkscreen clipped by solder mask
    Local override; warning
    @(9.5000 mm, 23.8520 mm): Reference field of TP3
    @(9.0000 mm, 22.9800 mm): Pad 1 [VBAT] of C29 on F.Cu
[silk_over_copper]: Silkscreen clipped by solder mask
    Local override; warning
    @(7.8400 mm, 22.5000 mm): Reference field of C29
    @(8.0000 mm, 23.5000 mm): Pad 1 [GND] of TP12 on F.Cu
[silk_over_copper]: Silkscreen clipped by solder mask
    Local override; warning
    @(7.8400 mm, 22.5000 mm): Reference field of C29
    @(6.5000 mm, 23.0000 mm): Pad 1 [VBAT] of TP11 on F.Cu
[silk_over_copper]: Silkscreen clipped by solder mask
    Local override; warning
    @(7.0000 mm, 23.8520 mm): Reference field of TP2
    @(8.0000 mm, 23.5000 mm): Pad 1 [GND] of TP12 on F.Cu
[silk_over_copper]: Silkscreen clipped by solder mask
    Local override; warning
    @(10.3400 mm, 22.5000 mm): Reference field of C30
    @(10.0000 mm, 23.6200 mm): Pad 2 [AC2] of C21 on F.Cu
[silk_over_copper]: Silkscreen clipped by solder mask
    Local override; warning
    @(8.8400 mm, 24.1000 mm): Reference field of C21
    @(9.5000 mm, 25.5000 mm): Pad 1 [nRESET] of TP3 on F.Cu
[silk_over_copper]: Silkscreen clipped by solder mask
    Local override; warning
    @(8.8400 mm, 24.1000 mm): Reference field of C21
    @(8.0000 mm, 23.5000 mm): Pad 1 [GND] of TP12 on F.Cu
[silk_over_copper]: Silkscreen clipped by solder mask
    Local override; warning
    @(8.8400 mm, 24.1000 mm): Reference field of C21
    @(9.0000 mm, 22.9800 mm): Pad 1 [VBAT] of C29 on F.Cu
[silk_over_copper]: Silkscreen clipped by solder mask
    Local override; warning
    @(9.5000 mm, 23.8520 mm): Reference field of TP3
    @(10.0000 mm, 23.6200 mm): Pad 2 [AC2] of C21 on F.Cu
[silk_over_copper]: Silkscreen clipped by solder mask
    Local override; warning
    @(8.9500 mm, 22.5500 mm): Segment of TP12 on F.Silkscreen
    @(9.0000 mm, 22.9800 mm): Pad 1 [VBAT] of C29 on F.Cu
[silk_over_copper]: Silkscreen clipped by solder mask
    Local override; warning
    @(8.5500 mm, 24.5500 mm): Segment of TP3 on F.Silkscreen
    @(10.0000 mm, 24.5800 mm): Pad 1 [AC1] of C21 on F.Cu
[silk_over_copper]: Silkscreen clipped by solder mask
    Local override; warning
    @(7.0500 mm, 22.5500 mm): Segment of TP12 on F.Silkscreen
    @(6.5000 mm, 23.0000 mm): Pad 1 [VBAT] of TP11 on F.Cu
[silk_over_copper]: Silkscreen clipped by solder mask
    Local override; warning
    @(12.0000 mm, 23.8520 mm): Reference field of TP4
    @(13.0000 mm, 23.7200 mm): Pad 2 [AC1] of C27 on F.Cu
[silk_over_copper]: Silkscreen clipped by solder mask
    Local override; warning
    @(12.0000 mm, 23.8520 mm): Reference field of TP4
    @(12.5000 mm, 23.6200 mm): Pad 2 [AC2] of C22 on F.Cu
[silk_over_copper]: Silkscreen clipped by solder mask
    Local override; warning
    @(12.8400 mm, 22.5000 mm): Reference field of C32
    @(13.0000 mm, 23.7200 mm): Pad 2 [AC1] of C27 on F.Cu
[silk_over_copper]: Silkscreen clipped by solder mask
    Local override; warning
    @(12.8400 mm, 22.5000 mm): Reference field of C32
    @(12.5000 mm, 23.6200 mm): Pad 2 [AC2] of C22 on F.Cu
[silk_over_copper]: Silkscreen clipped by solder mask
    Local override; warning
    @(13.3400 mm, 24.2000 mm): Reference field of C28
    @(13.0000 mm, 23.7200 mm): Pad 2 [AC1] of C27 on F.Cu
[silk_over_copper]: Silkscreen clipped by solder mask
    Local override; warning
    @(13.3400 mm, 24.2000 mm): Reference field of C28
    @(12.0000 mm, 25.5000 mm): Pad 1 [SWD_TMS] of TP4 on F.Cu
[silk_over_copper]: Silkscreen clipped by solder mask
    Local override; warning
    @(13.3400 mm, 24.2000 mm): Reference field of C28
    @(13.0000 mm, 24.6800 mm): Pad 1 [COMM1] of C27 on F.Cu
[silk_over_copper]: Silkscreen clipped by solder mask
    Local override; warning
    @(11.8400 mm, 24.2000 mm): Reference field of C27
    @(12.0000 mm, 25.5000 mm): Pad 1 [SWD_TMS] of TP4 on F.Cu
[silk_over_copper]: Silkscreen clipped by solder mask
    Local override; warning
    @(11.8400 mm, 24.2000 mm): Reference field of C27
    @(12.5000 mm, 24.5800 mm): Pad 1 [AC1] of C22 on F.Cu
[silk_over_copper]: Silkscreen clipped by solder mask
    Local override; warning
    @(13.3400 mm, 24.2000 mm): Reference field of C28
    @(14.5000 mm, 25.5000 mm): Pad 1 [SWD_TCK] of TP5 on F.Cu
[silk_over_copper]: Silkscreen clipped by solder mask
    Local override; warning
    @(11.3400 mm, 24.1000 mm): Reference field of C22
    @(12.0000 mm, 25.5000 mm): Pad 1 [SWD_TMS] of TP4 on F.Cu
[silk_over_copper]: Silkscreen clipped by solder mask
    Local override; warning
    @(11.8400 mm, 24.2000 mm): Reference field of C27
    @(11.5000 mm, 22.9800 mm): Pad 1 [VBAT] of C30 on F.Cu
[silk_over_copper]: Silkscreen clipped by solder mask
    Local override; warning
    @(11.8400 mm, 24.2000 mm): Reference field of C27
    @(12.5000 mm, 23.6200 mm): Pad 2 [AC2] of C22 on F.Cu
[silk_over_copper]: Silkscreen clipped by solder mask
    Local override; warning
    @(11.3400 mm, 24.1000 mm): Reference field of C22
    @(11.5000 mm, 22.9800 mm): Pad 1 [VBAT] of C30 on F.Cu
[silk_over_copper]: Silkscreen clipped by solder mask
    Local override; warning
    @(13.3400 mm, 24.2000 mm): Reference field of C28
    @(12.5000 mm, 23.6200 mm): Pad 2 [AC2] of C22 on F.Cu
[silk_over_copper]: Silkscreen clipped by solder mask
    Local override; warning
    @(13.3400 mm, 24.2000 mm): Reference field of C28
    @(14.0000 mm, 22.9800 mm): Pad 1 [VBAT] of C32 on F.Cu
[silk_over_copper]: Silkscreen clipped by solder mask
    Local override; warning
    @(12.6400 mm, 24.3078 mm): Segment of C27 on F.Silkscreen
    @(12.5000 mm, 24.5800 mm): Pad 1 [AC1] of C22 on F.Cu
[silk_over_copper]: Silkscreen clipped by solder mask
    Local override; warning
    @(12.8600 mm, 24.2078 mm): Segment of C22 on F.Silkscreen
    @(13.0000 mm, 23.7200 mm): Pad 2 [AC1] of C27 on F.Cu
[silk_over_copper]: Silkscreen clipped by solder mask
    Local override; warning
    @(12.0000 mm, 23.8520 mm): Reference field of TP4
    @(11.5000 mm, 22.9800 mm): Pad 1 [VBAT] of C30 on F.Cu
[silk_over_copper]: Silkscreen clipped by solder mask
    Local override; warning
    @(11.0500 mm, 24.5500 mm): Segment of TP4 on F.Silkscreen
    @(13.0000 mm, 24.6800 mm): Pad 1 [COMM1] of C27 on F.Cu
[silk_over_copper]: Silkscreen clipped by solder mask
    Local override; warning
    @(11.0500 mm, 24.5500 mm): Segment of TP4 on F.Silkscreen
    @(12.5000 mm, 24.5800 mm): Pad 1 [AC1] of C22 on F.Cu
[silk_over_copper]: Silkscreen clipped by solder mask
    Local override; warning
    @(13.3400 mm, 24.2000 mm): Reference field of C28
    @(12.5000 mm, 24.5800 mm): Pad 1 [AC1] of C22 on F.Cu
[silk_over_copper]: Silkscreen clipped by solder mask
    Local override; warning
    @(9.5000 mm, 23.8520 mm): Reference field of TP3
    @(10.0000 mm, 24.5800 mm): Pad 1 [AC1] of C21 on F.Cu
[silk_over_copper]: Silkscreen clipped by solder mask
    Local override; warning
    @(17.0000 mm, 8.9500 mm): Reference field of Q1
    @(16.5000 mm, 8.9800 mm): Pad 1 [DCOUPL] of C10 on F.Cu
[silk_over_copper]: Silkscreen clipped by solder mask
    Local override; warning
    @(17.5000 mm, 9.5700 mm): Reference field of FB1
    @(16.5000 mm, 8.9800 mm): Pad 1 [DCOUPL] of C10 on F.Cu
[silk_over_copper]: Silkscreen clipped by solder mask
    Local override; warning
    @(17.5000 mm, 9.5700 mm): Reference field of FB1
    @(17.5000 mm, 9.4800 mm): Pad 1 [VDDS] of C6 on F.Cu
[silk_over_copper]: Silkscreen clipped by solder mask
    Local override; warning
    @(17.0000 mm, 8.9500 mm): Reference field of Q1
    @(17.5000 mm, 9.4800 mm): Pad 1 [VDDS] of C6 on F.Cu
[silk_over_copper]: Silkscreen clipped by solder mask
    Local override; warning
    @(17.0000 mm, 8.9500 mm): Reference field of Q1
    @(17.5000 mm, 8.5200 mm): Pad 2 [GND] of C6 on F.Cu
[silk_over_copper]: Silkscreen clipped by solder mask
    Local override; warning
    @(18.3400 mm, 7.5000 mm): Reference field of C31
    @(17.5000 mm, 8.5200 mm): Pad 2 [GND] of C6 on F.Cu
[silk_over_copper]: Silkscreen clipped by solder mask
    Local override; warning
    @(18.8300 mm, 10.5000 mm): Reference field of R11
    @(18.2875 mm, 11.0000 mm): Pad 2 [VDDS] of FB1 on F.Cu
[silk_over_copper]: Silkscreen clipped by solder mask
    Local override; warning
    @(18.8300 mm, 10.5000 mm): Reference field of R11
    @(19.1500 mm, 11.1750 mm): Pad 7 [GND] of Q1 on F.Cu
[silk_over_copper]: Silkscreen clipped by solder mask
    Local override; warning
    @(18.8300 mm, 10.5000 mm): Reference field of R11
    @(19.1500 mm, 10.5250 mm): Pad 8 [FET_D] of Q1 on F.Cu
[silk_over_copper]: Silkscreen clipped by solder mask
    Local override; warning
    @(17.8400 mm, 11.0000 mm): Reference field of C9
    @(17.5000 mm, 12.0200 mm): Pad 2 [GND] of C8 on F.Cu
[silk_over_copper]: Silkscreen clipped by solder mask
    Local override; warning
    @(14.9000 mm, 10.0500 mm): Polygon of Q1 on F.Silkscreen
    @(15.0000 mm, 9.2750 mm): Pad 1 [VDDS] of C5 on F.Cu
[silk_over_copper]: Silkscreen clipped by solder mask
    Local override; warning
    @(14.9000 mm, 10.0500 mm): Polygon of Q1 on F.Silkscreen
    @(15.2500 mm, 10.0625 mm): Pad 37 [HAPTIC_EN] of U1 on F.Cu
[silk_over_copper]: Silkscreen clipped by solder mask
    Local override; warning
    @(14.9000 mm, 10.0500 mm): Polygon of Q1 on F.Silkscreen
    @(14.7500 mm, 10.0625 mm): Pad 38 [BTN_2] of U1 on F.Cu
[silk_over_copper]: Silkscreen clipped by solder mask
    Local override; warning
    @(15.3750 mm, 9.8750 mm): Segment of Q1 on F.Silkscreen
    @(15.2500 mm, 10.0625 mm): Pad 37 [HAPTIC_EN] of U1 on F.Cu
[silk_over_copper]: Silkscreen clipped by solder mask
    Local override; warning
    @(15.3750 mm, 9.8750 mm): Segment of Q1 on F.Silkscreen
    @(15.2500 mm, 10.0625 mm): Pad 37 [HAPTIC_EN] of U1 on F.Cu
[silk_over_copper]: Silkscreen clipped by solder mask
    Local override; warning
    @(15.3400 mm, 8.5000 mm): Reference field of C10
    @(15.2500 mm, 10.0625 mm): Pad 37 [HAPTIC_EN] of U1 on F.Cu
[silk_over_copper]: Silkscreen clipped by solder mask
    Local override; warning
    @(15.3400 mm, 8.5000 mm): Reference field of C10
    @(15.0000 mm, 9.2750 mm): Pad 1 [VDDS] of C5 on F.Cu
[silk_over_copper]: Silkscreen clipped by solder mask
    Local override; warning
    @(15.3400 mm, 8.5000 mm): Reference field of C10
    @(14.7500 mm, 10.0625 mm): Pad 38 [BTN_2] of U1 on F.Cu
[silk_over_copper]: Silkscreen clipped by solder mask
    Local override; warning
    @(15.1600 mm, 6.3000 mm): Segment of J1 on F.Silkscreen
    @(15.0000 mm, 7.7250 mm): Pad 2 [GND] of C5 on F.Cu
[silk_over_copper]: Silkscreen clipped by solder mask
    Local override; warning
    @(15.3400 mm, 8.5000 mm): Reference field of C10
    @(15.0000 mm, 7.7250 mm): Pad 2 [GND] of C5 on F.Cu
[silk_over_copper]: Silkscreen clipped by solder mask
    Local override; warning
    @(15.3400 mm, 8.5000 mm): Reference field of C10
    @(14.7500 mm, 6.8500 mm): Pad 1 [LCD_SCLK] of J1 on F.Cu
[silk_over_copper]: Silkscreen clipped by solder mask
    Local override; warning
    @(18.8300 mm, 10.5000 mm): Reference field of R11
    @(19.1500 mm, 11.8250 mm): Pad 6 [GND] of Q1 on F.Cu
[silk_over_copper]: Silkscreen clipped by solder mask
    Local override; warning
    @(18.8300 mm, 10.5000 mm): Reference field of R11
    @(19.0000 mm, 11.4800 mm): Pad 1 [VDDR] of C9 on F.Cu
[silk_over_copper]: Silkscreen clipped by solder mask
    Local override; warning
    @(18.8300 mm, 10.5000 mm): Reference field of R11
    @(19.0000 mm, 10.5200 mm): Pad 2 [GND] of C9 on F.Cu
[silk_over_copper]: Silkscreen clipped by solder mask
    Local override; warning
    @(18.6400 mm, 11.1078 mm): Segment of C9 on F.Silkscreen
    @(19.1500 mm, 11.1750 mm): Pad 7 [GND] of Q1 on F.Cu
[silk_over_copper]: Silkscreen clipped by solder mask
    Local override; warning
    @(18.6400 mm, 11.1078 mm): Segment of C9 on F.Silkscreen
    @(18.2875 mm, 11.0000 mm): Pad 2 [VDDS] of FB1 on F.Cu
[silk_over_copper]: Silkscreen clipped by solder mask
    Local override; warning
    @(17.8400 mm, 11.0000 mm): Reference field of C9
    @(18.2875 mm, 11.0000 mm): Pad 2 [VDDS] of FB1 on F.Cu
[silk_over_copper]: Silkscreen clipped by solder mask
    Local override; warning
    @(15.3750 mm, 13.1250 mm): Segment of Q1 on F.Silkscreen
    @(15.9375 mm, 13.2500 mm): Pad 31 [CHG_DET] of U1 on F.Cu
[silk_over_copper]: Silkscreen clipped by solder mask
    Local override; warning
    @(15.3750 mm, 13.1250 mm): Segment of Q1 on F.Silkscreen
    @(17.0000 mm, 13.2250 mm): Pad 2 [GND] of C7 on F.Cu
[silk_over_copper]: Silkscreen clipped by solder mask
    Local override; warning
    @(15.3750 mm, 13.1250 mm): Segment of Q1 on F.Silkscreen
    @(17.5000 mm, 12.9800 mm): Pad 1 [VDDR] of C8 on F.Cu
[silk_over_copper]: Silkscreen clipped by solder mask
    Local override; warning
    @(17.5000 mm, 12.9500 mm): Reference field of L2
    @(17.0000 mm, 13.2250 mm): Pad 2 [GND] of C7 on F.Cu
[silk_over_copper]: Silkscreen clipped by solder mask
    Local override; warning
    @(17.5000 mm, 12.9500 mm): Reference field of L2
    @(17.5000 mm, 12.9800 mm): Pad 1 [VDDR] of C8 on F.Cu
[silk_over_copper]: Silkscreen clipped by solder mask
    Local override; warning
    @(17.5000 mm, 12.9500 mm): Reference field of L2
    @(18.5625 mm, 13.5000 mm): Pad 3 [VBAT] of U4 on F.Cu
[silk_over_copper]: Silkscreen clipped by solder mask
    Local override; warning
    @(16.3400 mm, 12.5000 mm): Reference field of C8
    @(15.9375 mm, 12.7500 mm): Pad 32 [BUZZER] of U1 on F.Cu
[silk_over_copper]: Silkscreen clipped by solder mask
    Local override; warning
    @(16.3400 mm, 12.5000 mm): Reference field of C8
    @(17.0000 mm, 13.2250 mm): Pad 2 [GND] of C7 on F.Cu
[silk_over_copper]: Silkscreen clipped by solder mask
    Local override; warning
    @(16.3400 mm, 12.5000 mm): Reference field of C8
    @(15.9375 mm, 13.2500 mm): Pad 31 [CHG_DET] of U1 on F.Cu
[silk_over_copper]: Silkscreen clipped by solder mask
    Local override; warning
    @(16.3400 mm, 12.5000 mm): Reference field of C8
    @(15.9375 mm, 12.2500 mm): Pad 33 [DCDC_SW] of U1 on F.Cu
[silk_over_copper]: Silkscreen clipped by solder mask
    Local override; warning
    @(16.3400 mm, 12.5000 mm): Reference field of C8
    @(15.9375 mm, 11.7500 mm): Pad 34 [VDDS] of U1 on F.Cu
[silk_over_copper]: Silkscreen clipped by solder mask
    Local override; warning
    @(15.5700 mm, 14.0000 mm): Reference field of C7
    @(12.5000 mm, 13.5000 mm): Pad 49 [GND] of U1 on F.Cu
[silk_over_copper]: Silkscreen clipped by solder mask
    Local override; warning
    @(15.5700 mm, 14.0000 mm): Reference field of C7
    @(15.9375 mm, 13.7500 mm): Pad 30 [<no net>] of U1 on F.Cu
[silk_over_copper]: Silkscreen clipped by solder mask
    Local override; warning
    @(15.5700 mm, 14.0000 mm): Reference field of C7
    @(15.9375 mm, 13.2500 mm): Pad 31 [CHG_DET] of U1 on F.Cu
[silk_over_copper]: Silkscreen clipped by solder mask
    Local override; warning
    @(19.5000 mm, 15.9000 mm): Reference field of U4
    @(19.5000 mm, 16.0100 mm): Pad 1 [nRESET] of R1 on F.Cu
[silk_over_copper]: Silkscreen clipped by solder mask
    Local override; warning
    @(20.8000 mm, 13.8800 mm): Polygon of U4 on F.Silkscreen
    @(21.3625 mm, 13.4500 mm): Pad 3 [PROT_OC] of U3 on F.Cu
[silk_over_copper]: Silkscreen clipped by solder mask
    Local override; warning
    @(18.3300 mm, 15.5000 mm): Reference field of R1
    @(18.0000 mm, 15.9800 mm): Pad 1 [nRESET] of C11 on F.Cu
[silk_over_copper]: Silkscreen clipped by solder mask
    Local override; warning
    @(20.2600 mm, 15.0600 mm): Segment of U4 on F.Silkscreen
    @(18.5625 mm, 14.5000 mm): Pad 2 [VDDR] of L2 on F.Cu
[silk_over_copper]: Silkscreen clipped by solder mask
    Local override; warning
    @(20.2600 mm, 15.0600 mm): Segment of U4 on F.Silkscreen
    @(19.5000 mm, 14.9900 mm): Pad 2 [VDDS] of R1 on F.Cu
[silk_over_copper]: Silkscreen clipped by solder mask
    Local override; warning
    @(18.7400 mm, 15.0600 mm): Segment of U4 on F.Silkscreen
    @(18.5625 mm, 14.5000 mm): Pad 2 [VDDR] of L2 on F.Cu
[silk_over_copper]: Silkscreen clipped by solder mask
    Local override; warning
    @(16.8400 mm, 15.5000 mm): Reference field of C11
    @(17.0000 mm, 14.7750 mm): Pad 1 [VDDR] of C7 on F.Cu
[silk_over_copper]: Silkscreen clipped by solder mask
    Local override; warning
    @(18.3300 mm, 15.5000 mm): Reference field of R1
    @(18.0000 mm, 15.0200 mm): Pad 2 [GND] of C11 on F.Cu
[silk_over_copper]: Silkscreen clipped by solder mask
    Local override; warning
    @(17.1004 mm, 15.0600 mm): Segment of L2 on F.Silkscreen
    @(18.0000 mm, 15.0200 mm): Pad 2 [GND] of C11 on F.Cu
[silk_over_copper]: Silkscreen clipped by solder mask
    Local override; warning
    @(17.1004 mm, 15.0600 mm): Segment of L2 on F.Silkscreen
    @(17.0000 mm, 14.7750 mm): Pad 1 [VDDR] of C7 on F.Cu
[silk_over_copper]: Silkscreen clipped by solder mask
    Local override; warning
    @(18.3300 mm, 15.5000 mm): Reference field of R1
    @(18.5625 mm, 14.5000 mm): Pad 2 [VDDR] of L2 on F.Cu
[silk_over_copper]: Silkscreen clipped by solder mask
    Local override; warning
    @(19.5000 mm, 18.8000 mm): Reference field of U2
    @(18.5000 mm, 18.0100 mm): Pad 1 [BUZZER] of R3 on F.Cu
[silk_over_copper]: Silkscreen clipped by solder mask
    Local override; warning
    @(19.5000 mm, 18.8000 mm): Reference field of U2
    @(20.0000 mm, 18.0100 mm): Pad 1 [PIEZO] of R4 on F.Cu
[silk_over_copper]: Silkscreen clipped by solder mask
    Local override; warning
    @(18.8300 mm, 17.5000 mm): Reference field of R4
    @(18.5000 mm, 18.0100 mm): Pad 1 [BUZZER] of R3 on F.Cu
[silk_over_copper]: Silkscreen clipped by solder mask
    Local override; warning
    @(18.8300 mm, 17.5000 mm): Reference field of R4
    @(18.5000 mm, 16.9900 mm): Pad 2 [PIEZO] of R3 on F.Cu
[silk_over_copper]: Silkscreen clipped by solder mask
    Local override; warning
    @(20.0500 mm, 18.5000 mm): Reference field of SW3
    @(20.0000 mm, 16.9900 mm): Pad 2 [GND] of R4 on F.Cu
[silk_over_copper]: Silkscreen clipped by solder mask
    Local override; warning
    @(20.0500 mm, 18.5000 mm): Reference field of SW3
    @(20.0000 mm, 18.0100 mm): Pad 1 [PIEZO] of R4 on F.Cu
[silk_over_copper]: Silkscreen clipped by solder mask
    Local override; warning
    @(21.3850 mm, 20.1400 mm): Segment of U2 on F.Silkscreen
    @(21.7000 mm, 20.5500 mm): Pad 1 [BTN_3] of SW3 on F.Cu
[silk_over_copper]: Silkscreen clipped by solder mask
    Local override; warning
    @(21.8600 mm, 20.1400 mm): Segment of U2 on F.Silkscreen
    @(21.7000 mm, 20.5500 mm): Pad 1 [BTN_3] of SW3 on F.Cu
[silk_over_copper]: Silkscreen clipped by solder mask
    Local override; warning
    @(17.3300 mm, 17.5000 mm): Reference field of R3
    @(16.5000 mm, 17.0100 mm): Pad 1 [CHG_DET] of R9 on F.Cu
[silk_over_copper]: Silkscreen clipped by solder mask
    Local override; warning
    @(16.8400 mm, 15.5000 mm): Reference field of C11
    @(16.5000 mm, 17.0100 mm): Pad 1 [CHG_DET] of R9 on F.Cu
[silk_over_copper]: Silkscreen clipped by solder mask
    Local override; warning
    @(16.1100 mm, 16.6350 mm): Segment of U1 on F.Silkscreen
    @(16.0000 mm, 17.2250 mm): Pad 2 [GND] of C16 on F.Cu
[silk_over_copper]: Silkscreen clipped by solder mask
    Local override; warning
    @(16.8400 mm, 15.5000 mm): Reference field of C11
    @(16.4375 mm, 14.5000 mm): Pad 1 [DCDC_SW] of L2 on F.Cu
[silk_over_copper]: Silkscreen clipped by solder mask
    Local override; warning
    @(16.8400 mm, 15.5000 mm): Reference field of C11
    @(15.9375 mm, 14.7500 mm): Pad 28 [<no net>] of U1 on F.Cu
[silk_over_copper]: Silkscreen clipped by solder mask
    Local override; warning
    @(16.8400 mm, 15.5000 mm): Reference field of C11
    @(16.5000 mm, 15.9900 mm): Pad 2 [VDDS] of R9 on F.Cu
[silk_over_copper]: Silkscreen clipped by solder mask
    Local override; warning
    @(15.5700 mm, 14.0000 mm): Reference field of C7
    @(16.4375 mm, 14.5000 mm): Pad 1 [DCDC_SW] of L2 on F.Cu
[silk_over_copper]: Silkscreen clipped by solder mask
    Local override; warning
    @(15.5700 mm, 14.0000 mm): Reference field of C7
    @(15.9375 mm, 14.2500 mm): Pad 29 [<no net>] of U1 on F.Cu
[silk_over_copper]: Silkscreen clipped by solder mask
    Local override; warning
    @(15.5700 mm, 14.0000 mm): Reference field of C7
    @(15.9375 mm, 14.7500 mm): Pad 28 [<no net>] of U1 on F.Cu
[silk_over_copper]: Silkscreen clipped by solder mask
    Local override; warning
    @(16.4900 mm, 14.1406 mm): Segment of C7 on F.Silkscreen
    @(16.4375 mm, 14.5000 mm): Pad 1 [DCDC_SW] of L2 on F.Cu
[silk_over_copper]: Silkscreen clipped by solder mask
    Local override; warning
    @(14.5700 mm, 21.1000 mm): Reference field of C17
    @(15.5000 mm, 22.5000 mm): Pad 1 [PIEZO] of TP8 on F.Cu
[silk_over_copper]: Silkscreen clipped by solder mask
    Local override; warning
    @(14.5700 mm, 21.1000 mm): Reference field of C17
    @(14.0000 mm, 22.0200 mm): Pad 2 [GND] of C32 on F.Cu
[silk_over_copper]: Silkscreen clipped by solder mask
    Local override; warning
    @(14.5700 mm, 21.1000 mm): Reference field of C17
    @(14.5000 mm, 21.5800 mm): Pad 1 [CLAMP2] of C26 on F.Cu
[silk_over_copper]: Silkscreen clipped by solder mask
    Local override; warning
    @(15.5000 mm, 20.8520 mm): Reference field of TP8
    @(16.0000 mm, 20.3250 mm): Pad 2 [GND] of C17 on F.Cu
[silk_over_copper]: Silkscreen clipped by solder mask
    Local override; warning
    @(13.3400 mm, 21.1000 mm): Reference field of C26
    @(14.0000 mm, 22.0200 mm): Pad 2 [GND] of C32 on F.Cu
[silk_over_copper]: Silkscreen clipped by solder mask
    Local override; warning
    @(14.5500 mm, 21.5500 mm): Segment of TP8 on F.Silkscreen
    @(16.0000 mm, 21.8750 mm): Pad 1 [RECT] of C17 on F.Cu
[silk_over_copper]: Silkscreen clipped by solder mask
    Local override; warning
    @(14.5500 mm, 21.5500 mm): Segment of TP8 on F.Silkscreen
    @(14.5000 mm, 21.5800 mm): Pad 1 [CLAMP2] of C26 on F.Cu
[silk_over_copper]: Silkscreen clipped by solder mask
    Local override; warning
    @(14.5500 mm, 23.4500 mm): Segment of TP8 on F.Silkscreen
    @(14.5000 mm, 21.5800 mm): Pad 1 [CLAMP2] of C26 on F.Cu
[silk_over_copper]: Silkscreen clipped by solder mask
    Local override; warning
    @(14.5500 mm, 23.4500 mm): Segment of TP8 on F.Silkscreen
    @(14.5000 mm, 23.7200 mm): Pad 2 [AC2] of C28 on F.Cu
[silk_over_copper]: Silkscreen clipped by solder mask
    Local override; warning
    @(14.5000 mm, 23.8520 mm): Reference field of TP5
    @(14.0000 mm, 22.9800 mm): Pad 1 [VBAT] of C32 on F.Cu
[silk_over_copper]: Silkscreen clipped by solder mask
    Local override; warning
    @(14.8400 mm, 24.2000 mm): Reference field of C18
    @(14.0000 mm, 22.9800 mm): Pad 1 [VBAT] of C32 on F.Cu
[silk_over_copper]: Silkscreen clipped by solder mask
    Local override; warning
    @(14.8400 mm, 24.2000 mm): Reference field of C18
    @(15.5000 mm, 22.5000 mm): Pad 1 [PIEZO] of TP8 on F.Cu
[silk_over_copper]: Silkscreen clipped by solder mask
    Local override; warning
    @(15.5000 mm, 23.8520 mm): Reference field of TP9
    @(14.0000 mm, 22.9800 mm): Pad 1 [VBAT] of C32 on F.Cu
[silk_over_copper]: Silkscreen clipped by solder mask
    Local override; warning
    @(15.5000 mm, 23.8520 mm): Reference field of TP9
    @(15.5000 mm, 22.5000 mm): Pad 1 [PIEZO] of TP8 on F.Cu
[silk_over_copper]: Silkscreen clipped by solder mask
    Local override; warning
    @(16.4500 mm, 23.4500 mm): Segment of TP8 on F.Silkscreen
    @(16.0000 mm, 23.7200 mm): Pad 2 [GND] of C18 on F.Cu
[silk_over_copper]: Silkscreen clipped by solder mask
    Local override; warning
    @(16.4500 mm, 23.4500 mm): Segment of TP8 on F.Silkscreen
    @(14.5000 mm, 23.7200 mm): Pad 2 [AC2] of C28 on F.Cu
[silk_over_copper]: Silkscreen clipped by solder mask
    Local override; warning
    @(17.0000 mm, 23.8520 mm): Reference field of TP6
    @(15.5000 mm, 22.5000 mm): Pad 1 [PIEZO] of TP8 on F.Cu
[silk_over_copper]: Silkscreen clipped by solder mask
    Local override; warning
    @(15.5000 mm, 23.8520 mm): Reference field of TP9
    @(16.0000 mm, 23.7200 mm): Pad 2 [GND] of C18 on F.Cu
[silk_over_copper]: Silkscreen clipped by solder mask
    Local override; warning
    @(14.5500 mm, 24.5500 mm): Segment of TP9 on F.Silkscreen
    @(16.0000 mm, 24.6800 mm): Pad 1 [RECT] of C18 on F.Cu
[silk_edge_clearance]: Silkscreen clipped by board edge
    Rule: board setup constraints silk; warning
    @(23.0000 mm, 25.0000 mm): Arc on Edge.Cuts
    @(21.8600 mm, 23.3850 mm): Segment of U2 on F.Silkscreen
[silk_edge_clearance]: Silkscreen clipped by board edge
    Rule: board setup constraints silk; warning
    @(23.0000 mm, 25.0000 mm): Arc on Edge.Cuts
    @(21.8600 mm, 23.8600 mm): Segment of U2 on F.Silkscreen
[silk_edge_clearance]: Silkscreen clipped by board edge
    Rule: board setup constraints silk; warning
    @(2.0000 mm, 2.0000 mm): Arc on Edge.Cuts
    @(4.0000 mm, 4.3520 mm): Reference field of TP15
[silk_edge_clearance]: Silkscreen clipped by board edge
    Rule: board setup constraints silk; warning
    @(23.0000 mm, 25.0000 mm): Arc on Edge.Cuts
    @(21.8300 mm, 22.5000 mm): Reference field of R6
[silk_edge_clearance]: Silkscreen clipped by board edge
    Rule: board setup constraints silk; warning
    @(2.0000 mm, 25.0000 mm): Arc on Edge.Cuts
    @(4.5000 mm, 23.8520 mm): Reference field of TP1
[silk_edge_clearance]: Silkscreen clipped by board edge
    Rule: board setup constraints silk; warning
    @(2.0000 mm, 25.0000 mm): Arc on Edge.Cuts
    @(3.5500 mm, 24.5500 mm): Segment of TP1 on F.Silkscreen
[silk_edge_clearance]: Silkscreen clipped by board edge
    Rule: board setup constraints silk; warning
    @(2.0000 mm, 25.0000 mm): Arc on Edge.Cuts
    @(3.5500 mm, 26.4500 mm): Segment of TP1 on F.Silkscreen

** Found 195 unconnected pads **
[unconnected_items]: Missing connection between items
    Local override; error
    @(5.5000 mm, 16.5100 mm): Pad 1 [RF_UNBAL] of R2 on F.Cu
    @(6.0000 mm, 20.4800 mm): Pad 1 [RF_UNBAL] of C14 on F.Cu
[unconnected_items]: Missing connection between items
    Local override; error
    @(7.0000 mm, 15.6500 mm): Pad 1 [RF_UNBAL] of FL1 on F.Cu
    @(5.5000 mm, 16.5100 mm): Pad 1 [RF_UNBAL] of R2 on F.Cu
[unconnected_items]: Missing connection between items
    Local override; error
    @(3.3500 mm, 12.5000 mm): Pad 4 [GND] of U6 on F.Cu
    @(4.5000 mm, 14.0200 mm): Pad 2 [GND] of C12 on F.Cu
[unconnected_items]: Missing connection between items
    Local override; error
    @(3.5000 mm, 11.5200 mm): Pad 2 [GND] of C36 on F.Cu
    @(3.3500 mm, 12.5000 mm): Pad 4 [GND] of U6 on F.Cu
[unconnected_items]: Missing connection between items
    Local override; error
    @(3.5000 mm, 11.5200 mm): Pad 2 [GND] of C36 on F.Cu
    @(5.0000 mm, 11.5200 mm): Pad 2 [GND] of C37 on F.Cu
[unconnected_items]: Missing connection between items
    Local override; error
    @(4.0000 mm, 16.0200 mm): Pad 2 [GND] of C15 on F.Cu
    @(4.5000 mm, 14.0200 mm): Pad 2 [GND] of C12 on F.Cu
[unconnected_items]: Missing connection between items
    Local override; error
    @(5.0000 mm, 11.5200 mm): Pad 2 [GND] of C37 on F.Cu
    @(6.0000 mm, 10.0200 mm): Pad 2 [GND] of C34 on F.Cu
[unconnected_items]: Missing connection between items
    Local override; error
    @(6.0000 mm, 10.0200 mm): Pad 2 [GND] of C34 on F.Cu
    @(4.0250 mm, 8.4050 mm): Pad 4 [GND] of U7 on F.Cu
[unconnected_items]: Missing connection between items
    Local override; error
    @(6.7375 mm, 9.7500 mm): Pad 3 [GND] of U5 on F.Cu
    @(6.0000 mm, 10.0200 mm): Pad 2 [GND] of C34 on F.Cu
[unconnected_items]: Missing connection between items
    Local override; error
    @(7.0000 mm, 25.5000 mm): Pad 1 [GND] of TP2 on F.Cu
    @(8.0000 mm, 23.5000 mm): Pad 1 [GND] of TP12 on F.Cu
[unconnected_items]: Missing connection between items
    Local override; error
    @(7.5000 mm, 10.0200 mm): Pad 2 [GND] of C35 on F.Cu
    @(6.7375 mm, 9.7500 mm): Pad 3 [GND] of U5 on F.Cu
[unconnected_items]: Missing connection between items
    Local override; error
    @(7.5000 mm, 16.3500 mm): Pad 5 [GND] of FL1 on F.Cu
    @(7.5000 mm, 15.6500 mm): Pad 2 [GND] of FL1 on F.Cu
[unconnected_items]: Missing connection between items
    Local override; error
    @(7.5000 mm, 16.3500 mm): Pad 5 [GND] of FL1 on F.Cu
    @(6.0000 mm, 19.5200 mm): Pad 2 [GND] of C14 on F.Cu
[unconnected_items]: Missing connection between items
    Local override; error
    @(7.6500 mm, 12.0000 mm): Pad 8 [GND] of U6 on F.Cu
    @(8.0000 mm, 11.5200 mm): Pad 2 [GND] of C13 on F.Cu
[unconnected_items]: Missing connection between items
    Local override; error
    @(8.0000 mm, 11.5200 mm): Pad 2 [GND] of C13 on F.Cu
    @(7.7500 mm, 10.2625 mm): Pad 6 [GND] of U5 on F.Cu
[unconnected_items]: Missing connection between items
    Local override; error
    @(8.0000 mm, 16.3500 mm): Pad 6 [GND] of FL1 on F.Cu
    @(7.5000 mm, 16.3500 mm): Pad 5 [GND] of FL1 on F.Cu
[unconnected_items]: Missing connection between items
    Local override; error
    @(8.2625 mm, 9.7500 mm): Pad 8 [GND] of U5 on F.Cu
    @(8.2625 mm, 10.2500 mm): Pad 7 [GND] of U5 on F.Cu
[unconnected_items]: Missing connection between items
    Local override; error
    @(8.2625 mm, 10.2500 mm): Pad 7 [GND] of U5 on F.Cu
    @(7.7500 mm, 10.2625 mm): Pad 6 [GND] of U5 on F.Cu
[unconnected_items]: Missing connection between items
    Local override; error
    @(8.5000 mm, 4.5200 mm): Pad 2 [GND] of C38 on F.Cu
    @(10.2500 mm, 6.8500 mm): Pad 10 [GND] of J1 on F.Cu
[unconnected_items]: Missing connection between items
    Local override; error
    @(9.0000 mm, 22.0200 mm): Pad 2 [GND] of C29 on F.Cu
    @(8.0000 mm, 23.5000 mm): Pad 1 [GND] of TP12 on F.Cu
[unconnected_items]: Missing connection between items
    Local override; error
    @(9.0000 mm, 22.0200 mm): Pad 2 [GND] of C29 on F.Cu
    @(11.5000 mm, 22.0200 mm): Pad 2 [GND] of C30 on F.Cu
[unconnected_items]: Missing connection between items
    Local override; error
    @(9.5000 mm, 18.0500 mm): Pad 4 [GND] of Y1 on F.Cu
    @(8.0000 mm, 16.3500 mm): Pad 6 [GND] of FL1 on F.Cu
[unconnected_items]: Missing connection between items
    Local override; error
    @(10.2500 mm, 6.8500 mm): Pad 10 [GND] of J1 on F.Cu
    @(10.7500 mm, 6.8500 mm): Pad 9 [GND] of J1 on F.Cu
[unconnected_items]: Missing connection between items
    Local override; error
    @(10.5000 mm, 8.0200 mm): Pad 2 [GND] of C2 on F.Cu
    @(10.7500 mm, 6.8500 mm): Pad 9 [GND] of J1 on F.Cu
[unconnected_items]: Missing connection between items
    Local override; error
    @(10.5000 mm, 8.0200 mm): Pad 2 [GND] of C2 on F.Cu
    @(12.0000 mm, 8.0200 mm): Pad 2 [GND] of C3 on F.Cu
[unconnected_items]: Missing connection between items
    Local override; error
    @(10.5000 mm, 8.0200 mm): Pad 2 [GND] of C2 on F.Cu
    @(8.2625 mm, 9.7500 mm): Pad 8 [GND] of U5 on F.Cu
[unconnected_items]: Missing connection between items
    Local override; error
    @(11.5000 mm, 18.9500 mm): Pad 2 [GND] of Y1 on F.Cu
    @(9.5000 mm, 18.0500 mm): Pad 4 [GND] of Y1 on F.Cu
[unconnected_items]: Missing connection between items
    Local override; error
    @(11.5000 mm, 22.0200 mm): Pad 2 [GND] of C30 on F.Cu
    @(11.5000 mm, 18.9500 mm): Pad 2 [GND] of Y1 on F.Cu
[unconnected_items]: Missing connection between items
    Local override; error
    @(13.5000 mm, 8.0200 mm): Pad 2 [GND] of C4 on F.Cu
    @(12.0000 mm, 8.0200 mm): Pad 2 [GND] of C3 on F.Cu
[unconnected_items]: Missing connection between items
    Local override; error
    @(13.5000 mm, 8.0200 mm): Pad 2 [GND] of C4 on F.Cu
    @(15.0000 mm, 7.7250 mm): Pad 2 [GND] of C5 on F.Cu
[unconnected_items]: Missing connection between items
    Local override; error
    @(14.0000 mm, 22.0200 mm): Pad 2 [GND] of C32 on F.Cu
    @(11.5000 mm, 22.0200 mm): Pad 2 [GND] of C30 on F.Cu
[unconnected_items]: Missing connection between items
    Local override; error
    @(14.0000 mm, 22.0200 mm): Pad 2 [GND] of C32 on F.Cu
    @(16.0000 mm, 20.3250 mm): Pad 2 [GND] of C17 on F.Cu
[unconnected_items]: Missing connection between items
    Local override; error
    @(14.0000 mm, 22.0200 mm): Pad 2 [GND] of C32 on F.Cu
    @(16.0000 mm, 23.7200 mm): Pad 2 [GND] of C18 on F.Cu
[unconnected_items]: Missing connection between items
    Local override; error
    @(15.0000 mm, 7.7250 mm): Pad 2 [GND] of C5 on F.Cu
    @(16.5000 mm, 8.0200 mm): Pad 2 [GND] of C10 on F.Cu
[unconnected_items]: Missing connection between items
    Local override; error
    @(15.0000 mm, 7.7250 mm): Pad 2 [GND] of C5 on F.Cu
    @(15.0000 mm, 3.0200 mm): Pad 2 [GND] of C39 on F.Cu
[unconnected_items]: Missing connection between items
    Local override; error
    @(16.0000 mm, 17.2250 mm): Pad 2 [GND] of C16 on F.Cu
    @(16.0000 mm, 20.3250 mm): Pad 2 [GND] of C17 on F.Cu
[unconnected_items]: Missing connection between items
    Local override; error
    @(16.0000 mm, 20.3250 mm): Pad 2 [GND] of C17 on F.Cu
    @(17.3000 mm, 21.0000 mm): Pad 1 [GND] of U2 on F.Cu
[unconnected_items]: Missing connection between items
    Local override; error
    @(16.5000 mm, 3.0200 mm): Pad 2 [GND] of C40 on F.Cu
    @(15.0000 mm, 3.0200 mm): Pad 2 [GND] of C39 on F.Cu
[unconnected_items]: Missing connection between items
    Local override; error
    @(16.5000 mm, 8.0200 mm): Pad 2 [GND] of C10 on F.Cu
    @(17.5000 mm, 8.5200 mm): Pad 2 [GND] of C6 on F.Cu
[unconnected_items]: Missing connection between items
    Local override; error
    @(17.0000 mm, 13.2250 mm): Pad 2 [GND] of C7 on F.Cu
    @(18.0000 mm, 15.0200 mm): Pad 2 [GND] of C11 on F.Cu
[unconnected_items]: Missing connection between items
    Local override; error
    @(17.0000 mm, 13.2250 mm): Pad 2 [GND] of C7 on F.Cu
    @(12.5000 mm, 13.5000 mm): Pad 49 [GND] of U1 on F.Cu
[unconnected_items]: Missing connection between items
    Local override; error
    @(17.3000 mm, 21.0000 mm): Pad 1 [GND] of U2 on F.Cu
    @(18.5000 mm, 20.3000 mm): Pad 20 [GND] of U2 on F.Cu
[unconnected_items]: Missing connection between items
    Local override; error
    @(17.5000 mm, 12.0200 mm): Pad 2 [GND] of C8 on F.Cu
    @(17.0000 mm, 13.2250 mm): Pad 2 [GND] of C7 on F.Cu
[unconnected_items]: Missing connection between items
    Local override; error
    @(18.0000 mm, 15.0200 mm): Pad 2 [GND] of C11 on F.Cu
    @(16.0000 mm, 17.2250 mm): Pad 2 [GND] of C16 on F.Cu
[unconnected_items]: Missing connection between items
    Local override; error
    @(18.5000 mm, 20.3000 mm): Pad 20 [GND] of U2 on F.Cu
    @(19.5000 mm, 22.0000 mm): Pad 21 [GND] of U2 on F.Cu
[unconnected_items]: Missing connection between items
    Local override; error
    @(19.0000 mm, 10.5200 mm): Pad 2 [GND] of C9 on F.Cu
    @(20.0000 mm, 9.9900 mm): Pad 2 [GND] of R11 on F.Cu
[unconnected_items]: Missing connection between items
    Local override; error
    @(19.0000 mm, 10.5200 mm): Pad 2 [GND] of C9 on F.Cu
    @(17.5000 mm, 8.5200 mm): Pad 2 [GND] of C6 on F.Cu
[unconnected_items]: Missing connection between items
    Local override; error
    @(19.1500 mm, 11.1750 mm): Pad 7 [GND] of Q1 on F.Cu
    @(19.0000 mm, 10.5200 mm): Pad 2 [GND] of C9 on F.Cu
[unconnected_items]: Missing connection between items
    Local override; error
    @(19.1500 mm, 11.8250 mm): Pad 6 [GND] of Q1 on F.Cu
    @(19.1500 mm, 11.1750 mm): Pad 7 [GND] of Q1 on F.Cu
[unconnected_items]: Missing connection between items
    Local override; error
    @(19.1500 mm, 11.8250 mm): Pad 6 [GND] of Q1 on F.Cu
    @(17.5000 mm, 12.0200 mm): Pad 2 [GND] of C8 on F.Cu
[unconnected_items]: Missing connection between items
    Local override; error
    @(19.5000 mm, 22.0000 mm): Pad 21 [GND] of U2 on F.Cu
    @(20.0000 mm, 23.7000 mm): Pad 9 [GND] of U2 on F.Cu
[unconnected_items]: Missing connection between items
    Local override; error
    @(19.5000 mm, 23.9900 mm): Pad 2 [GND] of R7 on F.Cu
    @(20.0000 mm, 23.7000 mm): Pad 9 [GND] of U2 on F.Cu
[unconnected_items]: Missing connection between items
    Local override; error
    @(20.0000 mm, 9.9900 mm): Pad 2 [GND] of R11 on F.Cu
    @(21.5000 mm, 8.5200 mm): Pad 2 [GND] of C33 on F.Cu
[unconnected_items]: Missing connection between items
    Local override; error
    @(20.0000 mm, 16.9900 mm): Pad 2 [GND] of R4 on F.Cu
    @(20.4375 mm, 14.4500 mm): Pad 1 [GND] of U4 on F.Cu
[unconnected_items]: Missing connection between items
    Local override; error
    @(20.0000 mm, 23.7000 mm): Pad 9 [GND] of U2 on F.Cu
    @(21.0000 mm, 23.9900 mm): Pad 2 [GND] of R8 on F.Cu
[unconnected_items]: Missing connection between items
    Local override; error
    @(20.4375 mm, 14.4500 mm): Pad 1 [GND] of U4 on F.Cu
    @(18.0000 mm, 15.0200 mm): Pad 2 [GND] of C11 on F.Cu
[unconnected_items]: Missing connection between items
    Local override; error
    @(21.7000 mm, 23.0000 mm): Pad 11 [GND] of U2 on F.Cu
    @(21.0000 mm, 23.9900 mm): Pad 2 [GND] of R8 on F.Cu
[unconnected_items]: Missing connection between items
    Local override; error
    @(23.0000 mm, 21.9900 mm): Pad 2 [GND] of R6 on F.Cu
    @(21.7000 mm, 23.0000 mm): Pad 11 [GND] of U2 on F.Cu
[unconnected_items]: Missing connection between items
    Local override; error
    @(8.0000 mm, 15.6500 mm): Pad 3 [RF_N] of FL1 on F.Cu
    @(9.0625 mm, 11.2500 mm): Pad 2 [RF_N] of U1 on F.Cu
[unconnected_items]: Missing connection between items
    Local override; error
    @(7.0000 mm, 16.3500 mm): Pad 4 [RF_P] of FL1 on F.Cu
    @(9.0625 mm, 10.7500 mm): Pad 1 [RF_P] of U1 on F.Cu
[unconnected_items]: Missing connection between items
    Local override; error
    @(6.5000 mm, 23.0000 mm): Pad 1 [VBAT] of TP11 on F.Cu
    @(9.0000 mm, 22.9800 mm): Pad 1 [VBAT] of C29 on F.Cu
[unconnected_items]: Missing connection between items
    Local override; error
    @(9.0000 mm, 22.9800 mm): Pad 1 [VBAT] of C29 on F.Cu
    @(11.5000 mm, 22.9800 mm): Pad 1 [VBAT] of C30 on F.Cu
[unconnected_items]: Missing connection between items
    Local override; error
    @(14.0000 mm, 22.9800 mm): Pad 1 [VBAT] of C32 on F.Cu
    @(11.5000 mm, 22.9800 mm): Pad 1 [VBAT] of C30 on F.Cu
[unconnected_items]: Missing connection between items
    Local override; error
    @(14.0000 mm, 22.9800 mm): Pad 1 [VBAT] of C32 on F.Cu
    @(17.3000 mm, 22.5000 mm): Pad 4 [VBAT] of U2 on F.Cu
[unconnected_items]: Missing connection between items
    Local override; error
    @(18.5625 mm, 13.5000 mm): Pad 3 [VBAT] of U4 on F.Cu
    @(23.0000 mm, 10.5100 mm): Pad 1 [VBAT] of R10 on F.Cu
[unconnected_items]: Missing connection between items
    Local override; error
    @(18.5625 mm, 13.5000 mm): Pad 3 [VBAT] of U4 on F.Cu
    @(17.3000 mm, 22.5000 mm): Pad 4 [VBAT] of U2 on F.Cu
[unconnected_items]: Missing connection between items
    Local override; error
    @(14.8500 mm, 11.1750 mm): Pad 2 [BATN] of Q1 on F.Cu
    @(14.8500 mm, 11.8250 mm): Pad 3 [BATN] of Q1 on F.Cu
[unconnected_items]: Missing connection between items
    Local override; error
    @(14.8500 mm, 11.8250 mm): Pad 3 [BATN] of Q1 on F.Cu
    @(5.0000 mm, 18.5000 mm): Pad 2 [BATN] of BT1 on F.Cu
[unconnected_items]: Missing connection between items
    Local override; error
    @(19.5000 mm, 7.0200 mm): Pad 2 [BATN] of C31 on F.Cu
    @(14.8500 mm, 11.1750 mm): Pad 2 [BATN] of Q1 on F.Cu
[unconnected_items]: Missing connection between items
    Local override; error
    @(23.6375 mm, 11.5500 mm): Pad 6 [BATN] of U3 on F.Cu
    @(19.5000 mm, 7.0200 mm): Pad 2 [BATN] of C31 on F.Cu
[unconnected_items]: Missing connection between items
    Local override; error
    @(13.0000 mm, 21.5800 mm): Pad 1 [CLAMP1] of C25 on F.Cu
    @(17.3000 mm, 23.0000 mm): Pad 5 [CLAMP1] of U2 on F.Cu
[unconnected_items]: Missing connection between items
    Local override; error
    @(10.0000 mm, 20.2250 mm): Pad 2 [AC1] of C19 on F.Cu
    @(12.5000 mm, 20.2250 mm): Pad 2 [AC1] of C20 on F.Cu
[unconnected_items]: Missing connection between items
    Local override; error
    @(10.0000 mm, 24.5800 mm): Pad 1 [AC1] of C21 on F.Cu
    @(12.5000 mm, 24.5800 mm): Pad 1 [AC1] of C22 on F.Cu
[unconnected_items]: Missing connection between items
    Local override; error
    @(12.5000 mm, 24.5800 mm): Pad 1 [AC1] of C22 on F.Cu
    @(13.0000 mm, 23.7200 mm): Pad 2 [AC1] of C27 on F.Cu
[unconnected_items]: Missing connection between items
    Local override; error
    @(13.0000 mm, 17.5200 mm): Pad 2 [AC1] of C23 on F.Cu
    @(12.5000 mm, 20.2250 mm): Pad 2 [AC1] of C20 on F.Cu
[unconnected_items]: Missing connection between items
    Local override; error
    @(13.0000 mm, 23.7200 mm): Pad 2 [AC1] of C27 on F.Cu
    @(13.0000 mm, 20.6200 mm): Pad 2 [AC1] of C25 on F.Cu
[unconnected_items]: Missing connection between items
    Local override; error
    @(17.3000 mm, 21.5000 mm): Pad 2 [AC1] of U2 on F.Cu
    @(13.0000 mm, 20.6200 mm): Pad 2 [AC1] of C25 on F.Cu
[unconnected_items]: Missing connection between items
    Local override; error
    @(9.7500 mm, 16.9375 mm): Pad 13 [VDDS] of U1 on F.Cu
    @(14.2500 mm, 16.9375 mm): Pad 22 [VDDS] of U1 on F.Cu
[unconnected_items]: Missing connection between items
    Local override; error
    @(11.7500 mm, 10.0625 mm): Pad 44 [VDDS] of U1 on F.Cu
    @(12.0000 mm, 8.9800 mm): Pad 1 [VDDS] of C3 on F.Cu
[unconnected_items]: Missing connection between items
    Local override; error
    @(12.0000 mm, 8.9800 mm): Pad 1 [VDDS] of C3 on F.Cu
    @(10.5000 mm, 8.9800 mm): Pad 1 [VDDS] of C2 on F.Cu
[unconnected_items]: Missing connection between items
    Local override; error
    @(13.5000 mm, 8.9800 mm): Pad 1 [VDDS] of C4 on F.Cu
    @(12.0000 mm, 8.9800 mm): Pad 1 [VDDS] of C3 on F.Cu
[unconnected_items]: Missing connection between items
    Local override; error
    @(14.2500 mm, 16.9375 mm): Pad 22 [VDDS] of U1 on F.Cu
    @(16.5000 mm, 15.9900 mm): Pad 2 [VDDS] of R9 on F.Cu
[unconnected_items]: Missing connection between items
    Local override; error
    @(15.0000 mm, 9.2750 mm): Pad 1 [VDDS] of C5 on F.Cu
    @(13.5000 mm, 8.9800 mm): Pad 1 [VDDS] of C4 on F.Cu
[unconnected_items]: Missing connection between items
    Local override; error
    @(16.5000 mm, 15.9900 mm): Pad 2 [VDDS] of R9 on F.Cu
    @(19.5000 mm, 14.9900 mm): Pad 2 [VDDS] of R1 on F.Cu
[unconnected_items]: Missing connection between items
    Local override; error
    @(17.5000 mm, 9.4800 mm): Pad 1 [VDDS] of C6 on F.Cu
    @(15.0000 mm, 9.2750 mm): Pad 1 [VDDS] of C5 on F.Cu
[unconnected_items]: Missing connection between items
    Local override; error
    @(18.2875 mm, 11.0000 mm): Pad 2 [VDDS] of FB1 on F.Cu
    @(17.5000 mm, 9.4800 mm): Pad 1 [VDDS] of C6 on F.Cu
[unconnected_items]: Missing connection between items
    Local override; error
    @(18.2875 mm, 11.0000 mm): Pad 2 [VDDS] of FB1 on F.Cu
    @(15.9375 mm, 11.7500 mm): Pad 34 [VDDS] of U1 on F.Cu
[unconnected_items]: Missing connection between items
    Local override; error
    @(19.5000 mm, 14.9900 mm): Pad 2 [VDDS] of R1 on F.Cu
    @(18.2875 mm, 11.0000 mm): Pad 2 [VDDS] of FB1 on F.Cu
[unconnected_items]: Missing connection between items
    Local override; error
    @(20.0000 mm, 11.0100 mm): Pad 1 [PROT_CS] of R11 on F.Cu
    @(21.3625 mm, 12.5000 mm): Pad 2 [PROT_CS] of U3 on F.Cu
[unconnected_items]: Missing connection between items
    Local override; error
    @(2.0000 mm, 16.0000 mm): Pad 1 [ANT_FEED] of AE1 on F.Cu
    @(4.0000 mm, 16.9800 mm): Pad 1 [ANT_FEED] of C15 on F.Cu
[unconnected_items]: Missing connection between items
    Local override; error
    @(4.0000 mm, 16.9800 mm): Pad 1 [ANT_FEED] of C15 on F.Cu
    @(5.5000 mm, 15.4900 mm): Pad 2 [ANT_FEED] of R2 on F.Cu
[unconnected_items]: Missing connection between items
    Local override; error
    @(16.0000 mm, 18.7750 mm): Pad 1 [RECT] of C16 on F.Cu
    @(16.0000 mm, 21.8750 mm): Pad 1 [RECT] of C17 on F.Cu
[unconnected_items]: Missing connection between items
    Local override; error
    @(16.0000 mm, 21.8750 mm): Pad 1 [RECT] of C17 on F.Cu
    @(16.0000 mm, 24.6800 mm): Pad 1 [RECT] of C18 on F.Cu
[unconnected_items]: Missing connection between items
    Local override; error
    @(19.5000 mm, 20.3000 mm): Pad 18 [RECT] of U2 on F.Cu
    @(16.0000 mm, 18.7750 mm): Pad 1 [RECT] of C16 on F.Cu
[unconnected_items]: Missing connection between items
    Local override; error
    @(2.5000 mm, 18.5000 mm): Pad 1 [MOT_P] of TP13 on F.Cu
    @(7.6500 mm, 12.5000 mm): Pad 7 [MOT_P] of U6 on F.Cu
[unconnected_items]: Missing connection between items
    Local override; error
    @(12.5000 mm, 21.7750 mm): Pad 1 [COIL1] of C20 on F.Cu
    @(10.0000 mm, 21.7750 mm): Pad 1 [COIL1] of C19 on F.Cu
[unconnected_items]: Missing connection between items
    Local override; error
    @(15.5000 mm, 25.5000 mm): Pad 1 [COIL1] of TP9 on F.Cu
    @(12.5000 mm, 21.7750 mm): Pad 1 [COIL1] of C20 on F.Cu
[unconnected_items]: Missing connection between items
    Local override; error
    @(23.0000 mm, 9.4900 mm): Pad 2 [DW_VCC] of R10 on F.Cu
    @(19.5000 mm, 7.9800 mm): Pad 1 [DW_VCC] of C31 on F.Cu
[unconnected_items]: Missing connection between items
    Local override; error
    @(23.6375 mm, 12.5000 mm): Pad 5 [DW_VCC] of U3 on F.Cu
    @(23.0000 mm, 9.4900 mm): Pad 2 [DW_VCC] of R10 on F.Cu
[unconnected_items]: Missing connection between items
    Local override; error
    @(18.5000 mm, 16.9900 mm): Pad 2 [PIEZO] of R3 on F.Cu
    @(15.5000 mm, 22.5000 mm): Pad 1 [PIEZO] of TP8 on F.Cu
[unconnected_items]: Missing connection between items
    Local override; error
    @(20.0000 mm, 18.0100 mm): Pad 1 [PIEZO] of R4 on F.Cu
    @(18.5000 mm, 16.9900 mm): Pad 2 [PIEZO] of R3 on F.Cu
[unconnected_items]: Missing connection between items
    Local override; error
    @(14.5000 mm, 21.5800 mm): Pad 1 [CLAMP2] of C26 on F.Cu
    @(20.5000 mm, 20.3000 mm): Pad 16 [CLAMP2] of U2 on F.Cu
[unconnected_items]: Missing connection between items
    Local override; error
    @(12.5000 mm, 23.6200 mm): Pad 2 [AC2] of C22 on F.Cu
    @(10.0000 mm, 23.6200 mm): Pad 2 [AC2] of C21 on F.Cu
[unconnected_items]: Missing connection between items
    Local override; error
    @(14.5000 mm, 20.6200 mm): Pad 2 [AC2] of C26 on F.Cu
    @(14.5000 mm, 17.5200 mm): Pad 2 [AC2] of C24 on F.Cu
[unconnected_items]: Missing connection between items
    Local override; error
    @(14.5000 mm, 20.6200 mm): Pad 2 [AC2] of C26 on F.Cu
    @(14.5000 mm, 23.7200 mm): Pad 2 [AC2] of C28 on F.Cu
[unconnected_items]: Missing connection between items
    Local override; error
    @(14.5000 mm, 23.7200 mm): Pad 2 [AC2] of C28 on F.Cu
    @(12.5000 mm, 23.6200 mm): Pad 2 [AC2] of C22 on F.Cu
[unconnected_items]: Missing connection between items
    Local override; error
    @(14.5000 mm, 23.7200 mm): Pad 2 [AC2] of C28 on F.Cu
    @(18.5000 mm, 23.9900 mm): Pad 2 [AC2] of W1 on F.Cu
[unconnected_items]: Missing connection between items
    Local override; error
    @(18.5000 mm, 23.9900 mm): Pad 2 [AC2] of W1 on F.Cu
    @(19.0000 mm, 20.3000 mm): Pad 19 [AC2] of U2 on F.Cu
[unconnected_items]: Missing connection between items
    Local override; error
    @(17.0000 mm, 25.5000 mm): Pad 1 [COIL2] of TP10 on F.Cu
    @(18.5000 mm, 25.0100 mm): Pad 1 [COIL2] of W1 on F.Cu
[unconnected_items]: Missing connection between items
    Local override; error
    @(9.0625 mm, 14.2500 mm): Pad 8 [UART_TX] of U1 on F.Cu
    @(17.0000 mm, 25.5000 mm): Pad 1 [UART_TX] of TP6 on F.Cu
[unconnected_items]: Missing connection between items
    Local override; error
    @(1.7000 mm, 8.9500 mm): Pad 2 [+3V0] of SW1 on F.Cu
    @(1.7000 mm, 13.0500 mm): Pad 2 [+3V0] of SW1 on F.Cu
[unconnected_items]: Missing connection between items
    Local override; error
    @(1.7000 mm, 13.0500 mm): Pad 2 [+3V0] of SW1 on F.Cu
    @(5.0000 mm, 12.4800 mm): Pad 1 [+3V0] of C37 on F.Cu
[unconnected_items]: Missing connection between items
    Local override; error
    @(1.7000 mm, 13.0500 mm): Pad 2 [+3V0] of SW1 on F.Cu
    @(4.5000 mm, 25.5000 mm): Pad 1 [+3V0] of TP1 on F.Cu
[unconnected_items]: Missing connection between items
    Local override; error
    @(5.0000 mm, 12.4800 mm): Pad 1 [+3V0] of C37 on F.Cu
    @(6.0000 mm, 10.9800 mm): Pad 1 [+3V0] of C34 on F.Cu
[unconnected_items]: Missing connection between items
    Local override; error
    @(6.5000 mm, 10.9900 mm): Pad 2 [+3V0] of R13 on F.Cu
    @(7.5000 mm, 10.9800 mm): Pad 1 [+3V0] of C35 on F.Cu
[unconnected_items]: Missing connection between items
    Local override; error
    @(6.7375 mm, 9.2500 mm): Pad 2 [+3V0] of U5 on F.Cu
    @(8.2625 mm, 9.2500 mm): Pad 9 [+3V0] of U5 on F.Cu
[unconnected_items]: Missing connection between items
    Local override; error
    @(6.7375 mm, 9.2500 mm): Pad 2 [+3V0] of U5 on F.Cu
    @(6.5000 mm, 10.9900 mm): Pad 2 [+3V0] of R13 on F.Cu
[unconnected_items]: Missing connection between items
    Local override; error
    @(7.6500 mm, 11.0000 mm): Pad 10 [+3V0] of U6 on F.Cu
    @(7.6500 mm, 13.0000 mm): Pad 6 [+3V0] of U6 on F.Cu
[unconnected_items]: Missing connection between items
    Local override; error
    @(8.2625 mm, 8.7500 mm): Pad 10 [+3V0] of U5 on F.Cu
    @(8.2625 mm, 9.2500 mm): Pad 9 [+3V0] of U5 on F.Cu
[unconnected_items]: Missing connection between items
    Local override; error
    @(8.2625 mm, 8.7500 mm): Pad 10 [+3V0] of U5 on F.Cu
    @(8.5000 mm, 5.4800 mm): Pad 1 [+3V0] of C38 on F.Cu
[unconnected_items]: Missing connection between items
    Local override; error
    @(8.5000 mm, 5.4800 mm): Pad 1 [+3V0] of C38 on F.Cu
    @(8.9750 mm, 4.5950 mm): Pad 8 [+3V0] of U7 on F.Cu
[unconnected_items]: Missing connection between items
    Local override; error
    @(11.0000 mm, 3.9900 mm): Pad 2 [+3V0] of R12 on F.Cu
    @(8.9750 mm, 4.5950 mm): Pad 8 [+3V0] of U7 on F.Cu
[unconnected_items]: Missing connection between items
    Local override; error
    @(11.2500 mm, 6.8500 mm): Pad 8 [+3V0] of J1 on F.Cu
    @(11.7500 mm, 6.8500 mm): Pad 7 [+3V0] of J1 on F.Cu
[unconnected_items]: Missing connection between items
    Local override; error
    @(11.2500 mm, 6.8500 mm): Pad 8 [+3V0] of J1 on F.Cu
    @(11.0000 mm, 3.9900 mm): Pad 2 [+3V0] of R12 on F.Cu
[unconnected_items]: Missing connection between items
    Local override; error
    @(11.5000 mm, 10.9900 mm): Pad 2 [+3V0] of R14 on F.Cu
    @(8.2625 mm, 9.2500 mm): Pad 9 [+3V0] of U5 on F.Cu
[unconnected_items]: Missing connection between items
    Local override; error
    @(11.5000 mm, 10.9900 mm): Pad 2 [+3V0] of R14 on F.Cu
    @(16.7125 mm, 11.0000 mm): Pad 1 [+3V0] of FB1 on F.Cu
[unconnected_items]: Missing connection between items
    Local override; error
    @(11.7500 mm, 6.8500 mm): Pad 7 [+3V0] of J1 on F.Cu
    @(12.2500 mm, 6.8500 mm): Pad 6 [+3V0] of J1 on F.Cu
[unconnected_items]: Missing connection between items
    Local override; error
    @(15.0000 mm, 3.9800 mm): Pad 1 [+3V0] of C39 on F.Cu
    @(12.2500 mm, 6.8500 mm): Pad 6 [+3V0] of J1 on F.Cu
[unconnected_items]: Missing connection between items
    Local override; error
    @(16.5000 mm, 3.9800 mm): Pad 1 [+3V0] of C40 on F.Cu
    @(15.0000 mm, 3.9800 mm): Pad 1 [+3V0] of C39 on F.Cu
[unconnected_items]: Missing connection between items
    Local override; error
    @(16.7125 mm, 11.0000 mm): Pad 1 [+3V0] of FB1 on F.Cu
    @(20.4375 mm, 12.5500 mm): Pad 2 [+3V0] of U4 on F.Cu
[unconnected_items]: Missing connection between items
    Local override; error
    @(20.4375 mm, 12.5500 mm): Pad 2 [+3V0] of U4 on F.Cu
    @(21.5000 mm, 9.4800 mm): Pad 1 [+3V0] of C33 on F.Cu
[unconnected_items]: Missing connection between items
    Local override; error
    @(20.4375 mm, 12.5500 mm): Pad 2 [+3V0] of U4 on F.Cu
    @(23.3000 mm, 16.4500 mm): Pad 2 [+3V0] of SW3 on F.Cu
[unconnected_items]: Missing connection between items
    Local override; error
    @(23.3000 mm, 9.5500 mm): Pad 2 [+3V0] of SW2 on F.Cu
    @(21.5000 mm, 9.4800 mm): Pad 1 [+3V0] of C33 on F.Cu
[unconnected_items]: Missing connection between items
    Local override; error
    @(23.3000 mm, 9.5500 mm): Pad 2 [+3V0] of SW2 on F.Cu
    @(23.3000 mm, 5.4500 mm): Pad 2 [+3V0] of SW2 on F.Cu
[unconnected_items]: Missing connection between items
    Local override; error
    @(23.3000 mm, 20.5500 mm): Pad 2 [+3V0] of SW3 on F.Cu
    @(23.3000 mm, 16.4500 mm): Pad 2 [+3V0] of SW3 on F.Cu
[unconnected_items]: Missing connection between items
    Local override; error
    @(14.5000 mm, 18.4800 mm): Pad 1 [BOOT2] of C24 on F.Cu
    @(20.0000 mm, 20.3000 mm): Pad 17 [BOOT2] of U2 on F.Cu
[unconnected_items]: Missing connection between items
    Local override; error
    @(8.0000 mm, 12.4800 mm): Pad 1 [X32K_2] of C13 on F.Cu
    @(5.7500 mm, 14.5000 mm): Pad 2 [X32K_2] of Y2 on F.Cu
[unconnected_items]: Missing connection between items
    Local override; error
    @(9.0625 mm, 12.2500 mm): Pad 4 [X32K_2] of U1 on F.Cu
    @(8.0000 mm, 12.4800 mm): Pad 1 [X32K_2] of C13 on F.Cu
[unconnected_items]: Missing connection between items
    Local override; error
    @(4.5000 mm, 14.9800 mm): Pad 1 [X32K_1] of C12 on F.Cu
    @(8.2500 mm, 14.5000 mm): Pad 1 [X32K_1] of Y2 on F.Cu
[unconnected_items]: Missing connection between items
    Local override; error
    @(8.2500 mm, 14.5000 mm): Pad 1 [X32K_1] of Y2 on F.Cu
    @(9.0625 mm, 11.7500 mm): Pad 3 [X32K_1] of U1 on F.Cu
[unconnected_items]: Missing connection between items
    Local override; error
    @(3.3500 mm, 11.0000 mm): Pad 1 [DRV_REG] of U6 on F.Cu
    @(3.5000 mm, 12.4800 mm): Pad 1 [DRV_REG] of C36 on F.Cu
[unconnected_items]: Missing connection between items
    Local override; error
    @(6.7375 mm, 8.7500 mm): Pad 1 [SCL] of U5 on F.Cu
    @(3.3500 mm, 11.5000 mm): Pad 2 [SCL] of U6 on F.Cu
[unconnected_items]: Missing connection between items
    Local override; error
    @(8.9750 mm, 7.1350 mm): Pad 6 [SCL] of U7 on F.Cu
    @(6.7375 mm, 8.7500 mm): Pad 1 [SCL] of U5 on F.Cu
[unconnected_items]: Missing connection between items
    Local override; error
    @(9.0625 mm, 15.7500 mm): Pad 11 [SCL] of U1 on F.Cu
    @(11.5000 mm, 12.0100 mm): Pad 1 [SCL] of R14 on F.Cu
[unconnected_items]: Missing connection between items
    Local override; error
    @(11.5000 mm, 12.0100 mm): Pad 1 [SCL] of R14 on F.Cu
    @(8.9750 mm, 7.1350 mm): Pad 6 [SCL] of U7 on F.Cu
[unconnected_items]: Missing connection between items
    Local override; error
    @(3.3500 mm, 12.0000 mm): Pad 3 [SDA] of U6 on F.Cu
    @(6.5000 mm, 12.0100 mm): Pad 1 [SDA] of R13 on F.Cu
[unconnected_items]: Missing connection between items
    Local override; error
    @(6.7375 mm, 10.2500 mm): Pad 4 [SDA] of U5 on F.Cu
    @(6.5000 mm, 12.0100 mm): Pad 1 [SDA] of R13 on F.Cu
[unconnected_items]: Missing connection between items
    Local override; error
    @(8.9750 mm, 8.4050 mm): Pad 5 [SDA] of U7 on F.Cu
    @(6.7375 mm, 10.2500 mm): Pad 4 [SDA] of U5 on F.Cu
[unconnected_items]: Missing connection between items
    Local override; error
    @(9.0625 mm, 15.2500 mm): Pad 10 [SDA] of U1 on F.Cu
    @(6.5000 mm, 12.0100 mm): Pad 1 [SDA] of R13 on F.Cu
[unconnected_items]: Missing connection between items
    Local override; error
    @(3.3500 mm, 13.0000 mm): Pad 5 [HAPTIC_EN] of U6 on F.Cu
    @(15.2500 mm, 10.0625 mm): Pad 37 [HAPTIC_EN] of U1 on F.Cu
[unconnected_items]: Missing connection between items
    Local override; error
    @(2.5000 mm, 20.0000 mm): Pad 1 [MOT_N] of TP14 on F.Cu
    @(7.6500 mm, 11.5000 mm): Pad 9 [MOT_N] of U6 on F.Cu
[unconnected_items]: Missing connection between items
    Local override; error
    @(21.0000 mm, 25.0100 mm): Pad 1 [TS] of R8 on F.Cu
    @(21.7000 mm, 22.0000 mm): Pad 13 [TS] of U2 on F.Cu
[unconnected_items]: Missing connection between items
    Local override; error
    @(15.9375 mm, 12.7500 mm): Pad 32 [BUZZER] of U1 on F.Cu
    @(18.5000 mm, 18.0100 mm): Pad 1 [BUZZER] of R3 on F.Cu
[unconnected_items]: Missing connection between items
    Local override; error
    @(21.7000 mm, 16.4500 mm): Pad 1 [BTN_3] of SW3 on F.Cu
    @(14.2500 mm, 10.0625 mm): Pad 39 [BTN_3] of U1 on F.Cu
[unconnected_items]: Missing connection between items
    Local override; error
    @(21.7000 mm, 20.5500 mm): Pad 1 [BTN_3] of SW3 on F.Cu
    @(21.7000 mm, 16.4500 mm): Pad 1 [BTN_3] of SW3 on F.Cu
[unconnected_items]: Missing connection between items
    Local override; error
    @(14.5000 mm, 25.5000 mm): Pad 1 [SWD_TCK] of TP5 on F.Cu
    @(15.9375 mm, 16.2500 mm): Pad 25 [SWD_TCK] of U1 on F.Cu
[unconnected_items]: Missing connection between items
    Local override; error
    @(15.9375 mm, 12.2500 mm): Pad 33 [DCDC_SW] of U1 on F.Cu
    @(16.4375 mm, 14.5000 mm): Pad 1 [DCDC_SW] of L2 on F.Cu
[unconnected_items]: Missing connection between items
    Local override; error
    @(11.2500 mm, 10.0625 mm): Pad 45 [VDDR] of U1 on F.Cu
    @(9.7500 mm, 10.0625 mm): Pad 48 [VDDR] of U1 on F.Cu
[unconnected_items]: Missing connection between items
    Local override; error
    @(17.0000 mm, 14.7750 mm): Pad 1 [VDDR] of C7 on F.Cu
    @(18.5625 mm, 14.5000 mm): Pad 2 [VDDR] of L2 on F.Cu
[unconnected_items]: Missing connection between items
    Local override; error
    @(17.5000 mm, 12.9800 mm): Pad 1 [VDDR] of C8 on F.Cu
    @(18.5625 mm, 14.5000 mm): Pad 2 [VDDR] of L2 on F.Cu
[unconnected_items]: Missing connection between items
    Local override; error
    @(17.5000 mm, 12.9800 mm): Pad 1 [VDDR] of C8 on F.Cu
    @(19.0000 mm, 11.4800 mm): Pad 1 [VDDR] of C9 on F.Cu
[unconnected_items]: Missing connection between items
    Local override; error
    @(17.5000 mm, 12.9800 mm): Pad 1 [VDDR] of C8 on F.Cu
    @(11.2500 mm, 10.0625 mm): Pad 45 [VDDR] of U1 on F.Cu
[unconnected_items]: Missing connection between items
    Local override; error
    @(13.0000 mm, 18.4800 mm): Pad 1 [BOOT1] of C23 on F.Cu
    @(17.3000 mm, 22.0000 mm): Pad 3 [BOOT1] of U2 on F.Cu
[unconnected_items]: Missing connection between items
    Local override; error
    @(13.0000 mm, 24.6800 mm): Pad 1 [COMM1] of C27 on F.Cu
    @(18.5000 mm, 23.7000 mm): Pad 6 [COMM1] of U2 on F.Cu
[unconnected_items]: Missing connection between items
    Local override; error
    @(15.9375 mm, 13.2500 mm): Pad 31 [CHG_DET] of U1 on F.Cu
    @(16.5000 mm, 17.0100 mm): Pad 1 [CHG_DET] of R9 on F.Cu
[unconnected_items]: Missing connection between items
    Local override; error
    @(16.5000 mm, 17.0100 mm): Pad 1 [CHG_DET] of R9 on F.Cu
    @(19.0000 mm, 23.7000 mm): Pad 7 [CHG_DET] of U2 on F.Cu
[unconnected_items]: Missing connection between items
    Local override; error
    @(19.5000 mm, 25.0100 mm): Pad 1 [TERM] of R7 on F.Cu
    @(20.5000 mm, 23.7000 mm): Pad 10 [TERM] of U2 on F.Cu
[unconnected_items]: Missing connection between items
    Local override; error
    @(21.5000 mm, 23.0100 mm): Pad 1 [ILIM] of R5 on F.Cu
    @(21.7000 mm, 22.5000 mm): Pad 12 [ILIM] of U2 on F.Cu
[unconnected_items]: Missing connection between items
    Local override; error
    @(21.5000 mm, 21.9900 mm): Pad 2 [FOD_TAP] of R5 on F.Cu
    @(23.0000 mm, 23.0100 mm): Pad 1 [FOD_TAP] of R6 on F.Cu
[unconnected_items]: Missing connection between items
    Local override; error
    @(21.7000 mm, 21.5000 mm): Pad 14 [FOD_TAP] of U2 on F.Cu
    @(21.5000 mm, 21.9900 mm): Pad 2 [FOD_TAP] of R5 on F.Cu
[unconnected_items]: Missing connection between items
    Local override; error
    @(14.5000 mm, 24.6800 mm): Pad 1 [COMM2] of C28 on F.Cu
    @(21.7000 mm, 21.0000 mm): Pad 15 [COMM2] of U2 on F.Cu
[unconnected_items]: Missing connection between items
    Local override; error
    @(14.8500 mm, 10.5250 mm): Pad 1 [FET_D] of Q1 on F.Cu
    @(19.1500 mm, 10.5250 mm): Pad 8 [FET_D] of Q1 on F.Cu
[unconnected_items]: Missing connection between items
    Local override; error
    @(14.8500 mm, 12.4750 mm): Pad 4 [PROT_OD] of Q1 on F.Cu
    @(21.3625 mm, 11.5500 mm): Pad 1 [PROT_OD] of U3 on F.Cu
[unconnected_items]: Missing connection between items
    Local override; error
    @(19.1500 mm, 12.4750 mm): Pad 5 [PROT_OC] of Q1 on F.Cu
    @(21.3625 mm, 13.4500 mm): Pad 3 [PROT_OC] of U3 on F.Cu
[unconnected_items]: Missing connection between items
    Local override; error
    @(15.9375 mm, 11.2500 mm): Pad 35 [nRESET] of U1 on F.Cu
    @(18.0000 mm, 15.9800 mm): Pad 1 [nRESET] of C11 on F.Cu
[unconnected_items]: Missing connection between items
    Local override; error
    @(18.0000 mm, 15.9800 mm): Pad 1 [nRESET] of C11 on F.Cu
    @(19.5000 mm, 16.0100 mm): Pad 1 [nRESET] of R1 on F.Cu
[unconnected_items]: Missing connection between items
    Local override; error
    @(18.0000 mm, 15.9800 mm): Pad 1 [nRESET] of C11 on F.Cu
    @(9.5000 mm, 25.5000 mm): Pad 1 [nRESET] of TP3 on F.Cu
[unconnected_items]: Missing connection between items
    Local override; error
    @(12.0000 mm, 25.5000 mm): Pad 1 [SWD_TMS] of TP4 on F.Cu
    @(15.2500 mm, 16.9375 mm): Pad 24 [SWD_TMS] of U1 on F.Cu
[unconnected_items]: Missing connection between items
    Local override; error
    @(3.3000 mm, 8.9500 mm): Pad 1 [BTN_1] of SW1 on F.Cu
    @(3.3000 mm, 13.0500 mm): Pad 1 [BTN_1] of SW1 on F.Cu
[unconnected_items]: Missing connection between items
    Local override; error
    @(3.3000 mm, 13.0500 mm): Pad 1 [BTN_1] of SW1 on F.Cu
    @(13.7500 mm, 16.9375 mm): Pad 21 [BTN_1] of U1 on F.Cu
[unconnected_items]: Missing connection between items
    Local override; error
    @(7.7500 mm, 8.7375 mm): Pad 11 [ACC_INT2] of U5 on F.Cu
    @(10.2500 mm, 16.9375 mm): Pad 14 [ACC_INT2] of U1 on F.Cu
[unconnected_items]: Missing connection between items
    Local override; error
    @(7.2500 mm, 8.7375 mm): Pad 12 [ACC_INT1] of U5 on F.Cu
    @(9.0625 mm, 16.2500 mm): Pad 12 [ACC_INT1] of U1 on F.Cu
[unconnected_items]: Missing connection between items
    Local override; error
    @(9.0625 mm, 13.7500 mm): Pad 7 [UART_RX] of U1 on F.Cu
    @(19.5000 mm, 25.5000 mm): Pad 1 [UART_RX] of TP7 on F.Cu
[unconnected_items]: Missing connection between items
    Local override; error
    @(10.7500 mm, 16.9375 mm): Pad 15 [LCD_MOSI] of U1 on F.Cu
    @(14.2500 mm, 6.8500 mm): Pad 2 [LCD_MOSI] of J1 on F.Cu
[unconnected_items]: Missing connection between items
    Local override; error
    @(11.2500 mm, 16.9375 mm): Pad 16 [LCD_SCLK] of U1 on F.Cu
    @(14.7500 mm, 6.8500 mm): Pad 1 [LCD_SCLK] of J1 on F.Cu
[unconnected_items]: Missing connection between items
    Local override; error
    @(11.7500 mm, 16.9375 mm): Pad 17 [LCD_CS] of U1 on F.Cu
    @(13.7500 mm, 6.8500 mm): Pad 3 [LCD_CS] of J1 on F.Cu
[unconnected_items]: Missing connection between items
    Local override; error
    @(12.2500 mm, 16.9375 mm): Pad 18 [LCD_DISP] of U1 on F.Cu
    @(12.7500 mm, 6.8500 mm): Pad 5 [LCD_DISP] of J1 on F.Cu
[unconnected_items]: Missing connection between items
    Local override; error
    @(12.7500 mm, 16.9375 mm): Pad 19 [LCD_EXTCOMIN] of U1 on F.Cu
    @(13.2500 mm, 6.8500 mm): Pad 4 [LCD_EXTCOMIN] of J1 on F.Cu
[unconnected_items]: Missing connection between items
    Local override; error
    @(8.9750 mm, 5.8650 mm): Pad 7 [NFC_GPO] of U7 on F.Cu
    @(13.2500 mm, 16.9375 mm): Pad 20 [NFC_GPO] of U1 on F.Cu
[unconnected_items]: Missing connection between items
    Local override; error
    @(11.0000 mm, 5.0100 mm): Pad 1 [NFC_GPO] of R12 on F.Cu
    @(8.9750 mm, 5.8650 mm): Pad 7 [NFC_GPO] of U7 on F.Cu
[unconnected_items]: Missing connection between items
    Local override; error
    @(14.7500 mm, 16.9375 mm): Pad 23 [DCOUPL] of U1 on F.Cu
    @(16.5000 mm, 8.9800 mm): Pad 1 [DCOUPL] of C10 on F.Cu
[unconnected_items]: Missing connection between items
    Local override; error
    @(14.7500 mm, 10.0625 mm): Pad 38 [BTN_2] of U1 on F.Cu
    @(21.7000 mm, 9.5500 mm): Pad 1 [BTN_2] of SW2 on F.Cu
[unconnected_items]: Missing connection between items
    Local override; error
    @(21.7000 mm, 9.5500 mm): Pad 1 [BTN_2] of SW2 on F.Cu
    @(21.7000 mm, 5.4500 mm): Pad 1 [BTN_2] of SW2 on F.Cu
[unconnected_items]: Missing connection between items
    Local override; error
    @(9.5000 mm, 18.9500 mm): Pad 1 [X48M_N] of Y1 on F.Cu
    @(10.7500 mm, 10.0625 mm): Pad 46 [X48M_N] of U1 on F.Cu
[unconnected_items]: Missing connection between items
    Local override; error
    @(10.2500 mm, 10.0625 mm): Pad 47 [X48M_P] of U1 on F.Cu
    @(11.5000 mm, 18.0500 mm): Pad 3 [X48M_P] of Y1 on F.Cu

** Found 0 Footprint errors **

** Ignored checks **
    - Footprint has no courtyard defined
    - Track endpoint not centered on via
    - Tuning profile track geometries
    - Footprint doesn't match symbol's footprint filters
    - Footprint component type doesn't match footprint pads

** End of Report **
